Using pre-set license
Built from '6000.0/staging' branch; Version is '6000.0.36f1 (9fe3b5f71dbb) revision 10478517'; Using compiler version '193933523'; Build Type 'Release'
OS: 'Windows 10  (10.0.19045) 64bit Professional' Language: 'ru' Physical Memory: 16265 MB
BatchMode: 1, IsHumanControllingUs: 0, StartBugReporterOnCrash: 0, Is64bit: 1, IsPro: 1

COMMAND LINE ARGUMENTS:
Z:\UNITY\Editor\6000.0.36f1\Editor\Unity.exe
-adb2
-batchMode
-noUpm
-name
AssetImportWorker1
-projectPath
Z:/UNITY/Projects/VR-RACING-2025/VR Racing 2025
-logFile
Logs/AssetImportWorker1.log
-srvPort
57815
-job-worker-count
5
-background-job-worker-count
8
-gc-helper-count
1
Successfully changed project path to: Z:/UNITY/Projects/VR-RACING-2025/VR Racing 2025
Z:/UNITY/Projects/VR-RACING-2025/VR Racing 2025
[UnityMemory] Configuration Parameters - Can be set up in boot.config
    "memorysetup-bucket-allocator-granularity=16"
    "memorysetup-bucket-allocator-bucket-count=8"
    "memorysetup-bucket-allocator-block-size=33554432"
    "memorysetup-bucket-allocator-block-count=8"
    "memorysetup-main-allocator-block-size=16777216"
    "memorysetup-thread-allocator-block-size=16777216"
    "memorysetup-gfx-main-allocator-block-size=16777216"
    "memorysetup-gfx-thread-allocator-block-size=16777216"
    "memorysetup-cache-allocator-block-size=4194304"
    "memorysetup-typetree-allocator-block-size=2097152"
    "memorysetup-profiler-bucket-allocator-granularity=16"
    "memorysetup-profiler-bucket-allocator-bucket-count=8"
    "memorysetup-profiler-bucket-allocator-block-size=33554432"
    "memorysetup-profiler-bucket-allocator-block-count=8"
    "memorysetup-profiler-allocator-block-size=16777216"
    "memorysetup-profiler-editor-allocator-block-size=1048576"
    "memorysetup-temp-allocator-size-main=16777216"
    "memorysetup-job-temp-allocator-block-size=2097152"
    "memorysetup-job-temp-allocator-block-size-background=1048576"
    "memorysetup-job-temp-allocator-reduction-small-platforms=262144"
    "memorysetup-allocator-temp-initial-block-size-main=262144"
    "memorysetup-allocator-temp-initial-block-size-worker=262144"
    "memorysetup-temp-allocator-size-background-worker=32768"
    "memorysetup-temp-allocator-size-job-worker=262144"
    "memorysetup-temp-allocator-size-preload-manager=33554432"
    "memorysetup-temp-allocator-size-nav-mesh-worker=65536"
    "memorysetup-temp-allocator-size-audio-worker=65536"
    "memorysetup-temp-allocator-size-cloud-worker=32768"
    "memorysetup-temp-allocator-size-gi-baking-worker=262144"
    "memorysetup-temp-allocator-size-gi-baking-worker=262144"
    "memorysetup-temp-allocator-size-gi-baking-worker=262144"
    "memorysetup-temp-allocator-size-gi-baking-worker=262144"
    "memorysetup-temp-allocator-size-gi-baking-worker=262144"
    "memorysetup-temp-allocator-size-gfx=262144"
Player connection [15252]  Target information:

Player connection [15252]  * "[IP] 192.168.178.53 [Port] 0 [Flags] 2 [Guid] 3887678130 [EditorId] 3887678130 [Version] 1048832 [Id] WindowsEditor(7,DESKTOP-VKT7RGT) [Debug] 1 [PackageName] WindowsEditor [ProjectName] Editor" 

Player connection [15252] Host joined multi-casting on [225.0.0.222:54997]...
Player connection [15252] Host joined alternative multi-casting on [225.0.0.222:34997]...
JobSystem: Creating JobQueue using job-worker-count value 5
Input System module state changed to: Initialized.
[Physics::Module] Initialized fallback backend.
[Physics::Module] Id: 0xdecafbad
Library Redirect Path: Library/
[Physics::Module] Selected backend.
[Physics::Module] Name: PhysX
[Physics::Module] Id: 0xf2b8ea05
[Physics::Module] SDK Version: 4.1.2
[Physics::Module] Integration Version: 1.0.0
[Physics::Module] Threading Mode: Multi-Threaded
Refreshing native plugins compatible for Editor in 13.02 ms, found 12 plugins.
Preloading 0 native plugins for Editor in 0.00 ms.
Initialize engine version: 6000.0.36f1 (9fe3b5f71dbb)
[Subsystems] Discovering subsystems at path Z:/UNITY/Editor/6000.0.36f1/Editor/Data/Resources/UnitySubsystems
[Subsystems] Discovering subsystems at path Z:/UNITY/Projects/VR-RACING-2025/VR Racing 2025/Assets
GfxDevice: creating device client; kGfxThreadingModeNonThreaded
Direct3D:
    Version:  Direct3D 11.0 [level 11.1]
    Renderer: NVIDIA GeForce RTX 3070 (ID=0x2488)
    Vendor:   NVIDIA
    VRAM:     8018 MB
    Driver:   32.0.15.8157
Initialize mono
Mono path[0] = 'Z:/UNITY/Editor/6000.0.36f1/Editor/Data/Managed'
Mono path[1] = 'Z:/UNITY/Editor/6000.0.36f1/Editor/Data/MonoBleedingEdge/lib/mono/unityjit-win32'
Mono config path = 'Z:/UNITY/Editor/6000.0.36f1/Editor/Data/MonoBleedingEdge/etc'
Using monoOptions --debugger-agent=transport=dt_socket,embedding=1,server=y,suspend=n,address=127.0.0.1:56080
Begin MonoManager ReloadAssembly
Registering precompiled unity dll's ...
Register platform support module: Z:/UNITY/Editor/6000.0.36f1/Editor/Data/PlaybackEngines/WindowsStandaloneSupport/UnityEditor.WindowsStandalone.Extensions.dll
Register platform support module: Z:/UNITY/Editor/6000.0.36f1/Editor/Data/PlaybackEngines/MetroSupport/UnityEditor.UWP.Extensions.dll
Register platform support module: Z:/UNITY/Editor/6000.0.36f1/Editor/Data/PlaybackEngines/AndroidPlayer/UnityEditor.Android.Extensions.dll
Registered in 0.003668 seconds.
- Loaded All Assemblies, in  0.347 seconds
Native extension for Android target not found
Android Extension - Scanning For ADB Devices 195 ms
Native extension for UWP target not found
Native extension for WindowsStandalone target not found
Mono: successfully reloaded assembly
- Finished resetting the current domain, in  0.507 seconds
Domain Reload Profiling: 853ms
	BeginReloadAssembly (130ms)
		ExecutionOrderSort (0ms)
		DisableScriptedObjects (0ms)
		BackupInstance (0ms)
		ReleaseScriptingObjects (0ms)
		CreateAndSetChildDomain (1ms)
	RebuildCommonClasses (34ms)
	RebuildNativeTypeToScriptingClass (9ms)
	initialDomainReloadingComplete (39ms)
	LoadAllAssembliesAndSetupDomain (134ms)
		LoadAssemblies (130ms)
		RebuildTransferFunctionScriptingTraits (0ms)
		AnalyzeDomain (131ms)
			TypeCache.Refresh (129ms)
				TypeCache.ScanAssembly (118ms)
			BuildScriptInfoCaches (0ms)
			ResolveRequiredComponents (1ms)
	FinalizeReload (507ms)
		ReleaseScriptCaches (0ms)
		RebuildScriptCaches (0ms)
		SetupLoadedEditorAssemblies (460ms)
			LogAssemblyErrors (0ms)
			InitializePlatformSupportModulesInManaged (268ms)
			SetLoadedEditorAssemblies (3ms)
			BeforeProcessingInitializeOnLoad (44ms)
			ProcessInitializeOnLoadAttributes (96ms)
			ProcessInitializeOnLoadMethodAttributes (49ms)
			AfterProcessingInitializeOnLoad (0ms)
			EditorAssembliesLoaded (0ms)
		ExecutionOrderSort2 (0ms)
		AwakeInstancesAfterBackupRestoration (0ms)
========================================================================
Worker process is ready to serve import requests
Import Worker Mode flag is 0x00
Begin MonoManager ReloadAssembly
- Loaded All Assemblies, in  0.765 seconds
Refreshing native plugins compatible for Editor in 45.62 ms, found 12 plugins.
Native extension for Android target not found
Native extension for UWP target not found
Native extension for WindowsStandalone target not found
Package Manager log level set to [2]
[Package Manager] Failed to launch server process. Reason: Unity was launched with the -noUpm command-line argument
[Package Manager] Unable to send message (not connected to server process).
[Package Manager] Cannot connect to Unity Package Manager local server
[Package Manager] Failed to launch server process. Reason: Unity was launched with the -noUpm command-line argument
[Package Manager] Unable to send message (not connected to server process).
[Package Manager] Cannot connect to Unity Package Manager local server
Missing types referenced from component UniversalRenderPipelineGlobalSettings on game object UniversalRenderPipelineGlobalSettings:
	UnityEngine.Rendering.Universal.ScreenSpaceAmbientOcclusionDynamicResources, Unity.RenderPipelines.Universal.Runtime (1 object)
	UnityEngine.Rendering.Universal.ScreenSpaceAmbientOcclusionPersistentResources, Unity.RenderPipelines.Universal.Runtime (1 object)
Mono: successfully reloaded assembly
[Package Manager] Failed to launch server process. Reason: Unity was launched with the -noUpm command-line argument
[Package Manager] Unable to send message (not connected to server process).
[Package Manager] Cannot connect to Unity Package Manager local server
[Package Manager] Failed to launch server process. Reason: Unity was launched with the -noUpm command-line argument
[Package Manager] Unable to send message (not connected to server process).
[Package Manager] Cannot connect to Unity Package Manager local server
- Finished resetting the current domain, in  9.758 seconds
Domain Reload Profiling: 10522ms
	BeginReloadAssembly (166ms)
		ExecutionOrderSort (0ms)
		DisableScriptedObjects (5ms)
		BackupInstance (0ms)
		ReleaseScriptingObjects (0ms)
		CreateAndSetChildDomain (29ms)
	RebuildCommonClasses (29ms)
	RebuildNativeTypeToScriptingClass (9ms)
	initialDomainReloadingComplete (40ms)
	LoadAllAssembliesAndSetupDomain (520ms)
		LoadAssemblies (391ms)
		RebuildTransferFunctionScriptingTraits (0ms)
		AnalyzeDomain (235ms)
			TypeCache.Refresh (164ms)
				TypeCache.ScanAssembly (150ms)
			BuildScriptInfoCaches (56ms)
			ResolveRequiredComponents (12ms)
	FinalizeReload (9758ms)
		ReleaseScriptCaches (0ms)
		RebuildScriptCaches (0ms)
		SetupLoadedEditorAssemblies (1676ms)
			LogAssemblyErrors (0ms)
			InitializePlatformSupportModulesInManaged (25ms)
			SetLoadedEditorAssemblies (9ms)
			BeforeProcessingInitializeOnLoad (457ms)
			ProcessInitializeOnLoadAttributes (938ms)
			ProcessInitializeOnLoadMethodAttributes (244ms)
			AfterProcessingInitializeOnLoad (2ms)
			EditorAssembliesLoaded (0ms)
		ExecutionOrderSort2 (0ms)
		AwakeInstancesAfterBackupRestoration (5ms)
Launched and connected shader compiler UnityShaderCompiler.exe after 0.01 seconds
Refreshing native plugins compatible for Editor in 14.17 ms, found 12 plugins.
Preloading 0 native plugins for Editor in 0.00 ms.
Unloading 275 Unused Serialized files (Serialized files now loaded: 0)
Unloading 7112 unused Assets / (6.8 MB). Loaded Objects now: 7968.
Memory consumption went from 184.1 MB to 177.3 MB.
Total: 15.564900 ms (FindLiveObjects: 1.643200 ms CreateObjectMapping: 1.127900 ms MarkObjects: 7.569500 ms  DeleteObjects: 5.223100 ms)

========================================================================
Received Import Request.
  Time since last request: 114443.934685 seconds.
  path: Assets/GameScenes
  artifactKey: Guid(9c53962885c2c4f449125a979d6ad240) Importer(815301076,1909f56bfc062723c751e8b465ee728b)
Start importing Assets/GameScenes using Guid(9c53962885c2c4f449125a979d6ad240) Importer(815301076,1909f56bfc062723c751e8b465ee728b) (PreviewImporter) -> (artifact id: 'de546aa1e358700ab685068644b0fffd') in 0.0082096 seconds
Number of updated asset objects reloaded before import = 0Number of asset objects unloaded after import = 0

========================================================================
Received Import Request.
  Time since last request: 0.000016 seconds.
  path: Assets/GameScenes/MainMenu.unity
  artifactKey: Guid(0be5752e75cdf7349b855beffc56f45c) Importer(815301076,1909f56bfc062723c751e8b465ee728b)
Start importing Assets/GameScenes/MainMenu.unity using Guid(0be5752e75cdf7349b855beffc56f45c) Importer(815301076,1909f56bfc062723c751e8b465ee728b) (PreviewImporter) -> (artifact id: 'ec113e96748408b80334c0bfe816d579') in 0.000652 seconds
Number of updated asset objects reloaded before import = 0Number of asset objects unloaded after import = 0

========================================================================
Received Prepare
Refreshing native plugins compatible for Editor in 8.96 ms, found 12 plugins.
Preloading 0 native plugins for Editor in 0.00 ms.
Unloading 26 Unused Serialized files (Serialized files now loaded: 0)
Unloading 7144 unused Assets / (6.5 MB). Loaded Objects now: 8055.
Memory consumption went from 141.5 MB to 135.0 MB.
Total: 10.278900 ms (FindLiveObjects: 0.740700 ms CreateObjectMapping: 1.037700 ms MarkObjects: 5.036700 ms  DeleteObjects: 3.463100 ms)

Prepare: number of updated asset objects reloaded= 1
========================================================================
Received Prepare
Folder 'Packages/com.unity.cinemachine/Editor/' contains multiple assembly definition files (Packages/com.unity.cinemachine/Editor/Unity.Cinemachine.Editor.asmdef)
Folder 'Packages/com.unity.cinemachine/Editor/' contains multiple assembly definition files (Packages/com.unity.cinemachine/Editor/com.unity.cinemachine.Editor.asmdef)
Folder 'Packages/com.unity.cinemachine/Runtime/' contains multiple assembly definition files (Packages/com.unity.cinemachine/Runtime/com.unity.cinemachine.asmdef)
Folder 'Packages/com.unity.cinemachine/Runtime/' contains multiple assembly definition files (Packages/com.unity.cinemachine/Runtime/Unity.Cinemachine.asmdef)
ArgumentException: An item with the same key has already been added. Key: ba8c092d026123a418fb4bfb797a7bd8
  at System.Collections.Generic.Dictionary`2[TKey,TValue].TryInsert (TKey key, TValue value, System.Collections.Generic.InsertionBehavior behavior) [0x0015a] in <eb0ef51e5908461ca908fdf6b2dbd966>:0 
  at System.Collections.Generic.Dictionary`2[TKey,TValue].Add (TKey key, TValue value) [0x00000] in <eb0ef51e5908461ca908fdf6b2dbd966>:0 
  at System.Linq.Enumerable.ToDictionary[TSource,TKey,TElement] (TSource[] source, System.Func`2[T,TResult] keySelector, System.Func`2[T,TResult] elementSelector, System.Collections.Generic.IEqualityComparer`1[T] comparer) [0x00029] in <41d1bd92f95542f4aa33290b7e44d57e>:0 
  at System.Linq.Enumerable.ToDictionary[TSource,TKey,TElement] (System.Collections.Generic.IEnumerable`1[T] source, System.Func`2[T,TResult] keySelector, System.Func`2[T,TResult] elementSelector, System.Collections.Generic.IEqualityComparer`1[T] comparer) [0x00051] in <41d1bd92f95542f4aa33290b7e44d57e>:0 
  at System.Linq.Enumerable.ToDictionary[TSource,TKey,TElement] (System.Collections.Generic.IEnumerable`1[T] source, System.Func`2[T,TResult] keySelector, System.Func`2[T,TResult] elementSelector) [0x00000] in <41d1bd92f95542f4aa33290b7e44d57e>:0 
  at UnityEditor.Scripting.ScriptCompilation.AssemblyGraphBuilder.Initialize (System.Collections.Generic.IReadOnlyCollection`1[T] assemblies, System.Collections.Generic.IReadOnlyCollection`1[T] customScriptAssemblyReferences) [0x00046] in <383b67993756435b8920080a9ba43b70>:0 
  at UnityEditor.Scripting.ScriptCompilation.AssemblyGraphBuilderFactory.GetOrCreate (System.String projectPath, System.Collections.Generic.IReadOnlyCollection`1[T] assemblies, System.Collections.Generic.IReadOnlyCollection`1[T] customScriptAssemblyReferences) [0x00038] in <383b67993756435b8920080a9ba43b70>:0 
  at UnityEditor.Scripting.ScriptCompilation.EditorCompilation.GetAssemblyGraphBuilder () [0x00027] in <383b67993756435b8920080a9ba43b70>:0 
  at UnityEditor.Scripting.ScriptCompilation.EditorCompilation.SetAllScripts (System.String[] allScripts) [0x0000d] in <383b67993756435b8920080a9ba43b70>:0 
  at UnityEditor.Scripting.ScriptCompilation.EditorCompilationInterface.SetAllScripts (System.String[] allScripts) [0x00006] in <383b67993756435b8920080a9ba43b70>:0 

Folder 'Packages/com.unity.cinemachine/Editor/' contains multiple assembly definition files (Packages/com.unity.cinemachine/Editor/Unity.Cinemachine.Editor.asmdef)
Folder 'Packages/com.unity.cinemachine/Editor/' contains multiple assembly definition files (Packages/com.unity.cinemachine/Editor/com.unity.cinemachine.Editor.asmdef)
Folder 'Packages/com.unity.cinemachine/Runtime/' contains multiple assembly definition files (Packages/com.unity.cinemachine/Runtime/com.unity.cinemachine.asmdef)
Folder 'Packages/com.unity.cinemachine/Runtime/' contains multiple assembly definition files (Packages/com.unity.cinemachine/Runtime/Unity.Cinemachine.asmdef)
ArgumentException: An item with the same key has already been added. Key: ba8c092d026123a418fb4bfb797a7bd8
  at System.Collections.Generic.Dictionary`2[TKey,TValue].TryInsert (TKey key, TValue value, System.Collections.Generic.InsertionBehavior behavior) [0x0015a] in <eb0ef51e5908461ca908fdf6b2dbd966>:0 
  at System.Collections.Generic.Dictionary`2[TKey,TValue].Add (TKey key, TValue value) [0x00000] in <eb0ef51e5908461ca908fdf6b2dbd966>:0 
  at System.Linq.Enumerable.ToDictionary[TSource,TKey,TElement] (TSource[] source, System.Func`2[T,TResult] keySelector, System.Func`2[T,TResult] elementSelector, System.Collections.Generic.IEqualityComparer`1[T] comparer) [0x00029] in <41d1bd92f95542f4aa33290b7e44d57e>:0 
  at System.Linq.Enumerable.ToDictionary[TSource,TKey,TElement] (System.Collections.Generic.IEnumerable`1[T] source, System.Func`2[T,TResult] keySelector, System.Func`2[T,TResult] elementSelector, System.Collections.Generic.IEqualityComparer`1[T] comparer) [0x00051] in <41d1bd92f95542f4aa33290b7e44d57e>:0 
  at System.Linq.Enumerable.ToDictionary[TSource,TKey,TElement] (System.Collections.Generic.IEnumerable`1[T] source, System.Func`2[T,TResult] keySelector, System.Func`2[T,TResult] elementSelector) [0x00000] in <41d1bd92f95542f4aa33290b7e44d57e>:0 
  at UnityEditor.Scripting.ScriptCompilation.AssemblyGraphBuilder.Initialize (System.Collections.Generic.IReadOnlyCollection`1[T] assemblies, System.Collections.Generic.IReadOnlyCollection`1[T] customScriptAssemblyReferences) [0x00046] in <383b67993756435b8920080a9ba43b70>:0 
  at UnityEditor.Scripting.ScriptCompilation.AssemblyGraphBuilderFactory.GetOrCreate (System.String projectPath, System.Collections.Generic.IReadOnlyCollection`1[T] assemblies, System.Collections.Generic.IReadOnlyCollection`1[T] customScriptAssemblyReferences) [0x00038] in <383b67993756435b8920080a9ba43b70>:0 
  at UnityEditor.Scripting.ScriptCompilation.EditorCompilation.GetAssemblyGraphBuilder () [0x00027] in <383b67993756435b8920080a9ba43b70>:0 
  at UnityEditor.Scripting.ScriptCompilation.EditorCompilation.SetAllScripts (System.String[] allScripts) [0x0000d] in <383b67993756435b8920080a9ba43b70>:0 
  at UnityEditor.Scripting.ScriptCompilation.EditorCompilationInterface.SetAllScripts (System.String[] allScripts) [0x00006] in <383b67993756435b8920080a9ba43b70>:0 

Begin MonoManager ReloadAssembly
- Loaded All Assemblies, in  0.771 seconds
Folder 'Packages/com.unity.cinemachine/Editor/' contains multiple assembly definition files (Packages/com.unity.cinemachine/Editor/Unity.Cinemachine.Editor.asmdef)
Folder 'Packages/com.unity.cinemachine/Editor/' contains multiple assembly definition files (Packages/com.unity.cinemachine/Editor/com.unity.cinemachine.Editor.asmdef)
Folder 'Packages/com.unity.cinemachine/Runtime/' contains multiple assembly definition files (Packages/com.unity.cinemachine/Runtime/com.unity.cinemachine.asmdef)
Folder 'Packages/com.unity.cinemachine/Runtime/' contains multiple assembly definition files (Packages/com.unity.cinemachine/Runtime/Unity.Cinemachine.asmdef)
ArgumentException: An item with the same key has already been added. Key: ba8c092d026123a418fb4bfb797a7bd8
  at System.Collections.Generic.Dictionary`2[TKey,TValue].TryInsert (TKey key, TValue value, System.Collections.Generic.InsertionBehavior behavior) [0x0015a] in <eb0ef51e5908461ca908fdf6b2dbd966>:0 
  at System.Collections.Generic.Dictionary`2[TKey,TValue].Add (TKey key, TValue value) [0x00000] in <eb0ef51e5908461ca908fdf6b2dbd966>:0 
  at System.Linq.Enumerable.ToDictionary[TSource,TKey,TElement] (TSource[] source, System.Func`2[T,TResult] keySelector, System.Func`2[T,TResult] elementSelector, System.Collections.Generic.IEqualityComparer`1[T] comparer) [0x00029] in <41d1bd92f95542f4aa33290b7e44d57e>:0 
  at System.Linq.Enumerable.ToDictionary[TSource,TKey,TElement] (System.Collections.Generic.IEnumerable`1[T] source, System.Func`2[T,TResult] keySelector, System.Func`2[T,TResult] elementSelector, System.Collections.Generic.IEqualityComparer`1[T] comparer) [0x00051] in <41d1bd92f95542f4aa33290b7e44d57e>:0 
  at System.Linq.Enumerable.ToDictionary[TSource,TKey,TElement] (System.Collections.Generic.IEnumerable`1[T] source, System.Func`2[T,TResult] keySelector, System.Func`2[T,TResult] elementSelector) [0x00000] in <41d1bd92f95542f4aa33290b7e44d57e>:0 
  at UnityEditor.Scripting.ScriptCompilation.AssemblyGraphBuilder.Initialize (System.Collections.Generic.IReadOnlyCollection`1[T] assemblies, System.Collections.Generic.IReadOnlyCollection`1[T] customScriptAssemblyReferences) [0x00046] in <383b67993756435b8920080a9ba43b70>:0 
  at UnityEditor.Scripting.ScriptCompilation.AssemblyGraphBuilderFactory.GetOrCreate (System.String projectPath, System.Collections.Generic.IReadOnlyCollection`1[T] assemblies, System.Collections.Generic.IReadOnlyCollection`1[T] customScriptAssemblyReferences) [0x00038] in <383b67993756435b8920080a9ba43b70>:0 
  at UnityEditor.Scripting.ScriptCompilation.EditorCompilation.GetAssemblyGraphBuilder () [0x00027] in <383b67993756435b8920080a9ba43b70>:0 
  at UnityEditor.Scripting.ScriptCompilation.EditorCompilation.SetAllScripts (System.String[] allScripts) [0x0000d] in <383b67993756435b8920080a9ba43b70>:0 
  at UnityEditor.Scripting.ScriptCompilation.EditorCompilationInterface.SetAllScripts (System.String[] allScripts) [0x00006] in <383b67993756435b8920080a9ba43b70>:0 

'Packages/com.unity.cinemachine/Editor/Obsolete/CinemachineVirtualCameraBaseEditor.cs' contains partial class of Unity.Object, exactly 1 of the partial classes needs to be in a file with the same filename. This is to know the one that can be referenced from ie. GameObjects
'Packages/com.unity.cinemachine/Editor/Editors/CinemachineVirtualCameraBaseEditor.cs' contains partial class of Unity.Object, exactly 1 of the partial classes needs to be in a file with the same filename. This is to know the one that can be referenced from ie. GameObjects
Refreshing native plugins compatible for Editor in 8.77 ms, found 12 plugins.
Assertion failed on expression: 'pred(*previous, *i)'
Assertion failed on expression: 'pred(*previous, *i)'
Assertion failed on expression: 'pred(*previous, *i)'
Assertion failed on expression: 'pred(*previous, *i)'
Assertion failed on expression: 'pred(*previous, *i)'
Assertion failed on expression: 'pred(*previous, *i)'
Assertion failed on expression: 'pred(*previous, *i)'
Assertion failed on expression: 'pred(*previous, *i)'
Assertion failed on expression: 'pred(*previous, *i)'
Assertion failed on expression: 'pred(*previous, *i)'
Assertion failed on expression: 'pred(*previous, *i)'
Assertion failed on expression: 'pred(*previous, *i)'
Assertion failed on expression: 'pred(*previous, *i)'
Assertion failed on expression: 'pred(*previous, *i)'
Assertion failed on expression: 'pred(*previous, *i)'
Assertion failed on expression: 'pred(*previous, *i)'
Assertion failed on expression: 'pred(*previous, *i)'
Assertion failed on expression: 'pred(*previous, *i)'
Assertion failed on expression: 'pred(*previous, *i)'
Assertion failed on expression: 'pred(*previous, *i)'
Assertion failed on expression: 'pred(*previous, *i)'
Assertion failed on expression: 'pred(*previous, *i)'
Assertion failed on expression: 'pred(*previous, *i)'
Assertion failed on expression: 'pred(*previous, *i)'
Assertion failed on expression: 'pred(*previous, *i)'
Assertion failed on expression: 'pred(*previous, *i)'
Assertion failed on expression: 'pred(*previous, *i)'
Assertion failed on expression: 'pred(*previous, *i)'
Assertion failed on expression: 'pred(*previous, *i)'
Assertion failed on expression: 'pred(*previous, *i)'
Assertion failed on expression: 'pred(*previous, *i)'
Assertion failed on expression: 'pred(*previous, *i)'
Assertion failed on expression: 'pred(*previous, *i)'
Assertion failed on expression: 'pred(*previous, *i)'
Assertion failed on expression: 'pred(*previous, *i)'
Assertion failed on expression: 'pred(*previous, *i)'
Assertion failed on expression: 'pred(*previous, *i)'
Assertion failed on expression: 'pred(*previous, *i)'
Assertion failed on expression: 'pred(*previous, *i)'
Assertion failed on expression: 'pred(*previous, *i)'
Assertion failed on expression: 'pred(*previous, *i)'
Assertion failed on expression: 'pred(*previous, *i)'
Assertion failed on expression: 'pred(*previous, *i)'
Assertion failed on expression: 'pred(*previous, *i)'
Assertion failed on expression: 'pred(*previous, *i)'
Assertion failed on expression: 'pred(*previous, *i)'
Assertion failed on expression: 'pred(*previous, *i)'
Assertion failed on expression: 'pred(*previous, *i)'
Assertion failed on expression: 'pred(*previous, *i)'
Assertion failed on expression: 'pred(*previous, *i)'
Assertion failed on expression: 'pred(*previous, *i)'
Assertion failed on expression: 'pred(*previous, *i)'
Assertion failed on expression: 'pred(*previous, *i)'
Assertion failed on expression: 'pred(*previous, *i)'
Assertion failed on expression: 'pred(*previous, *i)'
Missing types referenced from component UniversalRenderPipelineGlobalSettings on game object UniversalRenderPipelineGlobalSettings:
	UnityEngine.Rendering.Universal.ScreenSpaceAmbientOcclusionDynamicResources, Unity.RenderPipelines.Universal.Runtime (1 object)
	UnityEngine.Rendering.Universal.ScreenSpaceAmbientOcclusionPersistentResources, Unity.RenderPipelines.Universal.Runtime (1 object)
Native extension for Android target not found
Native extension for UWP target not found
Native extension for WindowsStandalone target not found
Folder 'Packages/com.unity.cinemachine/Editor/' contains multiple assembly definition files (Packages/com.unity.cinemachine/Editor/Unity.Cinemachine.Editor.asmdef)
Folder 'Packages/com.unity.cinemachine/Editor/' contains multiple assembly definition files (Packages/com.unity.cinemachine/Editor/com.unity.cinemachine.Editor.asmdef)
Folder 'Packages/com.unity.cinemachine/Runtime/' contains multiple assembly definition files (Packages/com.unity.cinemachine/Runtime/com.unity.cinemachine.asmdef)
Folder 'Packages/com.unity.cinemachine/Runtime/' contains multiple assembly definition files (Packages/com.unity.cinemachine/Runtime/Unity.Cinemachine.asmdef)
ArgumentException: An item with the same key has already been added. Key: ba8c092d026123a418fb4bfb797a7bd8
  at System.Collections.Generic.Dictionary`2[TKey,TValue].TryInsert (TKey key, TValue value, System.Collections.Generic.InsertionBehavior behavior) [0x0015a] in <eb0ef51e5908461ca908fdf6b2dbd966>:0 
  at System.Collections.Generic.Dictionary`2[TKey,TValue].Add (TKey key, TValue value) [0x00000] in <eb0ef51e5908461ca908fdf6b2dbd966>:0 
  at System.Linq.Enumerable.ToDictionary[TSource,TKey,TElement] (TSource[] source, System.Func`2[T,TResult] keySelector, System.Func`2[T,TResult] elementSelector, System.Collections.Generic.IEqualityComparer`1[T] comparer) [0x00029] in <41d1bd92f95542f4aa33290b7e44d57e>:0 
  at System.Linq.Enumerable.ToDictionary[TSource,TKey,TElement] (System.Collections.Generic.IEnumerable`1[T] source, System.Func`2[T,TResult] keySelector, System.Func`2[T,TResult] elementSelector, System.Collections.Generic.IEqualityComparer`1[T] comparer) [0x00051] in <41d1bd92f95542f4aa33290b7e44d57e>:0 
  at System.Linq.Enumerable.ToDictionary[TSource,TKey,TElement] (System.Collections.Generic.IEnumerable`1[T] source, System.Func`2[T,TResult] keySelector, System.Func`2[T,TResult] elementSelector) [0x00000] in <41d1bd92f95542f4aa33290b7e44d57e>:0 
  at UnityEditor.Scripting.ScriptCompilation.AssemblyGraphBuilder.Initialize (System.Collections.Generic.IReadOnlyCollection`1[T] assemblies, System.Collections.Generic.IReadOnlyCollection`1[T] customScriptAssemblyReferences) [0x00046] in <383b67993756435b8920080a9ba43b70>:0 
  at UnityEditor.Scripting.ScriptCompilation.AssemblyGraphBuilderFactory.GetOrCreate (System.String projectPath, System.Collections.Generic.IReadOnlyCollection`1[T] assemblies, System.Collections.Generic.IReadOnlyCollection`1[T] customScriptAssemblyReferences) [0x00038] in <383b67993756435b8920080a9ba43b70>:0 
  at UnityEditor.Scripting.ScriptCompilation.EditorCompilation.GetAssemblyGraphBuilder () [0x00027] in <383b67993756435b8920080a9ba43b70>:0 
  at UnityEditor.Scripting.ScriptCompilation.EditorCompilation.SetAllScripts (System.String[] allScripts) [0x0000d] in <383b67993756435b8920080a9ba43b70>:0 
  at UnityEditor.Scripting.ScriptCompilation.EditorCompilationInterface.SetAllScripts (System.String[] allScripts) [0x00006] in <383b67993756435b8920080a9ba43b70>:0 

[Package Manager] Failed to launch server process. Reason: Unity was launched with the -noUpm command-line argument
[Package Manager] Unable to send message (not connected to server process).
[Package Manager] Cannot connect to Unity Package Manager local server
[Package Manager] Failed to launch server process. Reason: Unity was launched with the -noUpm command-line argument
[Package Manager] Unable to send message (not connected to server process).
[Package Manager] Cannot connect to Unity Package Manager local server
[Package Manager] Failed to launch server process. Reason: Unity was launched with the -noUpm command-line argument
[Package Manager] Unable to send message (not connected to server process).
[Package Manager] Cannot connect to Unity Package Manager local server
Mono: successfully reloaded assembly
[Package Manager] Failed to launch server process. Reason: Unity was launched with the -noUpm command-line argument
[Package Manager] Unable to send message (not connected to server process).
[Package Manager] Cannot connect to Unity Package Manager local server
- Finished resetting the current domain, in  0.769 seconds
Domain Reload Profiling: 1542ms
	BeginReloadAssembly (240ms)
		ExecutionOrderSort (0ms)
		DisableScriptedObjects (6ms)
		BackupInstance (0ms)
		ReleaseScriptingObjects (0ms)
		CreateAndSetChildDomain (67ms)
	RebuildCommonClasses (28ms)
	RebuildNativeTypeToScriptingClass (10ms)
	initialDomainReloadingComplete (21ms)
	LoadAllAssembliesAndSetupDomain (474ms)
		LoadAssemblies (382ms)
		RebuildTransferFunctionScriptingTraits (0ms)
		AnalyzeDomain (220ms)
			TypeCache.Refresh (101ms)
				TypeCache.ScanAssembly (89ms)
			BuildScriptInfoCaches (103ms)
			ResolveRequiredComponents (12ms)
	FinalizeReload (770ms)
		ReleaseScriptCaches (0ms)
		RebuildScriptCaches (0ms)
		SetupLoadedEditorAssemblies (597ms)
			LogAssemblyErrors (0ms)
			InitializePlatformSupportModulesInManaged (10ms)
			SetLoadedEditorAssemblies (3ms)
			BeforeProcessingInitializeOnLoad (67ms)
			ProcessInitializeOnLoadAttributes (408ms)
			ProcessInitializeOnLoadMethodAttributes (107ms)
			AfterProcessingInitializeOnLoad (2ms)
			EditorAssembliesLoaded (0ms)
		ExecutionOrderSort2 (0ms)
		AwakeInstancesAfterBackupRestoration (10ms)
Refreshing native plugins compatible for Editor in 12.39 ms, found 12 plugins.
Preloading 0 native plugins for Editor in 0.00 ms.
Unloading 52 Unused Serialized files (Serialized files now loaded: 0)
Unloading 7577 unused Assets / (8.4 MB). Loaded Objects now: 8454.
Memory consumption went from 231.9 MB to 223.5 MB.
Total: 10.935600 ms (FindLiveObjects: 1.263700 ms CreateObjectMapping: 1.390800 ms MarkObjects: 4.570200 ms  DeleteObjects: 3.710100 ms)

Prepare: number of updated asset objects reloaded= 0
========================================================================
Received Prepare
Folder 'Packages/com.unity.cinemachine/Editor/' contains multiple assembly definition files (Packages/com.unity.cinemachine/Editor/Unity.Cinemachine.Editor.asmdef)
Folder 'Packages/com.unity.cinemachine/Editor/' contains multiple assembly definition files (Packages/com.unity.cinemachine/Editor/com.unity.cinemachine.Editor.asmdef)
Folder 'Packages/com.unity.cinemachine/Runtime/' contains multiple assembly definition files (Packages/com.unity.cinemachine/Runtime/com.unity.cinemachine.asmdef)
Folder 'Packages/com.unity.cinemachine/Runtime/' contains multiple assembly definition files (Packages/com.unity.cinemachine/Runtime/Unity.Cinemachine.asmdef)
ArgumentException: An item with the same key has already been added. Key: ba8c092d026123a418fb4bfb797a7bd8
  at System.Collections.Generic.Dictionary`2[TKey,TValue].TryInsert (TKey key, TValue value, System.Collections.Generic.InsertionBehavior behavior) [0x0015a] in <eb0ef51e5908461ca908fdf6b2dbd966>:0 
  at System.Collections.Generic.Dictionary`2[TKey,TValue].Add (TKey key, TValue value) [0x00000] in <eb0ef51e5908461ca908fdf6b2dbd966>:0 
  at System.Linq.Enumerable.ToDictionary[TSource,TKey,TElement] (TSource[] source, System.Func`2[T,TResult] keySelector, System.Func`2[T,TResult] elementSelector, System.Collections.Generic.IEqualityComparer`1[T] comparer) [0x00029] in <41d1bd92f95542f4aa33290b7e44d57e>:0 
  at System.Linq.Enumerable.ToDictionary[TSource,TKey,TElement] (System.Collections.Generic.IEnumerable`1[T] source, System.Func`2[T,TResult] keySelector, System.Func`2[T,TResult] elementSelector, System.Collections.Generic.IEqualityComparer`1[T] comparer) [0x00051] in <41d1bd92f95542f4aa33290b7e44d57e>:0 
  at System.Linq.Enumerable.ToDictionary[TSource,TKey,TElement] (System.Collections.Generic.IEnumerable`1[T] source, System.Func`2[T,TResult] keySelector, System.Func`2[T,TResult] elementSelector) [0x00000] in <41d1bd92f95542f4aa33290b7e44d57e>:0 
  at UnityEditor.Scripting.ScriptCompilation.AssemblyGraphBuilder.Initialize (System.Collections.Generic.IReadOnlyCollection`1[T] assemblies, System.Collections.Generic.IReadOnlyCollection`1[T] customScriptAssemblyReferences) [0x00046] in <383b67993756435b8920080a9ba43b70>:0 
  at UnityEditor.Scripting.ScriptCompilation.AssemblyGraphBuilderFactory.GetOrCreate (System.String projectPath, System.Collections.Generic.IReadOnlyCollection`1[T] assemblies, System.Collections.Generic.IReadOnlyCollection`1[T] customScriptAssemblyReferences) [0x00038] in <383b67993756435b8920080a9ba43b70>:0 
  at UnityEditor.Scripting.ScriptCompilation.EditorCompilation.GetAssemblyGraphBuilder () [0x00027] in <383b67993756435b8920080a9ba43b70>:0 
  at UnityEditor.Scripting.ScriptCompilation.EditorCompilation.SetAllScripts (System.String[] allScripts) [0x0000d] in <383b67993756435b8920080a9ba43b70>:0 
  at UnityEditor.Scripting.ScriptCompilation.EditorCompilationInterface.SetAllScripts (System.String[] allScripts) [0x00006] in <383b67993756435b8920080a9ba43b70>:0 

Folder 'Packages/com.unity.cinemachine/Editor/' contains multiple assembly definition files (Packages/com.unity.cinemachine/Editor/Unity.Cinemachine.Editor.asmdef)
Folder 'Packages/com.unity.cinemachine/Editor/' contains multiple assembly definition files (Packages/com.unity.cinemachine/Editor/com.unity.cinemachine.Editor.asmdef)
Folder 'Packages/com.unity.cinemachine/Runtime/' contains multiple assembly definition files (Packages/com.unity.cinemachine/Runtime/com.unity.cinemachine.asmdef)
Folder 'Packages/com.unity.cinemachine/Runtime/' contains multiple assembly definition files (Packages/com.unity.cinemachine/Runtime/Unity.Cinemachine.asmdef)
ArgumentException: An item with the same key has already been added. Key: ba8c092d026123a418fb4bfb797a7bd8
  at System.Collections.Generic.Dictionary`2[TKey,TValue].TryInsert (TKey key, TValue value, System.Collections.Generic.InsertionBehavior behavior) [0x0015a] in <eb0ef51e5908461ca908fdf6b2dbd966>:0 
  at System.Collections.Generic.Dictionary`2[TKey,TValue].Add (TKey key, TValue value) [0x00000] in <eb0ef51e5908461ca908fdf6b2dbd966>:0 
  at System.Linq.Enumerable.ToDictionary[TSource,TKey,TElement] (TSource[] source, System.Func`2[T,TResult] keySelector, System.Func`2[T,TResult] elementSelector, System.Collections.Generic.IEqualityComparer`1[T] comparer) [0x00029] in <41d1bd92f95542f4aa33290b7e44d57e>:0 
  at System.Linq.Enumerable.ToDictionary[TSource,TKey,TElement] (System.Collections.Generic.IEnumerable`1[T] source, System.Func`2[T,TResult] keySelector, System.Func`2[T,TResult] elementSelector, System.Collections.Generic.IEqualityComparer`1[T] comparer) [0x00051] in <41d1bd92f95542f4aa33290b7e44d57e>:0 
  at System.Linq.Enumerable.ToDictionary[TSource,TKey,TElement] (System.Collections.Generic.IEnumerable`1[T] source, System.Func`2[T,TResult] keySelector, System.Func`2[T,TResult] elementSelector) [0x00000] in <41d1bd92f95542f4aa33290b7e44d57e>:0 
  at UnityEditor.Scripting.ScriptCompilation.AssemblyGraphBuilder.Initialize (System.Collections.Generic.IReadOnlyCollection`1[T] assemblies, System.Collections.Generic.IReadOnlyCollection`1[T] customScriptAssemblyReferences) [0x00046] in <383b67993756435b8920080a9ba43b70>:0 
  at UnityEditor.Scripting.ScriptCompilation.AssemblyGraphBuilderFactory.GetOrCreate (System.String projectPath, System.Collections.Generic.IReadOnlyCollection`1[T] assemblies, System.Collections.Generic.IReadOnlyCollection`1[T] customScriptAssemblyReferences) [0x00038] in <383b67993756435b8920080a9ba43b70>:0 
  at UnityEditor.Scripting.ScriptCompilation.EditorCompilation.GetAssemblyGraphBuilder () [0x00027] in <383b67993756435b8920080a9ba43b70>:0 
  at UnityEditor.Scripting.ScriptCompilation.EditorCompilation.SetAllScripts (System.String[] allScripts) [0x0000d] in <383b67993756435b8920080a9ba43b70>:0 
  at UnityEditor.Scripting.ScriptCompilation.EditorCompilationInterface.SetAllScripts (System.String[] allScripts) [0x00006] in <383b67993756435b8920080a9ba43b70>:0 

Begin MonoManager ReloadAssembly
- Loaded All Assemblies, in  0.670 seconds
Folder 'Packages/com.unity.cinemachine/Editor/' contains multiple assembly definition files (Packages/com.unity.cinemachine/Editor/Unity.Cinemachine.Editor.asmdef)
Folder 'Packages/com.unity.cinemachine/Editor/' contains multiple assembly definition files (Packages/com.unity.cinemachine/Editor/com.unity.cinemachine.Editor.asmdef)
Folder 'Packages/com.unity.cinemachine/Runtime/' contains multiple assembly definition files (Packages/com.unity.cinemachine/Runtime/com.unity.cinemachine.asmdef)
Folder 'Packages/com.unity.cinemachine/Runtime/' contains multiple assembly definition files (Packages/com.unity.cinemachine/Runtime/Unity.Cinemachine.asmdef)
ArgumentException: An item with the same key has already been added. Key: ba8c092d026123a418fb4bfb797a7bd8
  at System.Collections.Generic.Dictionary`2[TKey,TValue].TryInsert (TKey key, TValue value, System.Collections.Generic.InsertionBehavior behavior) [0x0015a] in <eb0ef51e5908461ca908fdf6b2dbd966>:0 
  at System.Collections.Generic.Dictionary`2[TKey,TValue].Add (TKey key, TValue value) [0x00000] in <eb0ef51e5908461ca908fdf6b2dbd966>:0 
  at System.Linq.Enumerable.ToDictionary[TSource,TKey,TElement] (TSource[] source, System.Func`2[T,TResult] keySelector, System.Func`2[T,TResult] elementSelector, System.Collections.Generic.IEqualityComparer`1[T] comparer) [0x00029] in <41d1bd92f95542f4aa33290b7e44d57e>:0 
  at System.Linq.Enumerable.ToDictionary[TSource,TKey,TElement] (System.Collections.Generic.IEnumerable`1[T] source, System.Func`2[T,TResult] keySelector, System.Func`2[T,TResult] elementSelector, System.Collections.Generic.IEqualityComparer`1[T] comparer) [0x00051] in <41d1bd92f95542f4aa33290b7e44d57e>:0 
  at System.Linq.Enumerable.ToDictionary[TSource,TKey,TElement] (System.Collections.Generic.IEnumerable`1[T] source, System.Func`2[T,TResult] keySelector, System.Func`2[T,TResult] elementSelector) [0x00000] in <41d1bd92f95542f4aa33290b7e44d57e>:0 
  at UnityEditor.Scripting.ScriptCompilation.AssemblyGraphBuilder.Initialize (System.Collections.Generic.IReadOnlyCollection`1[T] assemblies, System.Collections.Generic.IReadOnlyCollection`1[T] customScriptAssemblyReferences) [0x00046] in <383b67993756435b8920080a9ba43b70>:0 
  at UnityEditor.Scripting.ScriptCompilation.AssemblyGraphBuilderFactory.GetOrCreate (System.String projectPath, System.Collections.Generic.IReadOnlyCollection`1[T] assemblies, System.Collections.Generic.IReadOnlyCollection`1[T] customScriptAssemblyReferences) [0x00038] in <383b67993756435b8920080a9ba43b70>:0 
  at UnityEditor.Scripting.ScriptCompilation.EditorCompilation.GetAssemblyGraphBuilder () [0x00027] in <383b67993756435b8920080a9ba43b70>:0 
  at UnityEditor.Scripting.ScriptCompilation.EditorCompilation.SetAllScripts (System.String[] allScripts) [0x0000d] in <383b67993756435b8920080a9ba43b70>:0 
  at UnityEditor.Scripting.ScriptCompilation.EditorCompilationInterface.SetAllScripts (System.String[] allScripts) [0x00006] in <383b67993756435b8920080a9ba43b70>:0 

'Packages/com.unity.cinemachine/Editor/Obsolete/CinemachineVirtualCameraBaseEditor.cs' contains partial class of Unity.Object, exactly 1 of the partial classes needs to be in a file with the same filename. This is to know the one that can be referenced from ie. GameObjects
'Packages/com.unity.cinemachine/Editor/Editors/CinemachineVirtualCameraBaseEditor.cs' contains partial class of Unity.Object, exactly 1 of the partial classes needs to be in a file with the same filename. This is to know the one that can be referenced from ie. GameObjects
Refreshing native plugins compatible for Editor in 8.88 ms, found 12 plugins.
Assertion failed on expression: 'pred(*previous, *i)'
Assertion failed on expression: 'pred(*previous, *i)'
Assertion failed on expression: 'pred(*previous, *i)'
Assertion failed on expression: 'pred(*previous, *i)'
Assertion failed on expression: 'pred(*previous, *i)'
Assertion failed on expression: 'pred(*previous, *i)'
Assertion failed on expression: 'pred(*previous, *i)'
Assertion failed on expression: 'pred(*previous, *i)'
Assertion failed on expression: 'pred(*previous, *i)'
Assertion failed on expression: 'pred(*previous, *i)'
Assertion failed on expression: 'pred(*previous, *i)'
Assertion failed on expression: 'pred(*previous, *i)'
Assertion failed on expression: 'pred(*previous, *i)'
Assertion failed on expression: 'pred(*previous, *i)'
Assertion failed on expression: 'pred(*previous, *i)'
Assertion failed on expression: 'pred(*previous, *i)'
Assertion failed on expression: 'pred(*previous, *i)'
Assertion failed on expression: 'pred(*previous, *i)'
Assertion failed on expression: 'pred(*previous, *i)'
Assertion failed on expression: 'pred(*previous, *i)'
Assertion failed on expression: 'pred(*previous, *i)'
Assertion failed on expression: 'pred(*previous, *i)'
Assertion failed on expression: 'pred(*previous, *i)'
Assertion failed on expression: 'pred(*previous, *i)'
Assertion failed on expression: 'pred(*previous, *i)'
Assertion failed on expression: 'pred(*previous, *i)'
Assertion failed on expression: 'pred(*previous, *i)'
Assertion failed on expression: 'pred(*previous, *i)'
Assertion failed on expression: 'pred(*previous, *i)'
Assertion failed on expression: 'pred(*previous, *i)'
Assertion failed on expression: 'pred(*previous, *i)'
Assertion failed on expression: 'pred(*previous, *i)'
Assertion failed on expression: 'pred(*previous, *i)'
Assertion failed on expression: 'pred(*previous, *i)'
Assertion failed on expression: 'pred(*previous, *i)'
Assertion failed on expression: 'pred(*previous, *i)'
Assertion failed on expression: 'pred(*previous, *i)'
Assertion failed on expression: 'pred(*previous, *i)'
Assertion failed on expression: 'pred(*previous, *i)'
Assertion failed on expression: 'pred(*previous, *i)'
Assertion failed on expression: 'pred(*previous, *i)'
Assertion failed on expression: 'pred(*previous, *i)'
Assertion failed on expression: 'pred(*previous, *i)'
Assertion failed on expression: 'pred(*previous, *i)'
Assertion failed on expression: 'pred(*previous, *i)'
Assertion failed on expression: 'pred(*previous, *i)'
Assertion failed on expression: 'pred(*previous, *i)'
Assertion failed on expression: 'pred(*previous, *i)'
Assertion failed on expression: 'pred(*previous, *i)'
Assertion failed on expression: 'pred(*previous, *i)'
Assertion failed on expression: 'pred(*previous, *i)'
Assertion failed on expression: 'pred(*previous, *i)'
Assertion failed on expression: 'pred(*previous, *i)'
Assertion failed on expression: 'pred(*previous, *i)'
Assertion failed on expression: 'pred(*previous, *i)'
Missing types referenced from component UniversalRenderPipelineGlobalSettings on game object UniversalRenderPipelineGlobalSettings:
	UnityEngine.Rendering.Universal.ScreenSpaceAmbientOcclusionDynamicResources, Unity.RenderPipelines.Universal.Runtime (1 object)
	UnityEngine.Rendering.Universal.ScreenSpaceAmbientOcclusionPersistentResources, Unity.RenderPipelines.Universal.Runtime (1 object)
Native extension for Android target not found
Native extension for UWP target not found
Native extension for WindowsStandalone target not found
Folder 'Packages/com.unity.cinemachine/Editor/' contains multiple assembly definition files (Packages/com.unity.cinemachine/Editor/Unity.Cinemachine.Editor.asmdef)
Folder 'Packages/com.unity.cinemachine/Editor/' contains multiple assembly definition files (Packages/com.unity.cinemachine/Editor/com.unity.cinemachine.Editor.asmdef)
Folder 'Packages/com.unity.cinemachine/Runtime/' contains multiple assembly definition files (Packages/com.unity.cinemachine/Runtime/com.unity.cinemachine.asmdef)
Folder 'Packages/com.unity.cinemachine/Runtime/' contains multiple assembly definition files (Packages/com.unity.cinemachine/Runtime/Unity.Cinemachine.asmdef)
ArgumentException: An item with the same key has already been added. Key: ba8c092d026123a418fb4bfb797a7bd8
  at System.Collections.Generic.Dictionary`2[TKey,TValue].TryInsert (TKey key, TValue value, System.Collections.Generic.InsertionBehavior behavior) [0x0015a] in <eb0ef51e5908461ca908fdf6b2dbd966>:0 
  at System.Collections.Generic.Dictionary`2[TKey,TValue].Add (TKey key, TValue value) [0x00000] in <eb0ef51e5908461ca908fdf6b2dbd966>:0 
  at System.Linq.Enumerable.ToDictionary[TSource,TKey,TElement] (TSource[] source, System.Func`2[T,TResult] keySelector, System.Func`2[T,TResult] elementSelector, System.Collections.Generic.IEqualityComparer`1[T] comparer) [0x00029] in <41d1bd92f95542f4aa33290b7e44d57e>:0 
  at System.Linq.Enumerable.ToDictionary[TSource,TKey,TElement] (System.Collections.Generic.IEnumerable`1[T] source, System.Func`2[T,TResult] keySelector, System.Func`2[T,TResult] elementSelector, System.Collections.Generic.IEqualityComparer`1[T] comparer) [0x00051] in <41d1bd92f95542f4aa33290b7e44d57e>:0 
  at System.Linq.Enumerable.ToDictionary[TSource,TKey,TElement] (System.Collections.Generic.IEnumerable`1[T] source, System.Func`2[T,TResult] keySelector, System.Func`2[T,TResult] elementSelector) [0x00000] in <41d1bd92f95542f4aa33290b7e44d57e>:0 
  at UnityEditor.Scripting.ScriptCompilation.AssemblyGraphBuilder.Initialize (System.Collections.Generic.IReadOnlyCollection`1[T] assemblies, System.Collections.Generic.IReadOnlyCollection`1[T] customScriptAssemblyReferences) [0x00046] in <383b67993756435b8920080a9ba43b70>:0 
  at UnityEditor.Scripting.ScriptCompilation.AssemblyGraphBuilderFactory.GetOrCreate (System.String projectPath, System.Collections.Generic.IReadOnlyCollection`1[T] assemblies, System.Collections.Generic.IReadOnlyCollection`1[T] customScriptAssemblyReferences) [0x00038] in <383b67993756435b8920080a9ba43b70>:0 
  at UnityEditor.Scripting.ScriptCompilation.EditorCompilation.GetAssemblyGraphBuilder () [0x00027] in <383b67993756435b8920080a9ba43b70>:0 
  at UnityEditor.Scripting.ScriptCompilation.EditorCompilation.SetAllScripts (System.String[] allScripts) [0x0000d] in <383b67993756435b8920080a9ba43b70>:0 
  at UnityEditor.Scripting.ScriptCompilation.EditorCompilationInterface.SetAllScripts (System.String[] allScripts) [0x00006] in <383b67993756435b8920080a9ba43b70>:0 

[Package Manager] Failed to launch server process. Reason: Unity was launched with the -noUpm command-line argument
[Package Manager] Unable to send message (not connected to server process).
[Package Manager] Cannot connect to Unity Package Manager local server
[Package Manager] Failed to launch server process. Reason: Unity was launched with the -noUpm command-line argument
[Package Manager] Unable to send message (not connected to server process).
[Package Manager] Cannot connect to Unity Package Manager local server
[Package Manager] Failed to launch server process. Reason: Unity was launched with the -noUpm command-line argument
[Package Manager] Unable to send message (not connected to server process).
[Package Manager] Cannot connect to Unity Package Manager local server
Mono: successfully reloaded assembly
[Package Manager] Failed to launch server process. Reason: Unity was launched with the -noUpm command-line argument
[Package Manager] Unable to send message (not connected to server process).
[Package Manager] Cannot connect to Unity Package Manager local server
- Finished resetting the current domain, in  0.899 seconds
Domain Reload Profiling: 1572ms
	BeginReloadAssembly (202ms)
		ExecutionOrderSort (0ms)
		DisableScriptedObjects (6ms)
		BackupInstance (0ms)
		ReleaseScriptingObjects (0ms)
		CreateAndSetChildDomain (52ms)
	RebuildCommonClasses (29ms)
	RebuildNativeTypeToScriptingClass (10ms)
	initialDomainReloadingComplete (21ms)
	LoadAllAssembliesAndSetupDomain (411ms)
		LoadAssemblies (345ms)
		RebuildTransferFunctionScriptingTraits (0ms)
		AnalyzeDomain (172ms)
			TypeCache.Refresh (7ms)
				TypeCache.ScanAssembly (0ms)
			BuildScriptInfoCaches (149ms)
			ResolveRequiredComponents (12ms)
	FinalizeReload (899ms)
		ReleaseScriptCaches (0ms)
		RebuildScriptCaches (0ms)
		SetupLoadedEditorAssemblies (712ms)
			LogAssemblyErrors (0ms)
			InitializePlatformSupportModulesInManaged (14ms)
			SetLoadedEditorAssemblies (4ms)
			BeforeProcessingInitializeOnLoad (82ms)
			ProcessInitializeOnLoadAttributes (484ms)
			ProcessInitializeOnLoadMethodAttributes (126ms)
			AfterProcessingInitializeOnLoad (2ms)
			EditorAssembliesLoaded (0ms)
		ExecutionOrderSort2 (0ms)
		AwakeInstancesAfterBackupRestoration (10ms)
Refreshing native plugins compatible for Editor in 9.64 ms, found 12 plugins.
Preloading 0 native plugins for Editor in 0.00 ms.
Unloading 43 Unused Serialized files (Serialized files now loaded: 0)
Unloading 7577 unused Assets / (8.5 MB). Loaded Objects now: 8457.
Memory consumption went from 230.5 MB to 222.0 MB.
Total: 15.778800 ms (FindLiveObjects: 1.012500 ms CreateObjectMapping: 1.179100 ms MarkObjects: 7.538700 ms  DeleteObjects: 6.047300 ms)

Prepare: number of updated asset objects reloaded= 0
========================================================================
Received Prepare
Folder 'Packages/com.unity.cinemachine/Editor/' contains multiple assembly definition files (Packages/com.unity.cinemachine/Editor/Unity.Cinemachine.Editor.asmdef)
Folder 'Packages/com.unity.cinemachine/Editor/' contains multiple assembly definition files (Packages/com.unity.cinemachine/Editor/com.unity.cinemachine.Editor.asmdef)
Folder 'Packages/com.unity.cinemachine/Runtime/' contains multiple assembly definition files (Packages/com.unity.cinemachine/Runtime/com.unity.cinemachine.asmdef)
Folder 'Packages/com.unity.cinemachine/Runtime/' contains multiple assembly definition files (Packages/com.unity.cinemachine/Runtime/Unity.Cinemachine.asmdef)
ArgumentException: An item with the same key has already been added. Key: ba8c092d026123a418fb4bfb797a7bd8
  at System.Collections.Generic.Dictionary`2[TKey,TValue].TryInsert (TKey key, TValue value, System.Collections.Generic.InsertionBehavior behavior) [0x0015a] in <eb0ef51e5908461ca908fdf6b2dbd966>:0 
  at System.Collections.Generic.Dictionary`2[TKey,TValue].Add (TKey key, TValue value) [0x00000] in <eb0ef51e5908461ca908fdf6b2dbd966>:0 
  at System.Linq.Enumerable.ToDictionary[TSource,TKey,TElement] (TSource[] source, System.Func`2[T,TResult] keySelector, System.Func`2[T,TResult] elementSelector, System.Collections.Generic.IEqualityComparer`1[T] comparer) [0x00029] in <41d1bd92f95542f4aa33290b7e44d57e>:0 
  at System.Linq.Enumerable.ToDictionary[TSource,TKey,TElement] (System.Collections.Generic.IEnumerable`1[T] source, System.Func`2[T,TResult] keySelector, System.Func`2[T,TResult] elementSelector, System.Collections.Generic.IEqualityComparer`1[T] comparer) [0x00051] in <41d1bd92f95542f4aa33290b7e44d57e>:0 
  at System.Linq.Enumerable.ToDictionary[TSource,TKey,TElement] (System.Collections.Generic.IEnumerable`1[T] source, System.Func`2[T,TResult] keySelector, System.Func`2[T,TResult] elementSelector) [0x00000] in <41d1bd92f95542f4aa33290b7e44d57e>:0 
  at UnityEditor.Scripting.ScriptCompilation.AssemblyGraphBuilder.Initialize (System.Collections.Generic.IReadOnlyCollection`1[T] assemblies, System.Collections.Generic.IReadOnlyCollection`1[T] customScriptAssemblyReferences) [0x00046] in <383b67993756435b8920080a9ba43b70>:0 
  at UnityEditor.Scripting.ScriptCompilation.AssemblyGraphBuilderFactory.GetOrCreate (System.String projectPath, System.Collections.Generic.IReadOnlyCollection`1[T] assemblies, System.Collections.Generic.IReadOnlyCollection`1[T] customScriptAssemblyReferences) [0x00038] in <383b67993756435b8920080a9ba43b70>:0 
  at UnityEditor.Scripting.ScriptCompilation.EditorCompilation.GetAssemblyGraphBuilder () [0x00027] in <383b67993756435b8920080a9ba43b70>:0 
  at UnityEditor.Scripting.ScriptCompilation.EditorCompilation.SetAllScripts (System.String[] allScripts) [0x0000d] in <383b67993756435b8920080a9ba43b70>:0 
  at UnityEditor.Scripting.ScriptCompilation.EditorCompilationInterface.SetAllScripts (System.String[] allScripts) [0x00006] in <383b67993756435b8920080a9ba43b70>:0 

Folder 'Packages/com.unity.cinemachine/Editor/' contains multiple assembly definition files (Packages/com.unity.cinemachine/Editor/Unity.Cinemachine.Editor.asmdef)
Folder 'Packages/com.unity.cinemachine/Editor/' contains multiple assembly definition files (Packages/com.unity.cinemachine/Editor/com.unity.cinemachine.Editor.asmdef)
Folder 'Packages/com.unity.cinemachine/Runtime/' contains multiple assembly definition files (Packages/com.unity.cinemachine/Runtime/com.unity.cinemachine.asmdef)
Folder 'Packages/com.unity.cinemachine/Runtime/' contains multiple assembly definition files (Packages/com.unity.cinemachine/Runtime/Unity.Cinemachine.asmdef)
ArgumentException: An item with the same key has already been added. Key: ba8c092d026123a418fb4bfb797a7bd8
  at System.Collections.Generic.Dictionary`2[TKey,TValue].TryInsert (TKey key, TValue value, System.Collections.Generic.InsertionBehavior behavior) [0x0015a] in <eb0ef51e5908461ca908fdf6b2dbd966>:0 
  at System.Collections.Generic.Dictionary`2[TKey,TValue].Add (TKey key, TValue value) [0x00000] in <eb0ef51e5908461ca908fdf6b2dbd966>:0 
  at System.Linq.Enumerable.ToDictionary[TSource,TKey,TElement] (TSource[] source, System.Func`2[T,TResult] keySelector, System.Func`2[T,TResult] elementSelector, System.Collections.Generic.IEqualityComparer`1[T] comparer) [0x00029] in <41d1bd92f95542f4aa33290b7e44d57e>:0 
  at System.Linq.Enumerable.ToDictionary[TSource,TKey,TElement] (System.Collections.Generic.IEnumerable`1[T] source, System.Func`2[T,TResult] keySelector, System.Func`2[T,TResult] elementSelector, System.Collections.Generic.IEqualityComparer`1[T] comparer) [0x00051] in <41d1bd92f95542f4aa33290b7e44d57e>:0 
  at System.Linq.Enumerable.ToDictionary[TSource,TKey,TElement] (System.Collections.Generic.IEnumerable`1[T] source, System.Func`2[T,TResult] keySelector, System.Func`2[T,TResult] elementSelector) [0x00000] in <41d1bd92f95542f4aa33290b7e44d57e>:0 
  at UnityEditor.Scripting.ScriptCompilation.AssemblyGraphBuilder.Initialize (System.Collections.Generic.IReadOnlyCollection`1[T] assemblies, System.Collections.Generic.IReadOnlyCollection`1[T] customScriptAssemblyReferences) [0x00046] in <383b67993756435b8920080a9ba43b70>:0 
  at UnityEditor.Scripting.ScriptCompilation.AssemblyGraphBuilderFactory.GetOrCreate (System.String projectPath, System.Collections.Generic.IReadOnlyCollection`1[T] assemblies, System.Collections.Generic.IReadOnlyCollection`1[T] customScriptAssemblyReferences) [0x00038] in <383b67993756435b8920080a9ba43b70>:0 
  at UnityEditor.Scripting.ScriptCompilation.EditorCompilation.GetAssemblyGraphBuilder () [0x00027] in <383b67993756435b8920080a9ba43b70>:0 
  at UnityEditor.Scripting.ScriptCompilation.EditorCompilation.SetAllScripts (System.String[] allScripts) [0x0000d] in <383b67993756435b8920080a9ba43b70>:0 
  at UnityEditor.Scripting.ScriptCompilation.EditorCompilationInterface.SetAllScripts (System.String[] allScripts) [0x00006] in <383b67993756435b8920080a9ba43b70>:0 

Begin MonoManager ReloadAssembly
- Loaded All Assemblies, in  0.679 seconds
Folder 'Packages/com.unity.cinemachine/Editor/' contains multiple assembly definition files (Packages/com.unity.cinemachine/Editor/Unity.Cinemachine.Editor.asmdef)
Folder 'Packages/com.unity.cinemachine/Editor/' contains multiple assembly definition files (Packages/com.unity.cinemachine/Editor/com.unity.cinemachine.Editor.asmdef)
Folder 'Packages/com.unity.cinemachine/Runtime/' contains multiple assembly definition files (Packages/com.unity.cinemachine/Runtime/com.unity.cinemachine.asmdef)
Folder 'Packages/com.unity.cinemachine/Runtime/' contains multiple assembly definition files (Packages/com.unity.cinemachine/Runtime/Unity.Cinemachine.asmdef)
ArgumentException: An item with the same key has already been added. Key: ba8c092d026123a418fb4bfb797a7bd8
  at System.Collections.Generic.Dictionary`2[TKey,TValue].TryInsert (TKey key, TValue value, System.Collections.Generic.InsertionBehavior behavior) [0x0015a] in <eb0ef51e5908461ca908fdf6b2dbd966>:0 
  at System.Collections.Generic.Dictionary`2[TKey,TValue].Add (TKey key, TValue value) [0x00000] in <eb0ef51e5908461ca908fdf6b2dbd966>:0 
  at System.Linq.Enumerable.ToDictionary[TSource,TKey,TElement] (TSource[] source, System.Func`2[T,TResult] keySelector, System.Func`2[T,TResult] elementSelector, System.Collections.Generic.IEqualityComparer`1[T] comparer) [0x00029] in <41d1bd92f95542f4aa33290b7e44d57e>:0 
  at System.Linq.Enumerable.ToDictionary[TSource,TKey,TElement] (System.Collections.Generic.IEnumerable`1[T] source, System.Func`2[T,TResult] keySelector, System.Func`2[T,TResult] elementSelector, System.Collections.Generic.IEqualityComparer`1[T] comparer) [0x00051] in <41d1bd92f95542f4aa33290b7e44d57e>:0 
  at System.Linq.Enumerable.ToDictionary[TSource,TKey,TElement] (System.Collections.Generic.IEnumerable`1[T] source, System.Func`2[T,TResult] keySelector, System.Func`2[T,TResult] elementSelector) [0x00000] in <41d1bd92f95542f4aa33290b7e44d57e>:0 
  at UnityEditor.Scripting.ScriptCompilation.AssemblyGraphBuilder.Initialize (System.Collections.Generic.IReadOnlyCollection`1[T] assemblies, System.Collections.Generic.IReadOnlyCollection`1[T] customScriptAssemblyReferences) [0x00046] in <383b67993756435b8920080a9ba43b70>:0 
  at UnityEditor.Scripting.ScriptCompilation.AssemblyGraphBuilderFactory.GetOrCreate (System.String projectPath, System.Collections.Generic.IReadOnlyCollection`1[T] assemblies, System.Collections.Generic.IReadOnlyCollection`1[T] customScriptAssemblyReferences) [0x00038] in <383b67993756435b8920080a9ba43b70>:0 
  at UnityEditor.Scripting.ScriptCompilation.EditorCompilation.GetAssemblyGraphBuilder () [0x00027] in <383b67993756435b8920080a9ba43b70>:0 
  at UnityEditor.Scripting.ScriptCompilation.EditorCompilation.SetAllScripts (System.String[] allScripts) [0x0000d] in <383b67993756435b8920080a9ba43b70>:0 
  at UnityEditor.Scripting.ScriptCompilation.EditorCompilationInterface.SetAllScripts (System.String[] allScripts) [0x00006] in <383b67993756435b8920080a9ba43b70>:0 

'Packages/com.unity.cinemachine/Editor/Obsolete/CinemachineVirtualCameraBaseEditor.cs' contains partial class of Unity.Object, exactly 1 of the partial classes needs to be in a file with the same filename. This is to know the one that can be referenced from ie. GameObjects
'Packages/com.unity.cinemachine/Editor/Editors/CinemachineVirtualCameraBaseEditor.cs' contains partial class of Unity.Object, exactly 1 of the partial classes needs to be in a file with the same filename. This is to know the one that can be referenced from ie. GameObjects
Refreshing native plugins compatible for Editor in 9.06 ms, found 12 plugins.
Assertion failed on expression: 'pred(*previous, *i)'
Assertion failed on expression: 'pred(*previous, *i)'
Assertion failed on expression: 'pred(*previous, *i)'
Assertion failed on expression: 'pred(*previous, *i)'
Assertion failed on expression: 'pred(*previous, *i)'
Assertion failed on expression: 'pred(*previous, *i)'
Assertion failed on expression: 'pred(*previous, *i)'
Assertion failed on expression: 'pred(*previous, *i)'
Assertion failed on expression: 'pred(*previous, *i)'
Assertion failed on expression: 'pred(*previous, *i)'
Assertion failed on expression: 'pred(*previous, *i)'
Assertion failed on expression: 'pred(*previous, *i)'
Assertion failed on expression: 'pred(*previous, *i)'
Assertion failed on expression: 'pred(*previous, *i)'
Assertion failed on expression: 'pred(*previous, *i)'
Assertion failed on expression: 'pred(*previous, *i)'
Assertion failed on expression: 'pred(*previous, *i)'
Assertion failed on expression: 'pred(*previous, *i)'
Assertion failed on expression: 'pred(*previous, *i)'
Assertion failed on expression: 'pred(*previous, *i)'
Assertion failed on expression: 'pred(*previous, *i)'
Assertion failed on expression: 'pred(*previous, *i)'
Assertion failed on expression: 'pred(*previous, *i)'
Assertion failed on expression: 'pred(*previous, *i)'
Assertion failed on expression: 'pred(*previous, *i)'
Assertion failed on expression: 'pred(*previous, *i)'
Assertion failed on expression: 'pred(*previous, *i)'
Assertion failed on expression: 'pred(*previous, *i)'
Assertion failed on expression: 'pred(*previous, *i)'
Assertion failed on expression: 'pred(*previous, *i)'
Assertion failed on expression: 'pred(*previous, *i)'
Assertion failed on expression: 'pred(*previous, *i)'
Assertion failed on expression: 'pred(*previous, *i)'
Assertion failed on expression: 'pred(*previous, *i)'
Assertion failed on expression: 'pred(*previous, *i)'
Assertion failed on expression: 'pred(*previous, *i)'
Assertion failed on expression: 'pred(*previous, *i)'
Assertion failed on expression: 'pred(*previous, *i)'
Assertion failed on expression: 'pred(*previous, *i)'
Assertion failed on expression: 'pred(*previous, *i)'
Assertion failed on expression: 'pred(*previous, *i)'
Assertion failed on expression: 'pred(*previous, *i)'
Assertion failed on expression: 'pred(*previous, *i)'
Assertion failed on expression: 'pred(*previous, *i)'
Assertion failed on expression: 'pred(*previous, *i)'
Assertion failed on expression: 'pred(*previous, *i)'
Assertion failed on expression: 'pred(*previous, *i)'
Assertion failed on expression: 'pred(*previous, *i)'
Assertion failed on expression: 'pred(*previous, *i)'
Assertion failed on expression: 'pred(*previous, *i)'
Assertion failed on expression: 'pred(*previous, *i)'
Assertion failed on expression: 'pred(*previous, *i)'
Assertion failed on expression: 'pred(*previous, *i)'
Assertion failed on expression: 'pred(*previous, *i)'
Assertion failed on expression: 'pred(*previous, *i)'
Missing types referenced from component UniversalRenderPipelineGlobalSettings on game object UniversalRenderPipelineGlobalSettings:
	UnityEngine.Rendering.Universal.ScreenSpaceAmbientOcclusionDynamicResources, Unity.RenderPipelines.Universal.Runtime (1 object)
	UnityEngine.Rendering.Universal.ScreenSpaceAmbientOcclusionPersistentResources, Unity.RenderPipelines.Universal.Runtime (1 object)
Native extension for Android target not found
Native extension for UWP target not found
Native extension for WindowsStandalone target not found
Folder 'Packages/com.unity.cinemachine/Editor/' contains multiple assembly definition files (Packages/com.unity.cinemachine/Editor/Unity.Cinemachine.Editor.asmdef)
Folder 'Packages/com.unity.cinemachine/Editor/' contains multiple assembly definition files (Packages/com.unity.cinemachine/Editor/com.unity.cinemachine.Editor.asmdef)
Folder 'Packages/com.unity.cinemachine/Runtime/' contains multiple assembly definition files (Packages/com.unity.cinemachine/Runtime/com.unity.cinemachine.asmdef)
Folder 'Packages/com.unity.cinemachine/Runtime/' contains multiple assembly definition files (Packages/com.unity.cinemachine/Runtime/Unity.Cinemachine.asmdef)
ArgumentException: An item with the same key has already been added. Key: ba8c092d026123a418fb4bfb797a7bd8
  at System.Collections.Generic.Dictionary`2[TKey,TValue].TryInsert (TKey key, TValue value, System.Collections.Generic.InsertionBehavior behavior) [0x0015a] in <eb0ef51e5908461ca908fdf6b2dbd966>:0 
  at System.Collections.Generic.Dictionary`2[TKey,TValue].Add (TKey key, TValue value) [0x00000] in <eb0ef51e5908461ca908fdf6b2dbd966>:0 
  at System.Linq.Enumerable.ToDictionary[TSource,TKey,TElement] (TSource[] source, System.Func`2[T,TResult] keySelector, System.Func`2[T,TResult] elementSelector, System.Collections.Generic.IEqualityComparer`1[T] comparer) [0x00029] in <41d1bd92f95542f4aa33290b7e44d57e>:0 
  at System.Linq.Enumerable.ToDictionary[TSource,TKey,TElement] (System.Collections.Generic.IEnumerable`1[T] source, System.Func`2[T,TResult] keySelector, System.Func`2[T,TResult] elementSelector, System.Collections.Generic.IEqualityComparer`1[T] comparer) [0x00051] in <41d1bd92f95542f4aa33290b7e44d57e>:0 
  at System.Linq.Enumerable.ToDictionary[TSource,TKey,TElement] (System.Collections.Generic.IEnumerable`1[T] source, System.Func`2[T,TResult] keySelector, System.Func`2[T,TResult] elementSelector) [0x00000] in <41d1bd92f95542f4aa33290b7e44d57e>:0 
  at UnityEditor.Scripting.ScriptCompilation.AssemblyGraphBuilder.Initialize (System.Collections.Generic.IReadOnlyCollection`1[T] assemblies, System.Collections.Generic.IReadOnlyCollection`1[T] customScriptAssemblyReferences) [0x00046] in <383b67993756435b8920080a9ba43b70>:0 
  at UnityEditor.Scripting.ScriptCompilation.AssemblyGraphBuilderFactory.GetOrCreate (System.String projectPath, System.Collections.Generic.IReadOnlyCollection`1[T] assemblies, System.Collections.Generic.IReadOnlyCollection`1[T] customScriptAssemblyReferences) [0x00038] in <383b67993756435b8920080a9ba43b70>:0 
  at UnityEditor.Scripting.ScriptCompilation.EditorCompilation.GetAssemblyGraphBuilder () [0x00027] in <383b67993756435b8920080a9ba43b70>:0 
  at UnityEditor.Scripting.ScriptCompilation.EditorCompilation.SetAllScripts (System.String[] allScripts) [0x0000d] in <383b67993756435b8920080a9ba43b70>:0 
  at UnityEditor.Scripting.ScriptCompilation.EditorCompilationInterface.SetAllScripts (System.String[] allScripts) [0x00006] in <383b67993756435b8920080a9ba43b70>:0 

[Package Manager] Failed to launch server process. Reason: Unity was launched with the -noUpm command-line argument
[Package Manager] Unable to send message (not connected to server process).
[Package Manager] Cannot connect to Unity Package Manager local server
[Package Manager] Failed to launch server process. Reason: Unity was launched with the -noUpm command-line argument
[Package Manager] Unable to send message (not connected to server process).
[Package Manager] Cannot connect to Unity Package Manager local server
[Package Manager] Failed to launch server process. Reason: Unity was launched with the -noUpm command-line argument
[Package Manager] Unable to send message (not connected to server process).
[Package Manager] Cannot connect to Unity Package Manager local server
Mono: successfully reloaded assembly
[Package Manager] Failed to launch server process. Reason: Unity was launched with the -noUpm command-line argument
[Package Manager] Unable to send message (not connected to server process).
[Package Manager] Cannot connect to Unity Package Manager local server
- Finished resetting the current domain, in  0.747 seconds
Domain Reload Profiling: 1428ms
	BeginReloadAssembly (203ms)
		ExecutionOrderSort (0ms)
		DisableScriptedObjects (5ms)
		BackupInstance (0ms)
		ReleaseScriptingObjects (0ms)
		CreateAndSetChildDomain (52ms)
	RebuildCommonClasses (30ms)
	RebuildNativeTypeToScriptingClass (10ms)
	initialDomainReloadingComplete (21ms)
	LoadAllAssembliesAndSetupDomain (415ms)
		LoadAssemblies (347ms)
		RebuildTransferFunctionScriptingTraits (0ms)
		AnalyzeDomain (176ms)
			TypeCache.Refresh (7ms)
				TypeCache.ScanAssembly (0ms)
			BuildScriptInfoCaches (153ms)
			ResolveRequiredComponents (12ms)
	FinalizeReload (747ms)
		ReleaseScriptCaches (0ms)
		RebuildScriptCaches (0ms)
		SetupLoadedEditorAssemblies (577ms)
			LogAssemblyErrors (0ms)
			InitializePlatformSupportModulesInManaged (9ms)
			SetLoadedEditorAssemblies (3ms)
			BeforeProcessingInitializeOnLoad (65ms)
			ProcessInitializeOnLoadAttributes (396ms)
			ProcessInitializeOnLoadMethodAttributes (103ms)
			AfterProcessingInitializeOnLoad (2ms)
			EditorAssembliesLoaded (0ms)
		ExecutionOrderSort2 (0ms)
		AwakeInstancesAfterBackupRestoration (9ms)
Refreshing native plugins compatible for Editor in 9.24 ms, found 12 plugins.
Preloading 0 native plugins for Editor in 0.00 ms.
Unloading 43 Unused Serialized files (Serialized files now loaded: 0)
Unloading 7577 unused Assets / (9.2 MB). Loaded Objects now: 8460.
Memory consumption went from 230.6 MB to 221.3 MB.
Total: 11.769200 ms (FindLiveObjects: 1.046800 ms CreateObjectMapping: 1.458100 ms MarkObjects: 4.582900 ms  DeleteObjects: 4.680800 ms)

Prepare: number of updated asset objects reloaded= 0
========================================================================
Received Prepare
Folder 'Packages/com.unity.cinemachine/Editor/' contains multiple assembly definition files (Packages/com.unity.cinemachine/Editor/Unity.Cinemachine.Editor.asmdef)
Folder 'Packages/com.unity.cinemachine/Editor/' contains multiple assembly definition files (Packages/com.unity.cinemachine/Editor/com.unity.cinemachine.Editor.asmdef)
Folder 'Packages/com.unity.cinemachine/Runtime/' contains multiple assembly definition files (Packages/com.unity.cinemachine/Runtime/com.unity.cinemachine.asmdef)
Folder 'Packages/com.unity.cinemachine/Runtime/' contains multiple assembly definition files (Packages/com.unity.cinemachine/Runtime/Unity.Cinemachine.asmdef)
ArgumentException: An item with the same key has already been added. Key: ba8c092d026123a418fb4bfb797a7bd8
  at System.Collections.Generic.Dictionary`2[TKey,TValue].TryInsert (TKey key, TValue value, System.Collections.Generic.InsertionBehavior behavior) [0x0015a] in <eb0ef51e5908461ca908fdf6b2dbd966>:0 
  at System.Collections.Generic.Dictionary`2[TKey,TValue].Add (TKey key, TValue value) [0x00000] in <eb0ef51e5908461ca908fdf6b2dbd966>:0 
  at System.Linq.Enumerable.ToDictionary[TSource,TKey,TElement] (TSource[] source, System.Func`2[T,TResult] keySelector, System.Func`2[T,TResult] elementSelector, System.Collections.Generic.IEqualityComparer`1[T] comparer) [0x00029] in <41d1bd92f95542f4aa33290b7e44d57e>:0 
  at System.Linq.Enumerable.ToDictionary[TSource,TKey,TElement] (System.Collections.Generic.IEnumerable`1[T] source, System.Func`2[T,TResult] keySelector, System.Func`2[T,TResult] elementSelector, System.Collections.Generic.IEqualityComparer`1[T] comparer) [0x00051] in <41d1bd92f95542f4aa33290b7e44d57e>:0 
  at System.Linq.Enumerable.ToDictionary[TSource,TKey,TElement] (System.Collections.Generic.IEnumerable`1[T] source, System.Func`2[T,TResult] keySelector, System.Func`2[T,TResult] elementSelector) [0x00000] in <41d1bd92f95542f4aa33290b7e44d57e>:0 
  at UnityEditor.Scripting.ScriptCompilation.AssemblyGraphBuilder.Initialize (System.Collections.Generic.IReadOnlyCollection`1[T] assemblies, System.Collections.Generic.IReadOnlyCollection`1[T] customScriptAssemblyReferences) [0x00046] in <383b67993756435b8920080a9ba43b70>:0 
  at UnityEditor.Scripting.ScriptCompilation.AssemblyGraphBuilderFactory.GetOrCreate (System.String projectPath, System.Collections.Generic.IReadOnlyCollection`1[T] assemblies, System.Collections.Generic.IReadOnlyCollection`1[T] customScriptAssemblyReferences) [0x00038] in <383b67993756435b8920080a9ba43b70>:0 
  at UnityEditor.Scripting.ScriptCompilation.EditorCompilation.GetAssemblyGraphBuilder () [0x00027] in <383b67993756435b8920080a9ba43b70>:0 
  at UnityEditor.Scripting.ScriptCompilation.EditorCompilation.SetAllScripts (System.String[] allScripts) [0x0000d] in <383b67993756435b8920080a9ba43b70>:0 
  at UnityEditor.Scripting.ScriptCompilation.EditorCompilationInterface.SetAllScripts (System.String[] allScripts) [0x00006] in <383b67993756435b8920080a9ba43b70>:0 

Folder 'Packages/com.unity.cinemachine/Editor/' contains multiple assembly definition files (Packages/com.unity.cinemachine/Editor/Unity.Cinemachine.Editor.asmdef)
Folder 'Packages/com.unity.cinemachine/Editor/' contains multiple assembly definition files (Packages/com.unity.cinemachine/Editor/com.unity.cinemachine.Editor.asmdef)
Folder 'Packages/com.unity.cinemachine/Runtime/' contains multiple assembly definition files (Packages/com.unity.cinemachine/Runtime/com.unity.cinemachine.asmdef)
Folder 'Packages/com.unity.cinemachine/Runtime/' contains multiple assembly definition files (Packages/com.unity.cinemachine/Runtime/Unity.Cinemachine.asmdef)
ArgumentException: An item with the same key has already been added. Key: ba8c092d026123a418fb4bfb797a7bd8
  at System.Collections.Generic.Dictionary`2[TKey,TValue].TryInsert (TKey key, TValue value, System.Collections.Generic.InsertionBehavior behavior) [0x0015a] in <eb0ef51e5908461ca908fdf6b2dbd966>:0 
  at System.Collections.Generic.Dictionary`2[TKey,TValue].Add (TKey key, TValue value) [0x00000] in <eb0ef51e5908461ca908fdf6b2dbd966>:0 
  at System.Linq.Enumerable.ToDictionary[TSource,TKey,TElement] (TSource[] source, System.Func`2[T,TResult] keySelector, System.Func`2[T,TResult] elementSelector, System.Collections.Generic.IEqualityComparer`1[T] comparer) [0x00029] in <41d1bd92f95542f4aa33290b7e44d57e>:0 
  at System.Linq.Enumerable.ToDictionary[TSource,TKey,TElement] (System.Collections.Generic.IEnumerable`1[T] source, System.Func`2[T,TResult] keySelector, System.Func`2[T,TResult] elementSelector, System.Collections.Generic.IEqualityComparer`1[T] comparer) [0x00051] in <41d1bd92f95542f4aa33290b7e44d57e>:0 
  at System.Linq.Enumerable.ToDictionary[TSource,TKey,TElement] (System.Collections.Generic.IEnumerable`1[T] source, System.Func`2[T,TResult] keySelector, System.Func`2[T,TResult] elementSelector) [0x00000] in <41d1bd92f95542f4aa33290b7e44d57e>:0 
  at UnityEditor.Scripting.ScriptCompilation.AssemblyGraphBuilder.Initialize (System.Collections.Generic.IReadOnlyCollection`1[T] assemblies, System.Collections.Generic.IReadOnlyCollection`1[T] customScriptAssemblyReferences) [0x00046] in <383b67993756435b8920080a9ba43b70>:0 
  at UnityEditor.Scripting.ScriptCompilation.AssemblyGraphBuilderFactory.GetOrCreate (System.String projectPath, System.Collections.Generic.IReadOnlyCollection`1[T] assemblies, System.Collections.Generic.IReadOnlyCollection`1[T] customScriptAssemblyReferences) [0x00038] in <383b67993756435b8920080a9ba43b70>:0 
  at UnityEditor.Scripting.ScriptCompilation.EditorCompilation.GetAssemblyGraphBuilder () [0x00027] in <383b67993756435b8920080a9ba43b70>:0 
  at UnityEditor.Scripting.ScriptCompilation.EditorCompilation.SetAllScripts (System.String[] allScripts) [0x0000d] in <383b67993756435b8920080a9ba43b70>:0 
  at UnityEditor.Scripting.ScriptCompilation.EditorCompilationInterface.SetAllScripts (System.String[] allScripts) [0x00006] in <383b67993756435b8920080a9ba43b70>:0 

Begin MonoManager ReloadAssembly
- Loaded All Assemblies, in  0.748 seconds
Folder 'Packages/com.unity.cinemachine/Editor/' contains multiple assembly definition files (Packages/com.unity.cinemachine/Editor/Unity.Cinemachine.Editor.asmdef)
Folder 'Packages/com.unity.cinemachine/Editor/' contains multiple assembly definition files (Packages/com.unity.cinemachine/Editor/com.unity.cinemachine.Editor.asmdef)
Folder 'Packages/com.unity.cinemachine/Runtime/' contains multiple assembly definition files (Packages/com.unity.cinemachine/Runtime/com.unity.cinemachine.asmdef)
Folder 'Packages/com.unity.cinemachine/Runtime/' contains multiple assembly definition files (Packages/com.unity.cinemachine/Runtime/Unity.Cinemachine.asmdef)
ArgumentException: An item with the same key has already been added. Key: ba8c092d026123a418fb4bfb797a7bd8
  at System.Collections.Generic.Dictionary`2[TKey,TValue].TryInsert (TKey key, TValue value, System.Collections.Generic.InsertionBehavior behavior) [0x0015a] in <eb0ef51e5908461ca908fdf6b2dbd966>:0 
  at System.Collections.Generic.Dictionary`2[TKey,TValue].Add (TKey key, TValue value) [0x00000] in <eb0ef51e5908461ca908fdf6b2dbd966>:0 
  at System.Linq.Enumerable.ToDictionary[TSource,TKey,TElement] (TSource[] source, System.Func`2[T,TResult] keySelector, System.Func`2[T,TResult] elementSelector, System.Collections.Generic.IEqualityComparer`1[T] comparer) [0x00029] in <41d1bd92f95542f4aa33290b7e44d57e>:0 
  at System.Linq.Enumerable.ToDictionary[TSource,TKey,TElement] (System.Collections.Generic.IEnumerable`1[T] source, System.Func`2[T,TResult] keySelector, System.Func`2[T,TResult] elementSelector, System.Collections.Generic.IEqualityComparer`1[T] comparer) [0x00051] in <41d1bd92f95542f4aa33290b7e44d57e>:0 
  at System.Linq.Enumerable.ToDictionary[TSource,TKey,TElement] (System.Collections.Generic.IEnumerable`1[T] source, System.Func`2[T,TResult] keySelector, System.Func`2[T,TResult] elementSelector) [0x00000] in <41d1bd92f95542f4aa33290b7e44d57e>:0 
  at UnityEditor.Scripting.ScriptCompilation.AssemblyGraphBuilder.Initialize (System.Collections.Generic.IReadOnlyCollection`1[T] assemblies, System.Collections.Generic.IReadOnlyCollection`1[T] customScriptAssemblyReferences) [0x00046] in <383b67993756435b8920080a9ba43b70>:0 
  at UnityEditor.Scripting.ScriptCompilation.AssemblyGraphBuilderFactory.GetOrCreate (System.String projectPath, System.Collections.Generic.IReadOnlyCollection`1[T] assemblies, System.Collections.Generic.IReadOnlyCollection`1[T] customScriptAssemblyReferences) [0x00038] in <383b67993756435b8920080a9ba43b70>:0 
  at UnityEditor.Scripting.ScriptCompilation.EditorCompilation.GetAssemblyGraphBuilder () [0x00027] in <383b67993756435b8920080a9ba43b70>:0 
  at UnityEditor.Scripting.ScriptCompilation.EditorCompilation.SetAllScripts (System.String[] allScripts) [0x0000d] in <383b67993756435b8920080a9ba43b70>:0 
  at UnityEditor.Scripting.ScriptCompilation.EditorCompilationInterface.SetAllScripts (System.String[] allScripts) [0x00006] in <383b67993756435b8920080a9ba43b70>:0 

'Packages/com.unity.cinemachine/Editor/Obsolete/CinemachineVirtualCameraBaseEditor.cs' contains partial class of Unity.Object, exactly 1 of the partial classes needs to be in a file with the same filename. This is to know the one that can be referenced from ie. GameObjects
'Packages/com.unity.cinemachine/Editor/Editors/CinemachineVirtualCameraBaseEditor.cs' contains partial class of Unity.Object, exactly 1 of the partial classes needs to be in a file with the same filename. This is to know the one that can be referenced from ie. GameObjects
Refreshing native plugins compatible for Editor in 8.16 ms, found 12 plugins.
Assertion failed on expression: 'pred(*previous, *i)'
Assertion failed on expression: 'pred(*previous, *i)'
Assertion failed on expression: 'pred(*previous, *i)'
Assertion failed on expression: 'pred(*previous, *i)'
Assertion failed on expression: 'pred(*previous, *i)'
Assertion failed on expression: 'pred(*previous, *i)'
Assertion failed on expression: 'pred(*previous, *i)'
Assertion failed on expression: 'pred(*previous, *i)'
Assertion failed on expression: 'pred(*previous, *i)'
Assertion failed on expression: 'pred(*previous, *i)'
Assertion failed on expression: 'pred(*previous, *i)'
Assertion failed on expression: 'pred(*previous, *i)'
Assertion failed on expression: 'pred(*previous, *i)'
Assertion failed on expression: 'pred(*previous, *i)'
Assertion failed on expression: 'pred(*previous, *i)'
Assertion failed on expression: 'pred(*previous, *i)'
Assertion failed on expression: 'pred(*previous, *i)'
Assertion failed on expression: 'pred(*previous, *i)'
Assertion failed on expression: 'pred(*previous, *i)'
Assertion failed on expression: 'pred(*previous, *i)'
Assertion failed on expression: 'pred(*previous, *i)'
Assertion failed on expression: 'pred(*previous, *i)'
Assertion failed on expression: 'pred(*previous, *i)'
Assertion failed on expression: 'pred(*previous, *i)'
Assertion failed on expression: 'pred(*previous, *i)'
Assertion failed on expression: 'pred(*previous, *i)'
Assertion failed on expression: 'pred(*previous, *i)'
Assertion failed on expression: 'pred(*previous, *i)'
Assertion failed on expression: 'pred(*previous, *i)'
Assertion failed on expression: 'pred(*previous, *i)'
Assertion failed on expression: 'pred(*previous, *i)'
Assertion failed on expression: 'pred(*previous, *i)'
Assertion failed on expression: 'pred(*previous, *i)'
Assertion failed on expression: 'pred(*previous, *i)'
Assertion failed on expression: 'pred(*previous, *i)'
Assertion failed on expression: 'pred(*previous, *i)'
Assertion failed on expression: 'pred(*previous, *i)'
Assertion failed on expression: 'pred(*previous, *i)'
Assertion failed on expression: 'pred(*previous, *i)'
Assertion failed on expression: 'pred(*previous, *i)'
Assertion failed on expression: 'pred(*previous, *i)'
Assertion failed on expression: 'pred(*previous, *i)'
Assertion failed on expression: 'pred(*previous, *i)'
Assertion failed on expression: 'pred(*previous, *i)'
Assertion failed on expression: 'pred(*previous, *i)'
Assertion failed on expression: 'pred(*previous, *i)'
Assertion failed on expression: 'pred(*previous, *i)'
Assertion failed on expression: 'pred(*previous, *i)'
Assertion failed on expression: 'pred(*previous, *i)'
Assertion failed on expression: 'pred(*previous, *i)'
Assertion failed on expression: 'pred(*previous, *i)'
Assertion failed on expression: 'pred(*previous, *i)'
Assertion failed on expression: 'pred(*previous, *i)'
Assertion failed on expression: 'pred(*previous, *i)'
Assertion failed on expression: 'pred(*previous, *i)'
Missing types referenced from component UniversalRenderPipelineGlobalSettings on game object UniversalRenderPipelineGlobalSettings:
	UnityEngine.Rendering.Universal.ScreenSpaceAmbientOcclusionDynamicResources, Unity.RenderPipelines.Universal.Runtime (1 object)
	UnityEngine.Rendering.Universal.ScreenSpaceAmbientOcclusionPersistentResources, Unity.RenderPipelines.Universal.Runtime (1 object)
Native extension for Android target not found
Native extension for UWP target not found
Native extension for WindowsStandalone target not found
Folder 'Packages/com.unity.cinemachine/Editor/' contains multiple assembly definition files (Packages/com.unity.cinemachine/Editor/Unity.Cinemachine.Editor.asmdef)
Folder 'Packages/com.unity.cinemachine/Editor/' contains multiple assembly definition files (Packages/com.unity.cinemachine/Editor/com.unity.cinemachine.Editor.asmdef)
Folder 'Packages/com.unity.cinemachine/Runtime/' contains multiple assembly definition files (Packages/com.unity.cinemachine/Runtime/com.unity.cinemachine.asmdef)
Folder 'Packages/com.unity.cinemachine/Runtime/' contains multiple assembly definition files (Packages/com.unity.cinemachine/Runtime/Unity.Cinemachine.asmdef)
ArgumentException: An item with the same key has already been added. Key: ba8c092d026123a418fb4bfb797a7bd8
  at System.Collections.Generic.Dictionary`2[TKey,TValue].TryInsert (TKey key, TValue value, System.Collections.Generic.InsertionBehavior behavior) [0x0015a] in <eb0ef51e5908461ca908fdf6b2dbd966>:0 
  at System.Collections.Generic.Dictionary`2[TKey,TValue].Add (TKey key, TValue value) [0x00000] in <eb0ef51e5908461ca908fdf6b2dbd966>:0 
  at System.Linq.Enumerable.ToDictionary[TSource,TKey,TElement] (TSource[] source, System.Func`2[T,TResult] keySelector, System.Func`2[T,TResult] elementSelector, System.Collections.Generic.IEqualityComparer`1[T] comparer) [0x00029] in <41d1bd92f95542f4aa33290b7e44d57e>:0 
  at System.Linq.Enumerable.ToDictionary[TSource,TKey,TElement] (System.Collections.Generic.IEnumerable`1[T] source, System.Func`2[T,TResult] keySelector, System.Func`2[T,TResult] elementSelector, System.Collections.Generic.IEqualityComparer`1[T] comparer) [0x00051] in <41d1bd92f95542f4aa33290b7e44d57e>:0 
  at System.Linq.Enumerable.ToDictionary[TSource,TKey,TElement] (System.Collections.Generic.IEnumerable`1[T] source, System.Func`2[T,TResult] keySelector, System.Func`2[T,TResult] elementSelector) [0x00000] in <41d1bd92f95542f4aa33290b7e44d57e>:0 
  at UnityEditor.Scripting.ScriptCompilation.AssemblyGraphBuilder.Initialize (System.Collections.Generic.IReadOnlyCollection`1[T] assemblies, System.Collections.Generic.IReadOnlyCollection`1[T] customScriptAssemblyReferences) [0x00046] in <383b67993756435b8920080a9ba43b70>:0 
  at UnityEditor.Scripting.ScriptCompilation.AssemblyGraphBuilderFactory.GetOrCreate (System.String projectPath, System.Collections.Generic.IReadOnlyCollection`1[T] assemblies, System.Collections.Generic.IReadOnlyCollection`1[T] customScriptAssemblyReferences) [0x00038] in <383b67993756435b8920080a9ba43b70>:0 
  at UnityEditor.Scripting.ScriptCompilation.EditorCompilation.GetAssemblyGraphBuilder () [0x00027] in <383b67993756435b8920080a9ba43b70>:0 
  at UnityEditor.Scripting.ScriptCompilation.EditorCompilation.SetAllScripts (System.String[] allScripts) [0x0000d] in <383b67993756435b8920080a9ba43b70>:0 
  at UnityEditor.Scripting.ScriptCompilation.EditorCompilationInterface.SetAllScripts (System.String[] allScripts) [0x00006] in <383b67993756435b8920080a9ba43b70>:0 

[Package Manager] Failed to launch server process. Reason: Unity was launched with the -noUpm command-line argument
[Package Manager] Unable to send message (not connected to server process).
[Package Manager] Cannot connect to Unity Package Manager local server
[Package Manager] Failed to launch server process. Reason: Unity was launched with the -noUpm command-line argument
[Package Manager] Unable to send message (not connected to server process).
[Package Manager] Cannot connect to Unity Package Manager local server
[Package Manager] Failed to launch server process. Reason: Unity was launched with the -noUpm command-line argument
[Package Manager] Unable to send message (not connected to server process).
[Package Manager] Cannot connect to Unity Package Manager local server
Mono: successfully reloaded assembly
[Package Manager] Failed to launch server process. Reason: Unity was launched with the -noUpm command-line argument
[Package Manager] Unable to send message (not connected to server process).
[Package Manager] Cannot connect to Unity Package Manager local server
- Finished resetting the current domain, in  0.797 seconds
Domain Reload Profiling: 1548ms
	BeginReloadAssembly (209ms)
		ExecutionOrderSort (0ms)
		DisableScriptedObjects (5ms)
		BackupInstance (0ms)
		ReleaseScriptingObjects (0ms)
		CreateAndSetChildDomain (57ms)
	RebuildCommonClasses (32ms)
	RebuildNativeTypeToScriptingClass (10ms)
	initialDomainReloadingComplete (24ms)
	LoadAllAssembliesAndSetupDomain (475ms)
		LoadAssemblies (407ms)
		RebuildTransferFunctionScriptingTraits (0ms)
		AnalyzeDomain (178ms)
			TypeCache.Refresh (6ms)
				TypeCache.ScanAssembly (0ms)
			BuildScriptInfoCaches (155ms)
			ResolveRequiredComponents (13ms)
	FinalizeReload (797ms)
		ReleaseScriptCaches (0ms)
		RebuildScriptCaches (0ms)
		SetupLoadedEditorAssemblies (615ms)
			LogAssemblyErrors (0ms)
			InitializePlatformSupportModulesInManaged (10ms)
			SetLoadedEditorAssemblies (5ms)
			BeforeProcessingInitializeOnLoad (69ms)
			ProcessInitializeOnLoadAttributes (413ms)
			ProcessInitializeOnLoadMethodAttributes (114ms)
			AfterProcessingInitializeOnLoad (3ms)
			EditorAssembliesLoaded (0ms)
		ExecutionOrderSort2 (0ms)
		AwakeInstancesAfterBackupRestoration (11ms)
Refreshing native plugins compatible for Editor in 8.99 ms, found 12 plugins.
Preloading 0 native plugins for Editor in 0.00 ms.
Unloading 43 Unused Serialized files (Serialized files now loaded: 0)
Unloading 7577 unused Assets / (8.4 MB). Loaded Objects now: 8463.
Memory consumption went from 230.7 MB to 222.3 MB.
Total: 10.215900 ms (FindLiveObjects: 0.802500 ms CreateObjectMapping: 0.970400 ms MarkObjects: 4.673500 ms  DeleteObjects: 3.768600 ms)

Missing types referenced from component UniversalRenderPipelineGlobalSettings on game object UniversalRenderPipelineGlobalSettings:
	UnityEngine.Rendering.Universal.ScreenSpaceAmbientOcclusionDynamicResources, Unity.RenderPipelines.Universal.Runtime (1 object)
	UnityEngine.Rendering.Universal.ScreenSpaceAmbientOcclusionPersistentResources, Unity.RenderPipelines.Universal.Runtime (1 object)
Prepare: number of updated asset objects reloaded= 2
========================================================================
Received Prepare
'Packages/com.unity.cinemachine/Editor/Obsolete/CinemachineVirtualCameraBaseEditor.cs' contains partial class of Unity.Object, exactly 1 of the partial classes needs to be in a file with the same filename. This is to know the one that can be referenced from ie. GameObjects
'Packages/com.unity.cinemachine/Editor/Editors/CinemachineVirtualCameraBaseEditor.cs' contains partial class of Unity.Object, exactly 1 of the partial classes needs to be in a file with the same filename. This is to know the one that can be referenced from ie. GameObjects
Refreshing native plugins compatible for Editor in 22.98 ms, found 12 plugins.
Preloading 0 native plugins for Editor in 0.00 ms.
Unloading 26 Unused Serialized files (Serialized files now loaded: 0)
Unloading 7512 unused Assets / (6.5 MB). Loaded Objects now: 8451.
Memory consumption went from 183.7 MB to 177.3 MB.
Total: 10.284600 ms (FindLiveObjects: 0.826800 ms CreateObjectMapping: 1.085700 ms MarkObjects: 4.787000 ms  DeleteObjects: 3.584400 ms)

Prepare: number of updated asset objects reloaded= 0
========================================================================
Received Import Request.
  Time since last request: 1588.132936 seconds.
  path: Assets/MyScripts/CarTelemetryHandler.cs
  artifactKey: Guid(2a98f823557ab284492611b81aefc361) Importer(815301076,1909f56bfc062723c751e8b465ee728b)
Start importing Assets/MyScripts/CarTelemetryHandler.cs using Guid(2a98f823557ab284492611b81aefc361) Importer(815301076,1909f56bfc062723c751e8b465ee728b) (PreviewImporter) -> (artifact id: 'dc8397fd58ed2d5b29b6ff65cf577ce1') in 0.052533 seconds
Number of updated asset objects reloaded before import = 0Number of asset objects unloaded after import = 0

========================================================================
Received Prepare
Folder 'Packages/com.unity.cinemachine/Editor/' contains multiple assembly definition files (Packages/com.unity.cinemachine/Editor/Unity.Cinemachine.Editor.asmdef)
Folder 'Packages/com.unity.cinemachine/Editor/' contains multiple assembly definition files (Packages/com.unity.cinemachine/Editor/com.unity.cinemachine.Editor.asmdef)
Folder 'Packages/com.unity.cinemachine/Runtime/' contains multiple assembly definition files (Packages/com.unity.cinemachine/Runtime/com.unity.cinemachine.asmdef)
Folder 'Packages/com.unity.cinemachine/Runtime/' contains multiple assembly definition files (Packages/com.unity.cinemachine/Runtime/Unity.Cinemachine.asmdef)
ArgumentException: An item with the same key has already been added. Key: ba8c092d026123a418fb4bfb797a7bd8
  at System.Collections.Generic.Dictionary`2[TKey,TValue].TryInsert (TKey key, TValue value, System.Collections.Generic.InsertionBehavior behavior) [0x0015a] in <eb0ef51e5908461ca908fdf6b2dbd966>:0 
  at System.Collections.Generic.Dictionary`2[TKey,TValue].Add (TKey key, TValue value) [0x00000] in <eb0ef51e5908461ca908fdf6b2dbd966>:0 
  at System.Linq.Enumerable.ToDictionary[TSource,TKey,TElement] (TSource[] source, System.Func`2[T,TResult] keySelector, System.Func`2[T,TResult] elementSelector, System.Collections.Generic.IEqualityComparer`1[T] comparer) [0x00029] in <41d1bd92f95542f4aa33290b7e44d57e>:0 
  at System.Linq.Enumerable.ToDictionary[TSource,TKey,TElement] (System.Collections.Generic.IEnumerable`1[T] source, System.Func`2[T,TResult] keySelector, System.Func`2[T,TResult] elementSelector, System.Collections.Generic.IEqualityComparer`1[T] comparer) [0x00051] in <41d1bd92f95542f4aa33290b7e44d57e>:0 
  at System.Linq.Enumerable.ToDictionary[TSource,TKey,TElement] (System.Collections.Generic.IEnumerable`1[T] source, System.Func`2[T,TResult] keySelector, System.Func`2[T,TResult] elementSelector) [0x00000] in <41d1bd92f95542f4aa33290b7e44d57e>:0 
  at UnityEditor.Scripting.ScriptCompilation.AssemblyGraphBuilder.Initialize (System.Collections.Generic.IReadOnlyCollection`1[T] assemblies, System.Collections.Generic.IReadOnlyCollection`1[T] customScriptAssemblyReferences) [0x00046] in <383b67993756435b8920080a9ba43b70>:0 
  at UnityEditor.Scripting.ScriptCompilation.AssemblyGraphBuilderFactory.GetOrCreate (System.String projectPath, System.Collections.Generic.IReadOnlyCollection`1[T] assemblies, System.Collections.Generic.IReadOnlyCollection`1[T] customScriptAssemblyReferences) [0x00038] in <383b67993756435b8920080a9ba43b70>:0 
  at UnityEditor.Scripting.ScriptCompilation.EditorCompilation.GetAssemblyGraphBuilder () [0x00027] in <383b67993756435b8920080a9ba43b70>:0 
  at UnityEditor.Scripting.ScriptCompilation.EditorCompilation.SetAllScripts (System.String[] allScripts) [0x0000d] in <383b67993756435b8920080a9ba43b70>:0 
  at UnityEditor.Scripting.ScriptCompilation.EditorCompilationInterface.SetAllScripts (System.String[] allScripts) [0x00006] in <383b67993756435b8920080a9ba43b70>:0 

Folder 'Packages/com.unity.cinemachine/Editor/' contains multiple assembly definition files (Packages/com.unity.cinemachine/Editor/Unity.Cinemachine.Editor.asmdef)
Folder 'Packages/com.unity.cinemachine/Editor/' contains multiple assembly definition files (Packages/com.unity.cinemachine/Editor/com.unity.cinemachine.Editor.asmdef)
Folder 'Packages/com.unity.cinemachine/Runtime/' contains multiple assembly definition files (Packages/com.unity.cinemachine/Runtime/com.unity.cinemachine.asmdef)
Folder 'Packages/com.unity.cinemachine/Runtime/' contains multiple assembly definition files (Packages/com.unity.cinemachine/Runtime/Unity.Cinemachine.asmdef)
ArgumentException: An item with the same key has already been added. Key: ba8c092d026123a418fb4bfb797a7bd8
  at System.Collections.Generic.Dictionary`2[TKey,TValue].TryInsert (TKey key, TValue value, System.Collections.Generic.InsertionBehavior behavior) [0x0015a] in <eb0ef51e5908461ca908fdf6b2dbd966>:0 
  at System.Collections.Generic.Dictionary`2[TKey,TValue].Add (TKey key, TValue value) [0x00000] in <eb0ef51e5908461ca908fdf6b2dbd966>:0 
  at System.Linq.Enumerable.ToDictionary[TSource,TKey,TElement] (TSource[] source, System.Func`2[T,TResult] keySelector, System.Func`2[T,TResult] elementSelector, System.Collections.Generic.IEqualityComparer`1[T] comparer) [0x00029] in <41d1bd92f95542f4aa33290b7e44d57e>:0 
  at System.Linq.Enumerable.ToDictionary[TSource,TKey,TElement] (System.Collections.Generic.IEnumerable`1[T] source, System.Func`2[T,TResult] keySelector, System.Func`2[T,TResult] elementSelector, System.Collections.Generic.IEqualityComparer`1[T] comparer) [0x00051] in <41d1bd92f95542f4aa33290b7e44d57e>:0 
  at System.Linq.Enumerable.ToDictionary[TSource,TKey,TElement] (System.Collections.Generic.IEnumerable`1[T] source, System.Func`2[T,TResult] keySelector, System.Func`2[T,TResult] elementSelector) [0x00000] in <41d1bd92f95542f4aa33290b7e44d57e>:0 
  at UnityEditor.Scripting.ScriptCompilation.AssemblyGraphBuilder.Initialize (System.Collections.Generic.IReadOnlyCollection`1[T] assemblies, System.Collections.Generic.IReadOnlyCollection`1[T] customScriptAssemblyReferences) [0x00046] in <383b67993756435b8920080a9ba43b70>:0 
  at UnityEditor.Scripting.ScriptCompilation.AssemblyGraphBuilderFactory.GetOrCreate (System.String projectPath, System.Collections.Generic.IReadOnlyCollection`1[T] assemblies, System.Collections.Generic.IReadOnlyCollection`1[T] customScriptAssemblyReferences) [0x00038] in <383b67993756435b8920080a9ba43b70>:0 
  at UnityEditor.Scripting.ScriptCompilation.EditorCompilation.GetAssemblyGraphBuilder () [0x00027] in <383b67993756435b8920080a9ba43b70>:0 
  at UnityEditor.Scripting.ScriptCompilation.EditorCompilation.SetAllScripts (System.String[] allScripts) [0x0000d] in <383b67993756435b8920080a9ba43b70>:0 
  at UnityEditor.Scripting.ScriptCompilation.EditorCompilationInterface.SetAllScripts (System.String[] allScripts) [0x00006] in <383b67993756435b8920080a9ba43b70>:0 

Begin MonoManager ReloadAssembly
- Loaded All Assemblies, in  0.746 seconds
Folder 'Packages/com.unity.cinemachine/Editor/' contains multiple assembly definition files (Packages/com.unity.cinemachine/Editor/Unity.Cinemachine.Editor.asmdef)
Folder 'Packages/com.unity.cinemachine/Editor/' contains multiple assembly definition files (Packages/com.unity.cinemachine/Editor/com.unity.cinemachine.Editor.asmdef)
Folder 'Packages/com.unity.cinemachine/Runtime/' contains multiple assembly definition files (Packages/com.unity.cinemachine/Runtime/com.unity.cinemachine.asmdef)
Folder 'Packages/com.unity.cinemachine/Runtime/' contains multiple assembly definition files (Packages/com.unity.cinemachine/Runtime/Unity.Cinemachine.asmdef)
ArgumentException: An item with the same key has already been added. Key: ba8c092d026123a418fb4bfb797a7bd8
  at System.Collections.Generic.Dictionary`2[TKey,TValue].TryInsert (TKey key, TValue value, System.Collections.Generic.InsertionBehavior behavior) [0x0015a] in <eb0ef51e5908461ca908fdf6b2dbd966>:0 
  at System.Collections.Generic.Dictionary`2[TKey,TValue].Add (TKey key, TValue value) [0x00000] in <eb0ef51e5908461ca908fdf6b2dbd966>:0 
  at System.Linq.Enumerable.ToDictionary[TSource,TKey,TElement] (TSource[] source, System.Func`2[T,TResult] keySelector, System.Func`2[T,TResult] elementSelector, System.Collections.Generic.IEqualityComparer`1[T] comparer) [0x00029] in <41d1bd92f95542f4aa33290b7e44d57e>:0 
  at System.Linq.Enumerable.ToDictionary[TSource,TKey,TElement] (System.Collections.Generic.IEnumerable`1[T] source, System.Func`2[T,TResult] keySelector, System.Func`2[T,TResult] elementSelector, System.Collections.Generic.IEqualityComparer`1[T] comparer) [0x00051] in <41d1bd92f95542f4aa33290b7e44d57e>:0 
  at System.Linq.Enumerable.ToDictionary[TSource,TKey,TElement] (System.Collections.Generic.IEnumerable`1[T] source, System.Func`2[T,TResult] keySelector, System.Func`2[T,TResult] elementSelector) [0x00000] in <41d1bd92f95542f4aa33290b7e44d57e>:0 
  at UnityEditor.Scripting.ScriptCompilation.AssemblyGraphBuilder.Initialize (System.Collections.Generic.IReadOnlyCollection`1[T] assemblies, System.Collections.Generic.IReadOnlyCollection`1[T] customScriptAssemblyReferences) [0x00046] in <383b67993756435b8920080a9ba43b70>:0 
  at UnityEditor.Scripting.ScriptCompilation.AssemblyGraphBuilderFactory.GetOrCreate (System.String projectPath, System.Collections.Generic.IReadOnlyCollection`1[T] assemblies, System.Collections.Generic.IReadOnlyCollection`1[T] customScriptAssemblyReferences) [0x00038] in <383b67993756435b8920080a9ba43b70>:0 
  at UnityEditor.Scripting.ScriptCompilation.EditorCompilation.GetAssemblyGraphBuilder () [0x00027] in <383b67993756435b8920080a9ba43b70>:0 
  at UnityEditor.Scripting.ScriptCompilation.EditorCompilation.SetAllScripts (System.String[] allScripts) [0x0000d] in <383b67993756435b8920080a9ba43b70>:0 
  at UnityEditor.Scripting.ScriptCompilation.EditorCompilationInterface.SetAllScripts (System.String[] allScripts) [0x00006] in <383b67993756435b8920080a9ba43b70>:0 

'Packages/com.unity.cinemachine/Editor/Obsolete/CinemachineVirtualCameraBaseEditor.cs' contains partial class of Unity.Object, exactly 1 of the partial classes needs to be in a file with the same filename. This is to know the one that can be referenced from ie. GameObjects
'Packages/com.unity.cinemachine/Editor/Editors/CinemachineVirtualCameraBaseEditor.cs' contains partial class of Unity.Object, exactly 1 of the partial classes needs to be in a file with the same filename. This is to know the one that can be referenced from ie. GameObjects
Refreshing native plugins compatible for Editor in 8.14 ms, found 12 plugins.
Assertion failed on expression: 'pred(*previous, *i)'
Assertion failed on expression: 'pred(*previous, *i)'
Assertion failed on expression: 'pred(*previous, *i)'
Assertion failed on expression: 'pred(*previous, *i)'
Assertion failed on expression: 'pred(*previous, *i)'
Assertion failed on expression: 'pred(*previous, *i)'
Assertion failed on expression: 'pred(*previous, *i)'
Assertion failed on expression: 'pred(*previous, *i)'
Assertion failed on expression: 'pred(*previous, *i)'
Assertion failed on expression: 'pred(*previous, *i)'
Assertion failed on expression: 'pred(*previous, *i)'
Assertion failed on expression: 'pred(*previous, *i)'
Assertion failed on expression: 'pred(*previous, *i)'
Assertion failed on expression: 'pred(*previous, *i)'
Assertion failed on expression: 'pred(*previous, *i)'
Assertion failed on expression: 'pred(*previous, *i)'
Assertion failed on expression: 'pred(*previous, *i)'
Assertion failed on expression: 'pred(*previous, *i)'
Assertion failed on expression: 'pred(*previous, *i)'
Assertion failed on expression: 'pred(*previous, *i)'
Assertion failed on expression: 'pred(*previous, *i)'
Assertion failed on expression: 'pred(*previous, *i)'
Assertion failed on expression: 'pred(*previous, *i)'
Assertion failed on expression: 'pred(*previous, *i)'
Assertion failed on expression: 'pred(*previous, *i)'
Assertion failed on expression: 'pred(*previous, *i)'
Assertion failed on expression: 'pred(*previous, *i)'
Assertion failed on expression: 'pred(*previous, *i)'
Assertion failed on expression: 'pred(*previous, *i)'
Assertion failed on expression: 'pred(*previous, *i)'
Assertion failed on expression: 'pred(*previous, *i)'
Assertion failed on expression: 'pred(*previous, *i)'
Assertion failed on expression: 'pred(*previous, *i)'
Assertion failed on expression: 'pred(*previous, *i)'
Assertion failed on expression: 'pred(*previous, *i)'
Assertion failed on expression: 'pred(*previous, *i)'
Assertion failed on expression: 'pred(*previous, *i)'
Assertion failed on expression: 'pred(*previous, *i)'
Assertion failed on expression: 'pred(*previous, *i)'
Assertion failed on expression: 'pred(*previous, *i)'
Assertion failed on expression: 'pred(*previous, *i)'
Assertion failed on expression: 'pred(*previous, *i)'
Assertion failed on expression: 'pred(*previous, *i)'
Assertion failed on expression: 'pred(*previous, *i)'
Assertion failed on expression: 'pred(*previous, *i)'
Assertion failed on expression: 'pred(*previous, *i)'
Assertion failed on expression: 'pred(*previous, *i)'
Assertion failed on expression: 'pred(*previous, *i)'
Assertion failed on expression: 'pred(*previous, *i)'
Assertion failed on expression: 'pred(*previous, *i)'
Assertion failed on expression: 'pred(*previous, *i)'
Assertion failed on expression: 'pred(*previous, *i)'
Assertion failed on expression: 'pred(*previous, *i)'
Assertion failed on expression: 'pred(*previous, *i)'
Assertion failed on expression: 'pred(*previous, *i)'
Missing types referenced from component UniversalRenderPipelineGlobalSettings on game object UniversalRenderPipelineGlobalSettings:
	UnityEngine.Rendering.Universal.ScreenSpaceAmbientOcclusionDynamicResources, Unity.RenderPipelines.Universal.Runtime (1 object)
	UnityEngine.Rendering.Universal.ScreenSpaceAmbientOcclusionPersistentResources, Unity.RenderPipelines.Universal.Runtime (1 object)
Native extension for Android target not found
Native extension for UWP target not found
Native extension for WindowsStandalone target not found
Folder 'Packages/com.unity.cinemachine/Editor/' contains multiple assembly definition files (Packages/com.unity.cinemachine/Editor/Unity.Cinemachine.Editor.asmdef)
Folder 'Packages/com.unity.cinemachine/Editor/' contains multiple assembly definition files (Packages/com.unity.cinemachine/Editor/com.unity.cinemachine.Editor.asmdef)
Folder 'Packages/com.unity.cinemachine/Runtime/' contains multiple assembly definition files (Packages/com.unity.cinemachine/Runtime/com.unity.cinemachine.asmdef)
Folder 'Packages/com.unity.cinemachine/Runtime/' contains multiple assembly definition files (Packages/com.unity.cinemachine/Runtime/Unity.Cinemachine.asmdef)
ArgumentException: An item with the same key has already been added. Key: ba8c092d026123a418fb4bfb797a7bd8
  at System.Collections.Generic.Dictionary`2[TKey,TValue].TryInsert (TKey key, TValue value, System.Collections.Generic.InsertionBehavior behavior) [0x0015a] in <eb0ef51e5908461ca908fdf6b2dbd966>:0 
  at System.Collections.Generic.Dictionary`2[TKey,TValue].Add (TKey key, TValue value) [0x00000] in <eb0ef51e5908461ca908fdf6b2dbd966>:0 
  at System.Linq.Enumerable.ToDictionary[TSource,TKey,TElement] (TSource[] source, System.Func`2[T,TResult] keySelector, System.Func`2[T,TResult] elementSelector, System.Collections.Generic.IEqualityComparer`1[T] comparer) [0x00029] in <41d1bd92f95542f4aa33290b7e44d57e>:0 
  at System.Linq.Enumerable.ToDictionary[TSource,TKey,TElement] (System.Collections.Generic.IEnumerable`1[T] source, System.Func`2[T,TResult] keySelector, System.Func`2[T,TResult] elementSelector, System.Collections.Generic.IEqualityComparer`1[T] comparer) [0x00051] in <41d1bd92f95542f4aa33290b7e44d57e>:0 
  at System.Linq.Enumerable.ToDictionary[TSource,TKey,TElement] (System.Collections.Generic.IEnumerable`1[T] source, System.Func`2[T,TResult] keySelector, System.Func`2[T,TResult] elementSelector) [0x00000] in <41d1bd92f95542f4aa33290b7e44d57e>:0 
  at UnityEditor.Scripting.ScriptCompilation.AssemblyGraphBuilder.Initialize (System.Collections.Generic.IReadOnlyCollection`1[T] assemblies, System.Collections.Generic.IReadOnlyCollection`1[T] customScriptAssemblyReferences) [0x00046] in <383b67993756435b8920080a9ba43b70>:0 
  at UnityEditor.Scripting.ScriptCompilation.AssemblyGraphBuilderFactory.GetOrCreate (System.String projectPath, System.Collections.Generic.IReadOnlyCollection`1[T] assemblies, System.Collections.Generic.IReadOnlyCollection`1[T] customScriptAssemblyReferences) [0x00038] in <383b67993756435b8920080a9ba43b70>:0 
  at UnityEditor.Scripting.ScriptCompilation.EditorCompilation.GetAssemblyGraphBuilder () [0x00027] in <383b67993756435b8920080a9ba43b70>:0 
  at UnityEditor.Scripting.ScriptCompilation.EditorCompilation.SetAllScripts (System.String[] allScripts) [0x0000d] in <383b67993756435b8920080a9ba43b70>:0 
  at UnityEditor.Scripting.ScriptCompilation.EditorCompilationInterface.SetAllScripts (System.String[] allScripts) [0x00006] in <383b67993756435b8920080a9ba43b70>:0 

[Package Manager] Failed to launch server process. Reason: Unity was launched with the -noUpm command-line argument
[Package Manager] Unable to send message (not connected to server process).
[Package Manager] Cannot connect to Unity Package Manager local server
[Package Manager] Failed to launch server process. Reason: Unity was launched with the -noUpm command-line argument
[Package Manager] Unable to send message (not connected to server process).
[Package Manager] Cannot connect to Unity Package Manager local server
[Package Manager] Failed to launch server process. Reason: Unity was launched with the -noUpm command-line argument
[Package Manager] Unable to send message (not connected to server process).
[Package Manager] Cannot connect to Unity Package Manager local server
Mono: successfully reloaded assembly
[Package Manager] Failed to launch server process. Reason: Unity was launched with the -noUpm command-line argument
[Package Manager] Unable to send message (not connected to server process).
[Package Manager] Cannot connect to Unity Package Manager local server
- Finished resetting the current domain, in  0.773 seconds
Domain Reload Profiling: 1523ms
	BeginReloadAssembly (214ms)
		ExecutionOrderSort (0ms)
		DisableScriptedObjects (6ms)
		BackupInstance (0ms)
		ReleaseScriptingObjects (0ms)
		CreateAndSetChildDomain (62ms)
	RebuildCommonClasses (36ms)
	RebuildNativeTypeToScriptingClass (12ms)
	initialDomainReloadingComplete (24ms)
	LoadAllAssembliesAndSetupDomain (463ms)
		LoadAssemblies (373ms)
		RebuildTransferFunctionScriptingTraits (0ms)
		AnalyzeDomain (198ms)
			TypeCache.Refresh (9ms)
				TypeCache.ScanAssembly (1ms)
			BuildScriptInfoCaches (173ms)
			ResolveRequiredComponents (12ms)
	FinalizeReload (774ms)
		ReleaseScriptCaches (0ms)
		RebuildScriptCaches (0ms)
		SetupLoadedEditorAssemblies (589ms)
			LogAssemblyErrors (0ms)
			InitializePlatformSupportModulesInManaged (9ms)
			SetLoadedEditorAssemblies (3ms)
			BeforeProcessingInitializeOnLoad (68ms)
			ProcessInitializeOnLoadAttributes (399ms)
			ProcessInitializeOnLoadMethodAttributes (107ms)
			AfterProcessingInitializeOnLoad (2ms)
			EditorAssembliesLoaded (0ms)
		ExecutionOrderSort2 (0ms)
		AwakeInstancesAfterBackupRestoration (10ms)
Refreshing native plugins compatible for Editor in 9.01 ms, found 12 plugins.
Preloading 0 native plugins for Editor in 0.00 ms.
Unloading 43 Unused Serialized files (Serialized files now loaded: 0)
Unloading 7577 unused Assets / (8.4 MB). Loaded Objects now: 8466.
Memory consumption went from 230.8 MB to 222.4 MB.
Total: 9.891200 ms (FindLiveObjects: 0.773600 ms CreateObjectMapping: 0.853900 ms MarkObjects: 4.257300 ms  DeleteObjects: 4.005800 ms)

Prepare: number of updated asset objects reloaded= 0
========================================================================
Received Prepare
Folder 'Packages/com.unity.cinemachine/Editor/' contains multiple assembly definition files (Packages/com.unity.cinemachine/Editor/Unity.Cinemachine.Editor.asmdef)
Folder 'Packages/com.unity.cinemachine/Editor/' contains multiple assembly definition files (Packages/com.unity.cinemachine/Editor/com.unity.cinemachine.Editor.asmdef)
Folder 'Packages/com.unity.cinemachine/Runtime/' contains multiple assembly definition files (Packages/com.unity.cinemachine/Runtime/com.unity.cinemachine.asmdef)
Folder 'Packages/com.unity.cinemachine/Runtime/' contains multiple assembly definition files (Packages/com.unity.cinemachine/Runtime/Unity.Cinemachine.asmdef)
ArgumentException: An item with the same key has already been added. Key: ba8c092d026123a418fb4bfb797a7bd8
  at System.Collections.Generic.Dictionary`2[TKey,TValue].TryInsert (TKey key, TValue value, System.Collections.Generic.InsertionBehavior behavior) [0x0015a] in <eb0ef51e5908461ca908fdf6b2dbd966>:0 
  at System.Collections.Generic.Dictionary`2[TKey,TValue].Add (TKey key, TValue value) [0x00000] in <eb0ef51e5908461ca908fdf6b2dbd966>:0 
  at System.Linq.Enumerable.ToDictionary[TSource,TKey,TElement] (TSource[] source, System.Func`2[T,TResult] keySelector, System.Func`2[T,TResult] elementSelector, System.Collections.Generic.IEqualityComparer`1[T] comparer) [0x00029] in <41d1bd92f95542f4aa33290b7e44d57e>:0 
  at System.Linq.Enumerable.ToDictionary[TSource,TKey,TElement] (System.Collections.Generic.IEnumerable`1[T] source, System.Func`2[T,TResult] keySelector, System.Func`2[T,TResult] elementSelector, System.Collections.Generic.IEqualityComparer`1[T] comparer) [0x00051] in <41d1bd92f95542f4aa33290b7e44d57e>:0 
  at System.Linq.Enumerable.ToDictionary[TSource,TKey,TElement] (System.Collections.Generic.IEnumerable`1[T] source, System.Func`2[T,TResult] keySelector, System.Func`2[T,TResult] elementSelector) [0x00000] in <41d1bd92f95542f4aa33290b7e44d57e>:0 
  at UnityEditor.Scripting.ScriptCompilation.AssemblyGraphBuilder.Initialize (System.Collections.Generic.IReadOnlyCollection`1[T] assemblies, System.Collections.Generic.IReadOnlyCollection`1[T] customScriptAssemblyReferences) [0x00046] in <383b67993756435b8920080a9ba43b70>:0 
  at UnityEditor.Scripting.ScriptCompilation.AssemblyGraphBuilderFactory.GetOrCreate (System.String projectPath, System.Collections.Generic.IReadOnlyCollection`1[T] assemblies, System.Collections.Generic.IReadOnlyCollection`1[T] customScriptAssemblyReferences) [0x00038] in <383b67993756435b8920080a9ba43b70>:0 
  at UnityEditor.Scripting.ScriptCompilation.EditorCompilation.GetAssemblyGraphBuilder () [0x00027] in <383b67993756435b8920080a9ba43b70>:0 
  at UnityEditor.Scripting.ScriptCompilation.EditorCompilation.SetAllScripts (System.String[] allScripts) [0x0000d] in <383b67993756435b8920080a9ba43b70>:0 
  at UnityEditor.Scripting.ScriptCompilation.EditorCompilationInterface.SetAllScripts (System.String[] allScripts) [0x00006] in <383b67993756435b8920080a9ba43b70>:0 

Folder 'Packages/com.unity.cinemachine/Editor/' contains multiple assembly definition files (Packages/com.unity.cinemachine/Editor/Unity.Cinemachine.Editor.asmdef)
Folder 'Packages/com.unity.cinemachine/Editor/' contains multiple assembly definition files (Packages/com.unity.cinemachine/Editor/com.unity.cinemachine.Editor.asmdef)
Folder 'Packages/com.unity.cinemachine/Runtime/' contains multiple assembly definition files (Packages/com.unity.cinemachine/Runtime/com.unity.cinemachine.asmdef)
Folder 'Packages/com.unity.cinemachine/Runtime/' contains multiple assembly definition files (Packages/com.unity.cinemachine/Runtime/Unity.Cinemachine.asmdef)
ArgumentException: An item with the same key has already been added. Key: ba8c092d026123a418fb4bfb797a7bd8
  at System.Collections.Generic.Dictionary`2[TKey,TValue].TryInsert (TKey key, TValue value, System.Collections.Generic.InsertionBehavior behavior) [0x0015a] in <eb0ef51e5908461ca908fdf6b2dbd966>:0 
  at System.Collections.Generic.Dictionary`2[TKey,TValue].Add (TKey key, TValue value) [0x00000] in <eb0ef51e5908461ca908fdf6b2dbd966>:0 
  at System.Linq.Enumerable.ToDictionary[TSource,TKey,TElement] (TSource[] source, System.Func`2[T,TResult] keySelector, System.Func`2[T,TResult] elementSelector, System.Collections.Generic.IEqualityComparer`1[T] comparer) [0x00029] in <41d1bd92f95542f4aa33290b7e44d57e>:0 
  at System.Linq.Enumerable.ToDictionary[TSource,TKey,TElement] (System.Collections.Generic.IEnumerable`1[T] source, System.Func`2[T,TResult] keySelector, System.Func`2[T,TResult] elementSelector, System.Collections.Generic.IEqualityComparer`1[T] comparer) [0x00051] in <41d1bd92f95542f4aa33290b7e44d57e>:0 
  at System.Linq.Enumerable.ToDictionary[TSource,TKey,TElement] (System.Collections.Generic.IEnumerable`1[T] source, System.Func`2[T,TResult] keySelector, System.Func`2[T,TResult] elementSelector) [0x00000] in <41d1bd92f95542f4aa33290b7e44d57e>:0 
  at UnityEditor.Scripting.ScriptCompilation.AssemblyGraphBuilder.Initialize (System.Collections.Generic.IReadOnlyCollection`1[T] assemblies, System.Collections.Generic.IReadOnlyCollection`1[T] customScriptAssemblyReferences) [0x00046] in <383b67993756435b8920080a9ba43b70>:0 
  at UnityEditor.Scripting.ScriptCompilation.AssemblyGraphBuilderFactory.GetOrCreate (System.String projectPath, System.Collections.Generic.IReadOnlyCollection`1[T] assemblies, System.Collections.Generic.IReadOnlyCollection`1[T] customScriptAssemblyReferences) [0x00038] in <383b67993756435b8920080a9ba43b70>:0 
  at UnityEditor.Scripting.ScriptCompilation.EditorCompilation.GetAssemblyGraphBuilder () [0x00027] in <383b67993756435b8920080a9ba43b70>:0 
  at UnityEditor.Scripting.ScriptCompilation.EditorCompilation.SetAllScripts (System.String[] allScripts) [0x0000d] in <383b67993756435b8920080a9ba43b70>:0 
  at UnityEditor.Scripting.ScriptCompilation.EditorCompilationInterface.SetAllScripts (System.String[] allScripts) [0x00006] in <383b67993756435b8920080a9ba43b70>:0 

Begin MonoManager ReloadAssembly
- Loaded All Assemblies, in  0.687 seconds
Folder 'Packages/com.unity.cinemachine/Editor/' contains multiple assembly definition files (Packages/com.unity.cinemachine/Editor/Unity.Cinemachine.Editor.asmdef)
Folder 'Packages/com.unity.cinemachine/Editor/' contains multiple assembly definition files (Packages/com.unity.cinemachine/Editor/com.unity.cinemachine.Editor.asmdef)
Folder 'Packages/com.unity.cinemachine/Runtime/' contains multiple assembly definition files (Packages/com.unity.cinemachine/Runtime/com.unity.cinemachine.asmdef)
Folder 'Packages/com.unity.cinemachine/Runtime/' contains multiple assembly definition files (Packages/com.unity.cinemachine/Runtime/Unity.Cinemachine.asmdef)
ArgumentException: An item with the same key has already been added. Key: ba8c092d026123a418fb4bfb797a7bd8
  at System.Collections.Generic.Dictionary`2[TKey,TValue].TryInsert (TKey key, TValue value, System.Collections.Generic.InsertionBehavior behavior) [0x0015a] in <eb0ef51e5908461ca908fdf6b2dbd966>:0 
  at System.Collections.Generic.Dictionary`2[TKey,TValue].Add (TKey key, TValue value) [0x00000] in <eb0ef51e5908461ca908fdf6b2dbd966>:0 
  at System.Linq.Enumerable.ToDictionary[TSource,TKey,TElement] (TSource[] source, System.Func`2[T,TResult] keySelector, System.Func`2[T,TResult] elementSelector, System.Collections.Generic.IEqualityComparer`1[T] comparer) [0x00029] in <41d1bd92f95542f4aa33290b7e44d57e>:0 
  at System.Linq.Enumerable.ToDictionary[TSource,TKey,TElement] (System.Collections.Generic.IEnumerable`1[T] source, System.Func`2[T,TResult] keySelector, System.Func`2[T,TResult] elementSelector, System.Collections.Generic.IEqualityComparer`1[T] comparer) [0x00051] in <41d1bd92f95542f4aa33290b7e44d57e>:0 
  at System.Linq.Enumerable.ToDictionary[TSource,TKey,TElement] (System.Collections.Generic.IEnumerable`1[T] source, System.Func`2[T,TResult] keySelector, System.Func`2[T,TResult] elementSelector) [0x00000] in <41d1bd92f95542f4aa33290b7e44d57e>:0 
  at UnityEditor.Scripting.ScriptCompilation.AssemblyGraphBuilder.Initialize (System.Collections.Generic.IReadOnlyCollection`1[T] assemblies, System.Collections.Generic.IReadOnlyCollection`1[T] customScriptAssemblyReferences) [0x00046] in <383b67993756435b8920080a9ba43b70>:0 
  at UnityEditor.Scripting.ScriptCompilation.AssemblyGraphBuilderFactory.GetOrCreate (System.String projectPath, System.Collections.Generic.IReadOnlyCollection`1[T] assemblies, System.Collections.Generic.IReadOnlyCollection`1[T] customScriptAssemblyReferences) [0x00038] in <383b67993756435b8920080a9ba43b70>:0 
  at UnityEditor.Scripting.ScriptCompilation.EditorCompilation.GetAssemblyGraphBuilder () [0x00027] in <383b67993756435b8920080a9ba43b70>:0 
  at UnityEditor.Scripting.ScriptCompilation.EditorCompilation.SetAllScripts (System.String[] allScripts) [0x0000d] in <383b67993756435b8920080a9ba43b70>:0 
  at UnityEditor.Scripting.ScriptCompilation.EditorCompilationInterface.SetAllScripts (System.String[] allScripts) [0x00006] in <383b67993756435b8920080a9ba43b70>:0 

'Packages/com.unity.cinemachine/Editor/Obsolete/CinemachineVirtualCameraBaseEditor.cs' contains partial class of Unity.Object, exactly 1 of the partial classes needs to be in a file with the same filename. This is to know the one that can be referenced from ie. GameObjects
'Packages/com.unity.cinemachine/Editor/Editors/CinemachineVirtualCameraBaseEditor.cs' contains partial class of Unity.Object, exactly 1 of the partial classes needs to be in a file with the same filename. This is to know the one that can be referenced from ie. GameObjects
Refreshing native plugins compatible for Editor in 8.26 ms, found 12 plugins.
Assertion failed on expression: 'pred(*previous, *i)'
Assertion failed on expression: 'pred(*previous, *i)'
Assertion failed on expression: 'pred(*previous, *i)'
Assertion failed on expression: 'pred(*previous, *i)'
Assertion failed on expression: 'pred(*previous, *i)'
Assertion failed on expression: 'pred(*previous, *i)'
Assertion failed on expression: 'pred(*previous, *i)'
Assertion failed on expression: 'pred(*previous, *i)'
Assertion failed on expression: 'pred(*previous, *i)'
Assertion failed on expression: 'pred(*previous, *i)'
Assertion failed on expression: 'pred(*previous, *i)'
Assertion failed on expression: 'pred(*previous, *i)'
Assertion failed on expression: 'pred(*previous, *i)'
Assertion failed on expression: 'pred(*previous, *i)'
Assertion failed on expression: 'pred(*previous, *i)'
Assertion failed on expression: 'pred(*previous, *i)'
Assertion failed on expression: 'pred(*previous, *i)'
Assertion failed on expression: 'pred(*previous, *i)'
Assertion failed on expression: 'pred(*previous, *i)'
Assertion failed on expression: 'pred(*previous, *i)'
Assertion failed on expression: 'pred(*previous, *i)'
Assertion failed on expression: 'pred(*previous, *i)'
Assertion failed on expression: 'pred(*previous, *i)'
Assertion failed on expression: 'pred(*previous, *i)'
Assertion failed on expression: 'pred(*previous, *i)'
Assertion failed on expression: 'pred(*previous, *i)'
Assertion failed on expression: 'pred(*previous, *i)'
Assertion failed on expression: 'pred(*previous, *i)'
Assertion failed on expression: 'pred(*previous, *i)'
Assertion failed on expression: 'pred(*previous, *i)'
Assertion failed on expression: 'pred(*previous, *i)'
Assertion failed on expression: 'pred(*previous, *i)'
Assertion failed on expression: 'pred(*previous, *i)'
Assertion failed on expression: 'pred(*previous, *i)'
Assertion failed on expression: 'pred(*previous, *i)'
Assertion failed on expression: 'pred(*previous, *i)'
Assertion failed on expression: 'pred(*previous, *i)'
Assertion failed on expression: 'pred(*previous, *i)'
Assertion failed on expression: 'pred(*previous, *i)'
Assertion failed on expression: 'pred(*previous, *i)'
Assertion failed on expression: 'pred(*previous, *i)'
Assertion failed on expression: 'pred(*previous, *i)'
Assertion failed on expression: 'pred(*previous, *i)'
Assertion failed on expression: 'pred(*previous, *i)'
Assertion failed on expression: 'pred(*previous, *i)'
Assertion failed on expression: 'pred(*previous, *i)'
Assertion failed on expression: 'pred(*previous, *i)'
Assertion failed on expression: 'pred(*previous, *i)'
Assertion failed on expression: 'pred(*previous, *i)'
Assertion failed on expression: 'pred(*previous, *i)'
Assertion failed on expression: 'pred(*previous, *i)'
Assertion failed on expression: 'pred(*previous, *i)'
Assertion failed on expression: 'pred(*previous, *i)'
Assertion failed on expression: 'pred(*previous, *i)'
Assertion failed on expression: 'pred(*previous, *i)'
Missing types referenced from component UniversalRenderPipelineGlobalSettings on game object UniversalRenderPipelineGlobalSettings:
	UnityEngine.Rendering.Universal.ScreenSpaceAmbientOcclusionDynamicResources, Unity.RenderPipelines.Universal.Runtime (1 object)
	UnityEngine.Rendering.Universal.ScreenSpaceAmbientOcclusionPersistentResources, Unity.RenderPipelines.Universal.Runtime (1 object)
Native extension for Android target not found
Native extension for UWP target not found
Native extension for WindowsStandalone target not found
Folder 'Packages/com.unity.cinemachine/Editor/' contains multiple assembly definition files (Packages/com.unity.cinemachine/Editor/Unity.Cinemachine.Editor.asmdef)
Folder 'Packages/com.unity.cinemachine/Editor/' contains multiple assembly definition files (Packages/com.unity.cinemachine/Editor/com.unity.cinemachine.Editor.asmdef)
Folder 'Packages/com.unity.cinemachine/Runtime/' contains multiple assembly definition files (Packages/com.unity.cinemachine/Runtime/com.unity.cinemachine.asmdef)
Folder 'Packages/com.unity.cinemachine/Runtime/' contains multiple assembly definition files (Packages/com.unity.cinemachine/Runtime/Unity.Cinemachine.asmdef)
ArgumentException: An item with the same key has already been added. Key: ba8c092d026123a418fb4bfb797a7bd8
  at System.Collections.Generic.Dictionary`2[TKey,TValue].TryInsert (TKey key, TValue value, System.Collections.Generic.InsertionBehavior behavior) [0x0015a] in <eb0ef51e5908461ca908fdf6b2dbd966>:0 
  at System.Collections.Generic.Dictionary`2[TKey,TValue].Add (TKey key, TValue value) [0x00000] in <eb0ef51e5908461ca908fdf6b2dbd966>:0 
  at System.Linq.Enumerable.ToDictionary[TSource,TKey,TElement] (TSource[] source, System.Func`2[T,TResult] keySelector, System.Func`2[T,TResult] elementSelector, System.Collections.Generic.IEqualityComparer`1[T] comparer) [0x00029] in <41d1bd92f95542f4aa33290b7e44d57e>:0 
  at System.Linq.Enumerable.ToDictionary[TSource,TKey,TElement] (System.Collections.Generic.IEnumerable`1[T] source, System.Func`2[T,TResult] keySelector, System.Func`2[T,TResult] elementSelector, System.Collections.Generic.IEqualityComparer`1[T] comparer) [0x00051] in <41d1bd92f95542f4aa33290b7e44d57e>:0 
  at System.Linq.Enumerable.ToDictionary[TSource,TKey,TElement] (System.Collections.Generic.IEnumerable`1[T] source, System.Func`2[T,TResult] keySelector, System.Func`2[T,TResult] elementSelector) [0x00000] in <41d1bd92f95542f4aa33290b7e44d57e>:0 
  at UnityEditor.Scripting.ScriptCompilation.AssemblyGraphBuilder.Initialize (System.Collections.Generic.IReadOnlyCollection`1[T] assemblies, System.Collections.Generic.IReadOnlyCollection`1[T] customScriptAssemblyReferences) [0x00046] in <383b67993756435b8920080a9ba43b70>:0 
  at UnityEditor.Scripting.ScriptCompilation.AssemblyGraphBuilderFactory.GetOrCreate (System.String projectPath, System.Collections.Generic.IReadOnlyCollection`1[T] assemblies, System.Collections.Generic.IReadOnlyCollection`1[T] customScriptAssemblyReferences) [0x00038] in <383b67993756435b8920080a9ba43b70>:0 
  at UnityEditor.Scripting.ScriptCompilation.EditorCompilation.GetAssemblyGraphBuilder () [0x00027] in <383b67993756435b8920080a9ba43b70>:0 
  at UnityEditor.Scripting.ScriptCompilation.EditorCompilation.SetAllScripts (System.String[] allScripts) [0x0000d] in <383b67993756435b8920080a9ba43b70>:0 
  at UnityEditor.Scripting.ScriptCompilation.EditorCompilationInterface.SetAllScripts (System.String[] allScripts) [0x00006] in <383b67993756435b8920080a9ba43b70>:0 

[Package Manager] Failed to launch server process. Reason: Unity was launched with the -noUpm command-line argument
[Package Manager] Unable to send message (not connected to server process).
[Package Manager] Cannot connect to Unity Package Manager local server
[Package Manager] Failed to launch server process. Reason: Unity was launched with the -noUpm command-line argument
[Package Manager] Unable to send message (not connected to server process).
[Package Manager] Cannot connect to Unity Package Manager local server
[Package Manager] Failed to launch server process. Reason: Unity was launched with the -noUpm command-line argument
[Package Manager] Unable to send message (not connected to server process).
[Package Manager] Cannot connect to Unity Package Manager local server
Mono: successfully reloaded assembly
[Package Manager] Failed to launch server process. Reason: Unity was launched with the -noUpm command-line argument
[Package Manager] Unable to send message (not connected to server process).
[Package Manager] Cannot connect to Unity Package Manager local server
- Finished resetting the current domain, in  0.757 seconds
Domain Reload Profiling: 1446ms
	BeginReloadAssembly (202ms)
		ExecutionOrderSort (0ms)
		DisableScriptedObjects (5ms)
		BackupInstance (0ms)
		ReleaseScriptingObjects (0ms)
		CreateAndSetChildDomain (51ms)
	RebuildCommonClasses (32ms)
	RebuildNativeTypeToScriptingClass (10ms)
	initialDomainReloadingComplete (21ms)
	LoadAllAssembliesAndSetupDomain (425ms)
		LoadAssemblies (353ms)
		RebuildTransferFunctionScriptingTraits (0ms)
		AnalyzeDomain (180ms)
			TypeCache.Refresh (6ms)
				TypeCache.ScanAssembly (0ms)
			BuildScriptInfoCaches (158ms)
			ResolveRequiredComponents (12ms)
	FinalizeReload (757ms)
		ReleaseScriptCaches (0ms)
		RebuildScriptCaches (0ms)
		SetupLoadedEditorAssemblies (576ms)
			LogAssemblyErrors (0ms)
			InitializePlatformSupportModulesInManaged (10ms)
			SetLoadedEditorAssemblies (3ms)
			BeforeProcessingInitializeOnLoad (62ms)
			ProcessInitializeOnLoadAttributes (385ms)
			ProcessInitializeOnLoadMethodAttributes (113ms)
			AfterProcessingInitializeOnLoad (2ms)
			EditorAssembliesLoaded (0ms)
		ExecutionOrderSort2 (0ms)
		AwakeInstancesAfterBackupRestoration (10ms)
Refreshing native plugins compatible for Editor in 11.08 ms, found 12 plugins.
Preloading 0 native plugins for Editor in 0.00 ms.
Unloading 43 Unused Serialized files (Serialized files now loaded: 0)
Unloading 7577 unused Assets / (8.6 MB). Loaded Objects now: 8469.
Memory consumption went from 230.8 MB to 222.2 MB.
Total: 10.210100 ms (FindLiveObjects: 0.839500 ms CreateObjectMapping: 0.926400 ms MarkObjects: 4.383900 ms  DeleteObjects: 4.059700 ms)

Prepare: number of updated asset objects reloaded= 0
========================================================================
Received Prepare
'Packages/com.unity.cinemachine/Editor/Obsolete/CinemachineVirtualCameraBaseEditor.cs' contains partial class of Unity.Object, exactly 1 of the partial classes needs to be in a file with the same filename. This is to know the one that can be referenced from ie. GameObjects
'Packages/com.unity.cinemachine/Editor/Editors/CinemachineVirtualCameraBaseEditor.cs' contains partial class of Unity.Object, exactly 1 of the partial classes needs to be in a file with the same filename. This is to know the one that can be referenced from ie. GameObjects
Refreshing native plugins compatible for Editor in 11.17 ms, found 12 plugins.
Preloading 0 native plugins for Editor in 0.00 ms.
Unloading 26 Unused Serialized files (Serialized files now loaded: 0)
Unloading 7512 unused Assets / (6.8 MB). Loaded Objects now: 8457.
Memory consumption went from 183.7 MB to 176.9 MB.
Total: 10.842100 ms (FindLiveObjects: 0.902200 ms CreateObjectMapping: 0.998400 ms MarkObjects: 5.297400 ms  DeleteObjects: 3.643200 ms)

Prepare: number of updated asset objects reloaded= 0
========================================================================
Received Prepare
Folder 'Packages/com.unity.cinemachine/Editor/' contains multiple assembly definition files (Packages/com.unity.cinemachine/Editor/Unity.Cinemachine.Editor.asmdef)
Folder 'Packages/com.unity.cinemachine/Editor/' contains multiple assembly definition files (Packages/com.unity.cinemachine/Editor/com.unity.cinemachine.Editor.asmdef)
Folder 'Packages/com.unity.cinemachine/Runtime/' contains multiple assembly definition files (Packages/com.unity.cinemachine/Runtime/com.unity.cinemachine.asmdef)
Folder 'Packages/com.unity.cinemachine/Runtime/' contains multiple assembly definition files (Packages/com.unity.cinemachine/Runtime/Unity.Cinemachine.asmdef)
ArgumentException: An item with the same key has already been added. Key: ba8c092d026123a418fb4bfb797a7bd8
  at System.Collections.Generic.Dictionary`2[TKey,TValue].TryInsert (TKey key, TValue value, System.Collections.Generic.InsertionBehavior behavior) [0x0015a] in <eb0ef51e5908461ca908fdf6b2dbd966>:0 
  at System.Collections.Generic.Dictionary`2[TKey,TValue].Add (TKey key, TValue value) [0x00000] in <eb0ef51e5908461ca908fdf6b2dbd966>:0 
  at System.Linq.Enumerable.ToDictionary[TSource,TKey,TElement] (TSource[] source, System.Func`2[T,TResult] keySelector, System.Func`2[T,TResult] elementSelector, System.Collections.Generic.IEqualityComparer`1[T] comparer) [0x00029] in <41d1bd92f95542f4aa33290b7e44d57e>:0 
  at System.Linq.Enumerable.ToDictionary[TSource,TKey,TElement] (System.Collections.Generic.IEnumerable`1[T] source, System.Func`2[T,TResult] keySelector, System.Func`2[T,TResult] elementSelector, System.Collections.Generic.IEqualityComparer`1[T] comparer) [0x00051] in <41d1bd92f95542f4aa33290b7e44d57e>:0 
  at System.Linq.Enumerable.ToDictionary[TSource,TKey,TElement] (System.Collections.Generic.IEnumerable`1[T] source, System.Func`2[T,TResult] keySelector, System.Func`2[T,TResult] elementSelector) [0x00000] in <41d1bd92f95542f4aa33290b7e44d57e>:0 
  at UnityEditor.Scripting.ScriptCompilation.AssemblyGraphBuilder.Initialize (System.Collections.Generic.IReadOnlyCollection`1[T] assemblies, System.Collections.Generic.IReadOnlyCollection`1[T] customScriptAssemblyReferences) [0x00046] in <383b67993756435b8920080a9ba43b70>:0 
  at UnityEditor.Scripting.ScriptCompilation.AssemblyGraphBuilderFactory.GetOrCreate (System.String projectPath, System.Collections.Generic.IReadOnlyCollection`1[T] assemblies, System.Collections.Generic.IReadOnlyCollection`1[T] customScriptAssemblyReferences) [0x00038] in <383b67993756435b8920080a9ba43b70>:0 
  at UnityEditor.Scripting.ScriptCompilation.EditorCompilation.GetAssemblyGraphBuilder () [0x00027] in <383b67993756435b8920080a9ba43b70>:0 
  at UnityEditor.Scripting.ScriptCompilation.EditorCompilation.SetAllScripts (System.String[] allScripts) [0x0000d] in <383b67993756435b8920080a9ba43b70>:0 
  at UnityEditor.Scripting.ScriptCompilation.EditorCompilationInterface.SetAllScripts (System.String[] allScripts) [0x00006] in <383b67993756435b8920080a9ba43b70>:0 

Folder 'Packages/com.unity.cinemachine/Editor/' contains multiple assembly definition files (Packages/com.unity.cinemachine/Editor/Unity.Cinemachine.Editor.asmdef)
Folder 'Packages/com.unity.cinemachine/Editor/' contains multiple assembly definition files (Packages/com.unity.cinemachine/Editor/com.unity.cinemachine.Editor.asmdef)
Folder 'Packages/com.unity.cinemachine/Runtime/' contains multiple assembly definition files (Packages/com.unity.cinemachine/Runtime/com.unity.cinemachine.asmdef)
Folder 'Packages/com.unity.cinemachine/Runtime/' contains multiple assembly definition files (Packages/com.unity.cinemachine/Runtime/Unity.Cinemachine.asmdef)
ArgumentException: An item with the same key has already been added. Key: ba8c092d026123a418fb4bfb797a7bd8
  at System.Collections.Generic.Dictionary`2[TKey,TValue].TryInsert (TKey key, TValue value, System.Collections.Generic.InsertionBehavior behavior) [0x0015a] in <eb0ef51e5908461ca908fdf6b2dbd966>:0 
  at System.Collections.Generic.Dictionary`2[TKey,TValue].Add (TKey key, TValue value) [0x00000] in <eb0ef51e5908461ca908fdf6b2dbd966>:0 
  at System.Linq.Enumerable.ToDictionary[TSource,TKey,TElement] (TSource[] source, System.Func`2[T,TResult] keySelector, System.Func`2[T,TResult] elementSelector, System.Collections.Generic.IEqualityComparer`1[T] comparer) [0x00029] in <41d1bd92f95542f4aa33290b7e44d57e>:0 
  at System.Linq.Enumerable.ToDictionary[TSource,TKey,TElement] (System.Collections.Generic.IEnumerable`1[T] source, System.Func`2[T,TResult] keySelector, System.Func`2[T,TResult] elementSelector, System.Collections.Generic.IEqualityComparer`1[T] comparer) [0x00051] in <41d1bd92f95542f4aa33290b7e44d57e>:0 
  at System.Linq.Enumerable.ToDictionary[TSource,TKey,TElement] (System.Collections.Generic.IEnumerable`1[T] source, System.Func`2[T,TResult] keySelector, System.Func`2[T,TResult] elementSelector) [0x00000] in <41d1bd92f95542f4aa33290b7e44d57e>:0 
  at UnityEditor.Scripting.ScriptCompilation.AssemblyGraphBuilder.Initialize (System.Collections.Generic.IReadOnlyCollection`1[T] assemblies, System.Collections.Generic.IReadOnlyCollection`1[T] customScriptAssemblyReferences) [0x00046] in <383b67993756435b8920080a9ba43b70>:0 
  at UnityEditor.Scripting.ScriptCompilation.AssemblyGraphBuilderFactory.GetOrCreate (System.String projectPath, System.Collections.Generic.IReadOnlyCollection`1[T] assemblies, System.Collections.Generic.IReadOnlyCollection`1[T] customScriptAssemblyReferences) [0x00038] in <383b67993756435b8920080a9ba43b70>:0 
  at UnityEditor.Scripting.ScriptCompilation.EditorCompilation.GetAssemblyGraphBuilder () [0x00027] in <383b67993756435b8920080a9ba43b70>:0 
  at UnityEditor.Scripting.ScriptCompilation.EditorCompilation.SetAllScripts (System.String[] allScripts) [0x0000d] in <383b67993756435b8920080a9ba43b70>:0 
  at UnityEditor.Scripting.ScriptCompilation.EditorCompilationInterface.SetAllScripts (System.String[] allScripts) [0x00006] in <383b67993756435b8920080a9ba43b70>:0 

Begin MonoManager ReloadAssembly
- Loaded All Assemblies, in  0.702 seconds
Folder 'Packages/com.unity.cinemachine/Editor/' contains multiple assembly definition files (Packages/com.unity.cinemachine/Editor/Unity.Cinemachine.Editor.asmdef)
Folder 'Packages/com.unity.cinemachine/Editor/' contains multiple assembly definition files (Packages/com.unity.cinemachine/Editor/com.unity.cinemachine.Editor.asmdef)
Folder 'Packages/com.unity.cinemachine/Runtime/' contains multiple assembly definition files (Packages/com.unity.cinemachine/Runtime/com.unity.cinemachine.asmdef)
Folder 'Packages/com.unity.cinemachine/Runtime/' contains multiple assembly definition files (Packages/com.unity.cinemachine/Runtime/Unity.Cinemachine.asmdef)
ArgumentException: An item with the same key has already been added. Key: ba8c092d026123a418fb4bfb797a7bd8
  at System.Collections.Generic.Dictionary`2[TKey,TValue].TryInsert (TKey key, TValue value, System.Collections.Generic.InsertionBehavior behavior) [0x0015a] in <eb0ef51e5908461ca908fdf6b2dbd966>:0 
  at System.Collections.Generic.Dictionary`2[TKey,TValue].Add (TKey key, TValue value) [0x00000] in <eb0ef51e5908461ca908fdf6b2dbd966>:0 
  at System.Linq.Enumerable.ToDictionary[TSource,TKey,TElement] (TSource[] source, System.Func`2[T,TResult] keySelector, System.Func`2[T,TResult] elementSelector, System.Collections.Generic.IEqualityComparer`1[T] comparer) [0x00029] in <41d1bd92f95542f4aa33290b7e44d57e>:0 
  at System.Linq.Enumerable.ToDictionary[TSource,TKey,TElement] (System.Collections.Generic.IEnumerable`1[T] source, System.Func`2[T,TResult] keySelector, System.Func`2[T,TResult] elementSelector, System.Collections.Generic.IEqualityComparer`1[T] comparer) [0x00051] in <41d1bd92f95542f4aa33290b7e44d57e>:0 
  at System.Linq.Enumerable.ToDictionary[TSource,TKey,TElement] (System.Collections.Generic.IEnumerable`1[T] source, System.Func`2[T,TResult] keySelector, System.Func`2[T,TResult] elementSelector) [0x00000] in <41d1bd92f95542f4aa33290b7e44d57e>:0 
  at UnityEditor.Scripting.ScriptCompilation.AssemblyGraphBuilder.Initialize (System.Collections.Generic.IReadOnlyCollection`1[T] assemblies, System.Collections.Generic.IReadOnlyCollection`1[T] customScriptAssemblyReferences) [0x00046] in <383b67993756435b8920080a9ba43b70>:0 
  at UnityEditor.Scripting.ScriptCompilation.AssemblyGraphBuilderFactory.GetOrCreate (System.String projectPath, System.Collections.Generic.IReadOnlyCollection`1[T] assemblies, System.Collections.Generic.IReadOnlyCollection`1[T] customScriptAssemblyReferences) [0x00038] in <383b67993756435b8920080a9ba43b70>:0 
  at UnityEditor.Scripting.ScriptCompilation.EditorCompilation.GetAssemblyGraphBuilder () [0x00027] in <383b67993756435b8920080a9ba43b70>:0 
  at UnityEditor.Scripting.ScriptCompilation.EditorCompilation.SetAllScripts (System.String[] allScripts) [0x0000d] in <383b67993756435b8920080a9ba43b70>:0 
  at UnityEditor.Scripting.ScriptCompilation.EditorCompilationInterface.SetAllScripts (System.String[] allScripts) [0x00006] in <383b67993756435b8920080a9ba43b70>:0 

'Packages/com.unity.cinemachine/Editor/Obsolete/CinemachineVirtualCameraBaseEditor.cs' contains partial class of Unity.Object, exactly 1 of the partial classes needs to be in a file with the same filename. This is to know the one that can be referenced from ie. GameObjects
'Packages/com.unity.cinemachine/Editor/Editors/CinemachineVirtualCameraBaseEditor.cs' contains partial class of Unity.Object, exactly 1 of the partial classes needs to be in a file with the same filename. This is to know the one that can be referenced from ie. GameObjects
Refreshing native plugins compatible for Editor in 8.93 ms, found 12 plugins.
Assertion failed on expression: 'pred(*previous, *i)'
Assertion failed on expression: 'pred(*previous, *i)'
Assertion failed on expression: 'pred(*previous, *i)'
Assertion failed on expression: 'pred(*previous, *i)'
Assertion failed on expression: 'pred(*previous, *i)'
Assertion failed on expression: 'pred(*previous, *i)'
Assertion failed on expression: 'pred(*previous, *i)'
Assertion failed on expression: 'pred(*previous, *i)'
Assertion failed on expression: 'pred(*previous, *i)'
Assertion failed on expression: 'pred(*previous, *i)'
Assertion failed on expression: 'pred(*previous, *i)'
Assertion failed on expression: 'pred(*previous, *i)'
Assertion failed on expression: 'pred(*previous, *i)'
Assertion failed on expression: 'pred(*previous, *i)'
Assertion failed on expression: 'pred(*previous, *i)'
Assertion failed on expression: 'pred(*previous, *i)'
Assertion failed on expression: 'pred(*previous, *i)'
Assertion failed on expression: 'pred(*previous, *i)'
Assertion failed on expression: 'pred(*previous, *i)'
Assertion failed on expression: 'pred(*previous, *i)'
Assertion failed on expression: 'pred(*previous, *i)'
Assertion failed on expression: 'pred(*previous, *i)'
Assertion failed on expression: 'pred(*previous, *i)'
Assertion failed on expression: 'pred(*previous, *i)'
Assertion failed on expression: 'pred(*previous, *i)'
Assertion failed on expression: 'pred(*previous, *i)'
Assertion failed on expression: 'pred(*previous, *i)'
Assertion failed on expression: 'pred(*previous, *i)'
Assertion failed on expression: 'pred(*previous, *i)'
Assertion failed on expression: 'pred(*previous, *i)'
Assertion failed on expression: 'pred(*previous, *i)'
Assertion failed on expression: 'pred(*previous, *i)'
Assertion failed on expression: 'pred(*previous, *i)'
Assertion failed on expression: 'pred(*previous, *i)'
Assertion failed on expression: 'pred(*previous, *i)'
Assertion failed on expression: 'pred(*previous, *i)'
Assertion failed on expression: 'pred(*previous, *i)'
Assertion failed on expression: 'pred(*previous, *i)'
Assertion failed on expression: 'pred(*previous, *i)'
Assertion failed on expression: 'pred(*previous, *i)'
Assertion failed on expression: 'pred(*previous, *i)'
Assertion failed on expression: 'pred(*previous, *i)'
Assertion failed on expression: 'pred(*previous, *i)'
Assertion failed on expression: 'pred(*previous, *i)'
Assertion failed on expression: 'pred(*previous, *i)'
Assertion failed on expression: 'pred(*previous, *i)'
Assertion failed on expression: 'pred(*previous, *i)'
Assertion failed on expression: 'pred(*previous, *i)'
Assertion failed on expression: 'pred(*previous, *i)'
Assertion failed on expression: 'pred(*previous, *i)'
Assertion failed on expression: 'pred(*previous, *i)'
Assertion failed on expression: 'pred(*previous, *i)'
Assertion failed on expression: 'pred(*previous, *i)'
Assertion failed on expression: 'pred(*previous, *i)'
Assertion failed on expression: 'pred(*previous, *i)'
Missing types referenced from component UniversalRenderPipelineGlobalSettings on game object UniversalRenderPipelineGlobalSettings:
	UnityEngine.Rendering.Universal.ScreenSpaceAmbientOcclusionDynamicResources, Unity.RenderPipelines.Universal.Runtime (1 object)
	UnityEngine.Rendering.Universal.ScreenSpaceAmbientOcclusionPersistentResources, Unity.RenderPipelines.Universal.Runtime (1 object)
Native extension for Android target not found
Native extension for UWP target not found
Native extension for WindowsStandalone target not found
Folder 'Packages/com.unity.cinemachine/Editor/' contains multiple assembly definition files (Packages/com.unity.cinemachine/Editor/Unity.Cinemachine.Editor.asmdef)
Folder 'Packages/com.unity.cinemachine/Editor/' contains multiple assembly definition files (Packages/com.unity.cinemachine/Editor/com.unity.cinemachine.Editor.asmdef)
Folder 'Packages/com.unity.cinemachine/Runtime/' contains multiple assembly definition files (Packages/com.unity.cinemachine/Runtime/com.unity.cinemachine.asmdef)
Folder 'Packages/com.unity.cinemachine/Runtime/' contains multiple assembly definition files (Packages/com.unity.cinemachine/Runtime/Unity.Cinemachine.asmdef)
ArgumentException: An item with the same key has already been added. Key: ba8c092d026123a418fb4bfb797a7bd8
  at System.Collections.Generic.Dictionary`2[TKey,TValue].TryInsert (TKey key, TValue value, System.Collections.Generic.InsertionBehavior behavior) [0x0015a] in <eb0ef51e5908461ca908fdf6b2dbd966>:0 
  at System.Collections.Generic.Dictionary`2[TKey,TValue].Add (TKey key, TValue value) [0x00000] in <eb0ef51e5908461ca908fdf6b2dbd966>:0 
  at System.Linq.Enumerable.ToDictionary[TSource,TKey,TElement] (TSource[] source, System.Func`2[T,TResult] keySelector, System.Func`2[T,TResult] elementSelector, System.Collections.Generic.IEqualityComparer`1[T] comparer) [0x00029] in <41d1bd92f95542f4aa33290b7e44d57e>:0 
  at System.Linq.Enumerable.ToDictionary[TSource,TKey,TElement] (System.Collections.Generic.IEnumerable`1[T] source, System.Func`2[T,TResult] keySelector, System.Func`2[T,TResult] elementSelector, System.Collections.Generic.IEqualityComparer`1[T] comparer) [0x00051] in <41d1bd92f95542f4aa33290b7e44d57e>:0 
  at System.Linq.Enumerable.ToDictionary[TSource,TKey,TElement] (System.Collections.Generic.IEnumerable`1[T] source, System.Func`2[T,TResult] keySelector, System.Func`2[T,TResult] elementSelector) [0x00000] in <41d1bd92f95542f4aa33290b7e44d57e>:0 
  at UnityEditor.Scripting.ScriptCompilation.AssemblyGraphBuilder.Initialize (System.Collections.Generic.IReadOnlyCollection`1[T] assemblies, System.Collections.Generic.IReadOnlyCollection`1[T] customScriptAssemblyReferences) [0x00046] in <383b67993756435b8920080a9ba43b70>:0 
  at UnityEditor.Scripting.ScriptCompilation.AssemblyGraphBuilderFactory.GetOrCreate (System.String projectPath, System.Collections.Generic.IReadOnlyCollection`1[T] assemblies, System.Collections.Generic.IReadOnlyCollection`1[T] customScriptAssemblyReferences) [0x00038] in <383b67993756435b8920080a9ba43b70>:0 
  at UnityEditor.Scripting.ScriptCompilation.EditorCompilation.GetAssemblyGraphBuilder () [0x00027] in <383b67993756435b8920080a9ba43b70>:0 
  at UnityEditor.Scripting.ScriptCompilation.EditorCompilation.SetAllScripts (System.String[] allScripts) [0x0000d] in <383b67993756435b8920080a9ba43b70>:0 
  at UnityEditor.Scripting.ScriptCompilation.EditorCompilationInterface.SetAllScripts (System.String[] allScripts) [0x00006] in <383b67993756435b8920080a9ba43b70>:0 

[Package Manager] Failed to launch server process. Reason: Unity was launched with the -noUpm command-line argument
[Package Manager] Unable to send message (not connected to server process).
[Package Manager] Cannot connect to Unity Package Manager local server
[Package Manager] Failed to launch server process. Reason: Unity was launched with the -noUpm command-line argument
[Package Manager] Unable to send message (not connected to server process).
[Package Manager] Cannot connect to Unity Package Manager local server
[Package Manager] Failed to launch server process. Reason: Unity was launched with the -noUpm command-line argument
[Package Manager] Unable to send message (not connected to server process).
[Package Manager] Cannot connect to Unity Package Manager local server
Mono: successfully reloaded assembly
[Package Manager] Failed to launch server process. Reason: Unity was launched with the -noUpm command-line argument
[Package Manager] Unable to send message (not connected to server process).
[Package Manager] Cannot connect to Unity Package Manager local server
- Finished resetting the current domain, in  0.808 seconds
Domain Reload Profiling: 1512ms
	BeginReloadAssembly (201ms)
		ExecutionOrderSort (0ms)
		DisableScriptedObjects (6ms)
		BackupInstance (0ms)
		ReleaseScriptingObjects (0ms)
		CreateAndSetChildDomain (53ms)
	RebuildCommonClasses (31ms)
	RebuildNativeTypeToScriptingClass (11ms)
	initialDomainReloadingComplete (23ms)
	LoadAllAssembliesAndSetupDomain (438ms)
		LoadAssemblies (345ms)
		RebuildTransferFunctionScriptingTraits (0ms)
		AnalyzeDomain (196ms)
			TypeCache.Refresh (10ms)
				TypeCache.ScanAssembly (1ms)
			BuildScriptInfoCaches (170ms)
			ResolveRequiredComponents (12ms)
	FinalizeReload (808ms)
		ReleaseScriptCaches (0ms)
		RebuildScriptCaches (0ms)
		SetupLoadedEditorAssemblies (628ms)
			LogAssemblyErrors (0ms)
			InitializePlatformSupportModulesInManaged (9ms)
			SetLoadedEditorAssemblies (3ms)
			BeforeProcessingInitializeOnLoad (74ms)
			ProcessInitializeOnLoadAttributes (430ms)
			ProcessInitializeOnLoadMethodAttributes (109ms)
			AfterProcessingInitializeOnLoad (2ms)
			EditorAssembliesLoaded (0ms)
		ExecutionOrderSort2 (0ms)
		AwakeInstancesAfterBackupRestoration (10ms)
Refreshing native plugins compatible for Editor in 9.24 ms, found 12 plugins.
Preloading 0 native plugins for Editor in 0.00 ms.
Unloading 43 Unused Serialized files (Serialized files now loaded: 0)
Unloading 7577 unused Assets / (8.6 MB). Loaded Objects now: 8472.
Memory consumption went from 230.9 MB to 222.3 MB.
Total: 10.078400 ms (FindLiveObjects: 0.807500 ms CreateObjectMapping: 0.897600 ms MarkObjects: 4.406900 ms  DeleteObjects: 3.965700 ms)

Prepare: number of updated asset objects reloaded= 0
