Using pre-set license
Built from '6000.0/respin/6000.0.60f1-f02d6f9f9009' branch; Version is '6000.0.60f1 (61dfb374e36f) revision 6414259'; Using compiler version '193933523'; Build Type 'Release'
OS: 'Windows 10  (10.0.19045) 64bit Professional' Language: 'ru' Physical Memory: 16265 MB
BatchMode: 1, IsHumanControllingUs: 0, StartBugReporterOnCrash: 0, Is64bit: 1
Date: 2025-10-21T16:58:52Z

COMMAND LINE ARGUMENTS:
Z:\UNITY\Editor\6000.0.60f1\Editor\Unity.exe
-adb2
-batchMode
-noUpm
-name
AssetImportWorker4
-projectPath
Z:/UNITY/Projects/VR-RACING-2025/VR Racing 2025
-logFile
Logs/AssetImportWorker4.log
-srvPort
55831
-job-worker-count
5
-background-job-worker-count
8
-gc-helper-count
1
-name
AssetImport
Successfully changed project path to: Z:/UNITY/Projects/VR-RACING-2025/VR Racing 2025
Z:/UNITY/Projects/VR-RACING-2025/VR Racing 2025
[UnityMemory] Configuration Parameters - Can be set up in boot.config
    "memorysetup-bucket-allocator-granularity=16"
    "memorysetup-bucket-allocator-bucket-count=8"
    "memorysetup-bucket-allocator-block-size=33554432"
    "memorysetup-bucket-allocator-block-count=8"
    "memorysetup-main-allocator-block-size=16777216"
    "memorysetup-thread-allocator-block-size=16777216"
    "memorysetup-gfx-main-allocator-block-size=16777216"
    "memorysetup-gfx-thread-allocator-block-size=16777216"
    "memorysetup-cache-allocator-block-size=4194304"
    "memorysetup-typetree-allocator-block-size=2097152"
    "memorysetup-profiler-bucket-allocator-granularity=16"
    "memorysetup-profiler-bucket-allocator-bucket-count=8"
    "memorysetup-profiler-bucket-allocator-block-size=33554432"
    "memorysetup-profiler-bucket-allocator-block-count=8"
    "memorysetup-profiler-allocator-block-size=16777216"
    "memorysetup-profiler-editor-allocator-block-size=1048576"
    "memorysetup-temp-allocator-size-main=16777216"
    "memorysetup-job-temp-allocator-block-size=2097152"
    "memorysetup-job-temp-allocator-block-size-background=1048576"
    "memorysetup-job-temp-allocator-reduction-small-platforms=262144"
    "memorysetup-allocator-temp-initial-block-size-main=262144"
    "memorysetup-allocator-temp-initial-block-size-worker=262144"
    "memorysetup-temp-allocator-size-background-worker=32768"
    "memorysetup-temp-allocator-size-job-worker=262144"
    "memorysetup-temp-allocator-size-preload-manager=33554432"
    "memorysetup-temp-allocator-size-nav-mesh-worker=65536"
    "memorysetup-temp-allocator-size-audio-worker=65536"
    "memorysetup-temp-allocator-size-cloud-worker=32768"
    "memorysetup-temp-allocator-size-gi-baking-worker=262144"
    "memorysetup-temp-allocator-size-gi-baking-worker=262144"
    "memorysetup-temp-allocator-size-gi-baking-worker=262144"
    "memorysetup-temp-allocator-size-gi-baking-worker=262144"
    "memorysetup-temp-allocator-size-gi-baking-worker=262144"
    "memorysetup-temp-allocator-size-gfx=262144"
Player connection [856]  Target information:

Player connection [856]  * "[IP] 192.168.178.53 [Port] 0 [Flags] 2 [Guid] 4190776243 [EditorId] 4190776243 [Version] 1048832 [Id] WindowsEditor(7,DESKTOP-VKT7RGT) [Debug] 1 [PackageName] WindowsEditor [ProjectName] Editor" 

Player connection [856] Host joined multi-casting on [225.0.0.222:54997]...
Player connection [856] Host joined alternative multi-casting on [225.0.0.222:34997]...
JobSystem: Creating JobQueue using job-worker-count value 5
Input System module state changed to: Initialized.
[Physics::Module] Initialized fallback backend.
[Physics::Module] Id: 0xdecafbad
Library Redirect Path: Library/
[Physics::Module] Selected backend.
[Physics::Module] Name: PhysX
[Physics::Module] Id: 0xf2b8ea05
[Physics::Module] SDK Version: 4.1.2
[Physics::Module] Integration Version: 1.0.0
[Physics::Module] Threading Mode: Multi-Threaded
Refreshing native plugins compatible for Editor in 13.11 ms, found 12 plugins.
Preloading 0 native plugins for Editor in 0.00 ms.
Initialize engine version: 6000.0.60f1 (61dfb374e36f)
[Subsystems] Discovering subsystems at path Z:/UNITY/Editor/6000.0.60f1/Editor/Data/Resources/UnitySubsystems
[Subsystems] Discovering subsystems at path Z:/UNITY/Projects/VR-RACING-2025/VR Racing 2025/Assets
GfxDevice: creating device client; kGfxThreadingModeNonThreaded
Direct3D:
    Version:  Direct3D 11.0 [level 11.1]
    Renderer: NVIDIA GeForce RTX 3070 (ID=0x2488)
    Vendor:   NVIDIA
    VRAM:     8018 MB
    Driver:   32.0.15.8157
Initialize mono
Mono path[0] = 'Z:/UNITY/Editor/6000.0.60f1/Editor/Data/Managed'
Mono path[1] = 'Z:/UNITY/Editor/6000.0.60f1/Editor/Data/MonoBleedingEdge/lib/mono/unityjit-win32'
Mono config path = 'Z:/UNITY/Editor/6000.0.60f1/Editor/Data/MonoBleedingEdge/etc'
Using monoOptions --debugger-agent=transport=dt_socket,embedding=1,server=y,suspend=n,address=127.0.0.1:56676
Begin MonoManager ReloadAssembly
Registering precompiled unity dll's ...
Register platform support module: Z:/UNITY/Editor/6000.0.60f1/Editor/Data/PlaybackEngines/WindowsStandaloneSupport/UnityEditor.WindowsStandalone.Extensions.dll
Register platform support module: Z:/UNITY/Editor/6000.0.60f1/Editor/Data/PlaybackEngines/MetroSupport/UnityEditor.UWP.Extensions.dll
Register platform support module: Z:/UNITY/Editor/6000.0.60f1/Editor/Data/PlaybackEngines/AndroidPlayer/UnityEditor.Android.Extensions.dll
Register platform support module: Z:/UNITY/Editor/6000.0.60f1/Editor/Data/PlaybackEngines/iOSSupport/UnityEditor.iOS.Extensions.dll
Registered in 0.004663 seconds.
- Loaded All Assemblies, in  0.449 seconds
[usbmuxd] Start listen thread
[usbmuxd] Listen thread started
Native extension for iOS target not found
Native extension for Android target not found
Android Extension - Scanning For ADB Devices 246 ms
Native extension for UWP target not found
Native extension for WindowsStandalone target not found
Mono: successfully reloaded assembly
- Finished resetting the current domain, in  0.644 seconds
Domain Reload Profiling: 1092ms
	BeginReloadAssembly (169ms)
		ExecutionOrderSort (0ms)
		DisableScriptedObjects (0ms)
		BackupInstance (0ms)
		ReleaseScriptingObjects (0ms)
		CreateAndSetChildDomain (1ms)
	RebuildCommonClasses (36ms)
	RebuildNativeTypeToScriptingClass (13ms)
	initialDomainReloadingComplete (50ms)
	LoadAllAssembliesAndSetupDomain (181ms)
		LoadAssemblies (169ms)
		RebuildTransferFunctionScriptingTraits (0ms)
		AnalyzeDomain (177ms)
			TypeCache.Refresh (175ms)
				TypeCache.ScanAssembly (161ms)
			BuildScriptInfoCaches (0ms)
			ResolveRequiredComponents (0ms)
	FinalizeReload (644ms)
		ReleaseScriptCaches (0ms)
		RebuildScriptCaches (0ms)
		SetupLoadedEditorAssemblies (585ms)
			LogAssemblyErrors (0ms)
			InitializePlatformSupportModulesInManaged (348ms)
			SetLoadedEditorAssemblies (5ms)
			BeforeProcessingInitializeOnLoad (56ms)
			ProcessInitializeOnLoadAttributes (116ms)
			ProcessInitializeOnLoadMethodAttributes (60ms)
			AfterProcessingInitializeOnLoad (0ms)
			EditorAssembliesLoaded (0ms)
		ExecutionOrderSort2 (0ms)
		AwakeInstancesAfterBackupRestoration (0ms)
========================================================================
Worker process is ready to serve import requests
Import Worker Mode flag is 0x00
Begin MonoManager ReloadAssembly
- Loaded All Assemblies, in  1.027 seconds
Refreshing native plugins compatible for Editor in 12.63 ms, found 12 plugins.
Native extension for iOS target not found
Native extension for Android target not found
Native extension for UWP target not found
Native extension for WindowsStandalone target not found
Package Manager log level set to [2]
[Package Manager] Failed to launch server process. Reason: Unity was launched with the -noUpm command-line argument
[Package Manager] Unable to send message (not connected to server process).
[Package Manager] Cannot connect to Unity Package Manager local server
[Package Manager] Failed to launch server process. Reason: Unity was launched with the -noUpm command-line argument
[Package Manager] Unable to send message (not connected to server process).
[Package Manager] Cannot connect to Unity Package Manager local server
Mono: successfully reloaded assembly
[Package Manager] Failed to launch server process. Reason: Unity was launched with the -noUpm command-line argument
[Package Manager] Unable to send message (not connected to server process).
[Package Manager] Cannot connect to Unity Package Manager local server
[Package Manager] Failed to launch server process. Reason: Unity was launched with the -noUpm command-line argument
[Package Manager] Unable to send message (not connected to server process).
[Package Manager] Cannot connect to Unity Package Manager local server
- Finished resetting the current domain, in  1.046 seconds
Domain Reload Profiling: 2072ms
	BeginReloadAssembly (241ms)
		ExecutionOrderSort (0ms)
		DisableScriptedObjects (7ms)
		BackupInstance (0ms)
		ReleaseScriptingObjects (0ms)
		CreateAndSetChildDomain (49ms)
	RebuildCommonClasses (43ms)
	RebuildNativeTypeToScriptingClass (14ms)
	initialDomainReloadingComplete (48ms)
	LoadAllAssembliesAndSetupDomain (680ms)
		LoadAssemblies (475ms)
		RebuildTransferFunctionScriptingTraits (0ms)
		AnalyzeDomain (339ms)
			TypeCache.Refresh (239ms)
				TypeCache.ScanAssembly (221ms)
			BuildScriptInfoCaches (78ms)
			ResolveRequiredComponents (17ms)
	FinalizeReload (1047ms)
		ReleaseScriptCaches (0ms)
		RebuildScriptCaches (0ms)
		SetupLoadedEditorAssemblies (795ms)
			LogAssemblyErrors (0ms)
			InitializePlatformSupportModulesInManaged (14ms)
			SetLoadedEditorAssemblies (5ms)
			BeforeProcessingInitializeOnLoad (134ms)
			ProcessInitializeOnLoadAttributes (487ms)
			ProcessInitializeOnLoadMethodAttributes (153ms)
			AfterProcessingInitializeOnLoad (2ms)
			EditorAssembliesLoaded (0ms)
		ExecutionOrderSort2 (0ms)
		AwakeInstancesAfterBackupRestoration (5ms)
Launched and connected shader compiler UnityShaderCompiler.exe after 0.01 seconds
Refreshing native plugins compatible for Editor in 10.82 ms, found 12 plugins.
Preloading 0 native plugins for Editor in 0.00 ms.
Unloading 37 Unused Serialized files (Serialized files now loaded: 0)
Unloading 7509 unused Assets / (10.4 MB). Loaded Objects now: 8385.
Memory consumption went from 194.6 MB to 184.1 MB.
Total: 18.110100 ms (FindLiveObjects: 2.146800 ms CreateObjectMapping: 2.490800 ms MarkObjects: 7.611700 ms  DeleteObjects: 5.859300 ms)

========================================================================
Received Import Request.
  Time since last request: 174331.535050 seconds.
  path: Assets/Bhaptics/SDK2/UI/Resources/btn-events-detail-def.png
  artifactKey: Guid(295f09097d461284cabd1edec63554e8) Importer(2089858483,192608db42251d675da83286b1cce702)
Start importing Assets/Bhaptics/SDK2/UI/Resources/btn-events-detail-def.png using Guid(295f09097d461284cabd1edec63554e8) Importer(2089858483,192608db42251d675da83286b1cce702) (ScriptedImporter) -> (artifact id: 'f8a6825a497e1facbb6d8eed4af04920') in 0.2920159 seconds
Number of updated asset objects reloaded before import = 0Number of asset objects unloaded after import = 1

========================================================================
Received Import Request.
  Time since last request: 0.000022 seconds.
  path: Assets/Pickup/Textures/Body/4096/Mate_Dirt/Mate_Dirt_4096_MetallicSmoothness.png
  artifactKey: Guid(7a82ad722f5ac8b4ba81ccc7fd0b4f9a) Importer(2089858483,192608db42251d675da83286b1cce702)
Start importing Assets/Pickup/Textures/Body/4096/Mate_Dirt/Mate_Dirt_4096_MetallicSmoothness.png using Guid(7a82ad722f5ac8b4ba81ccc7fd0b4f9a) Importer(2089858483,192608db42251d675da83286b1cce702) (ScriptedImporter) -> (artifact id: 'bdd02e1d044e4a877407ab1ec3536072') in 0.026147 seconds
Number of updated asset objects reloaded before import = 0Number of asset objects unloaded after import = 1

========================================================================
Received Import Request.
  Time since last request: 0.000033 seconds.
  path: Assets/Bhaptics/SDK2/UI/Resources/icons/icon-aZToggle-selected.png
  artifactKey: Guid(6c85c5c0b2dbea642b3cae0de3d6d2ca) Importer(2089858483,192608db42251d675da83286b1cce702)
Start importing Assets/Bhaptics/SDK2/UI/Resources/icons/icon-aZToggle-selected.png using Guid(6c85c5c0b2dbea642b3cae0de3d6d2ca) Importer(2089858483,192608db42251d675da83286b1cce702) (ScriptedImporter) -> (artifact id: '9ed15b53f98ac78902aa18f9398c7832') in 0.0354713 seconds
Number of updated asset objects reloaded before import = 0Number of asset objects unloaded after import = 1

========================================================================
Received Import Request.
  Time since last request: 0.000017 seconds.
  path: Assets/Pickup/Textures/Lights/Lights_Dirt/Lights_Dirt_AlbedoTransparency.png
  artifactKey: Guid(d8ec7f712ac95ee42bcaf810dc98d05b) Importer(2089858483,192608db42251d675da83286b1cce702)
Start importing Assets/Pickup/Textures/Lights/Lights_Dirt/Lights_Dirt_AlbedoTransparency.png using Guid(d8ec7f712ac95ee42bcaf810dc98d05b) Importer(2089858483,192608db42251d675da83286b1cce702) (ScriptedImporter) -> (artifact id: 'ce26381ac02049bfb71e27a5ce52745b') in 0.0341148 seconds
Number of updated asset objects reloaded before import = 0Number of asset objects unloaded after import = 1

========================================================================
Received Import Request.
  Time since last request: 0.000016 seconds.
  path: Assets/Pickup/Textures/Body/4096/Mate_Dirt
  artifactKey: Guid(8898ed0ad3bf0ff47afb8117d33d7c08) Importer(2089858483,192608db42251d675da83286b1cce702)
Start importing Assets/Pickup/Textures/Body/4096/Mate_Dirt using Guid(8898ed0ad3bf0ff47afb8117d33d7c08) Importer(2089858483,192608db42251d675da83286b1cce702) (ScriptedImporter) -> (artifact id: 'a413f962a5f76270fc1d574e79f87ff4') in 0.0138825 seconds
Number of updated asset objects reloaded before import = 0Number of asset objects unloaded after import = 1

========================================================================
Received Import Request.
  Time since last request: 0.000021 seconds.
  path: Assets/Pickup/Scripts
  artifactKey: Guid(5de2f39b953f54743abf47925f515e76) Importer(2089858483,192608db42251d675da83286b1cce702)
Start importing Assets/Pickup/Scripts using Guid(5de2f39b953f54743abf47925f515e76) Importer(2089858483,192608db42251d675da83286b1cce702) (ScriptedImporter) -> (artifact id: 'd8f65826f5d4097efa7306b4aee076dc') in 0.0153139 seconds
Number of updated asset objects reloaded before import = 0Number of asset objects unloaded after import = 1

========================================================================
Received Import Request.
  Time since last request: 0.000022 seconds.
  path: Assets/Pickup/Textures/Body/512/Meallic_Dirt
  artifactKey: Guid(d3c52de4c66a7644ab0442542158ece7) Importer(2089858483,192608db42251d675da83286b1cce702)
Start importing Assets/Pickup/Textures/Body/512/Meallic_Dirt using Guid(d3c52de4c66a7644ab0442542158ece7) Importer(2089858483,192608db42251d675da83286b1cce702) (ScriptedImporter) -> (artifact id: '8385e384b7df74931beff5a35fc919d1') in 0.0108635 seconds
Number of updated asset objects reloaded before import = 0Number of asset objects unloaded after import = 1

========================================================================
Received Import Request.
  Time since last request: 0.000018 seconds.
  path: Assets/Pickup/Materials/Wheel.mat
  artifactKey: Guid(229fe4deaf7b743408d2dc117a2c9230) Importer(2089858483,192608db42251d675da83286b1cce702)
Start importing Assets/Pickup/Materials/Wheel.mat using Guid(229fe4deaf7b743408d2dc117a2c9230) Importer(2089858483,192608db42251d675da83286b1cce702) (ScriptedImporter) -> (artifact id: 'a1e6850426eaea92b64c858965c10766') in 0.0674737 seconds
Number of updated asset objects reloaded before import = 0Number of asset objects unloaded after import = 5

========================================================================
Received Import Request.
  Time since last request: 0.000025 seconds.
  path: Assets/Bhaptics/SDK2/Scripts/Core/BhapticsPhysicsGlove.cs
  artifactKey: Guid(eb55fa0883766e444992f30cfc83b9b5) Importer(2089858483,192608db42251d675da83286b1cce702)
Start importing Assets/Bhaptics/SDK2/Scripts/Core/BhapticsPhysicsGlove.cs using Guid(eb55fa0883766e444992f30cfc83b9b5) Importer(2089858483,192608db42251d675da83286b1cce702) (ScriptedImporter) -> (artifact id: '665951f69d0c6aac81ca989aa7cb51cc') in 0.0243931 seconds
Number of updated asset objects reloaded before import = 0Number of asset objects unloaded after import = 0

========================================================================
Received Import Request.
  Time since last request: 0.000031 seconds.
  path: Assets/Pickup/Textures/Body/512/Mate/Mate_512_Normal.png
  artifactKey: Guid(a83a33d33be3aed418f006ba10972989) Importer(2089858483,192608db42251d675da83286b1cce702)
Start importing Assets/Pickup/Textures/Body/512/Mate/Mate_512_Normal.png using Guid(a83a33d33be3aed418f006ba10972989) Importer(2089858483,192608db42251d675da83286b1cce702) (ScriptedImporter) -> (artifact id: 'a4537664bae34e0b1ae3fce510f3e0c0') in 0.0375705 seconds
Number of updated asset objects reloaded before import = 0Number of asset objects unloaded after import = 1

========================================================================
Received Import Request.
  Time since last request: 0.000050 seconds.
  path: Assets/Bhaptics/SDK2/Scripts/Core/Universal/UnityMainThreadDispatcher.cs
  artifactKey: Guid(d3309bbcfda3ce549b09ebc27e2d6f02) Importer(2089858483,192608db42251d675da83286b1cce702)
Start importing Assets/Bhaptics/SDK2/Scripts/Core/Universal/UnityMainThreadDispatcher.cs using Guid(d3309bbcfda3ce549b09ebc27e2d6f02) Importer(2089858483,192608db42251d675da83286b1cce702) (ScriptedImporter) -> (artifact id: 'f8a88bf07afbc621cb756200486450ca') in 0.0187407 seconds
Number of updated asset objects reloaded before import = 0Number of asset objects unloaded after import = 0

========================================================================
Received Import Request.
  Time since last request: 0.000019 seconds.
  path: Assets/Bhaptics/SDK2/UI/Resources/VisitDeveloperPortal_hover.png
  artifactKey: Guid(c13fc755b5a2bec42a13477494908c15) Importer(2089858483,192608db42251d675da83286b1cce702)
Start importing Assets/Bhaptics/SDK2/UI/Resources/VisitDeveloperPortal_hover.png using Guid(c13fc755b5a2bec42a13477494908c15) Importer(2089858483,192608db42251d675da83286b1cce702) (ScriptedImporter) -> (artifact id: '9fe29d6fc40b0e190006d8923e75fd9e') in 0.0468581 seconds
Number of updated asset objects reloaded before import = 0Number of asset objects unloaded after import = 1

========================================================================
Received Import Request.
  Time since last request: 0.000014 seconds.
  path: Assets/Next_Spring/Tree_Bundle/Models/White_Birch/Mobile/M_Realistic21_14.fbx
  artifactKey: Guid(64e6602246dfcc4459ef1164e7fc9626) Importer(2089858483,192608db42251d675da83286b1cce702)
Start importing Assets/Next_Spring/Tree_Bundle/Models/White_Birch/Mobile/M_Realistic21_14.fbx using Guid(64e6602246dfcc4459ef1164e7fc9626) Importer(2089858483,192608db42251d675da83286b1cce702) (ScriptedImporter) -> (artifact id: 'f2308bc309339212448dde985deb623e') in 0.0853527 seconds
Number of updated asset objects reloaded before import = 0Number of asset objects unloaded after import = 9

========================================================================
Received Import Request.
  Time since last request: 0.000019 seconds.
  path: Assets/Tom's Terrain Tools/Unity Terrain Assets/Trees Ambient-Occlusion/Materials/SycamoreLeaves6.mat
  artifactKey: Guid(a040da88d0c156644935e82c9c0a3c39) Importer(2089858483,192608db42251d675da83286b1cce702)
Start importing Assets/Tom's Terrain Tools/Unity Terrain Assets/Trees Ambient-Occlusion/Materials/SycamoreLeaves6.mat using Guid(a040da88d0c156644935e82c9c0a3c39) Importer(2089858483,192608db42251d675da83286b1cce702) (ScriptedImporter) -> (artifact id: '50c370082ea30e934c545fc48bb2f5df') in 0.0321949 seconds
Number of updated asset objects reloaded before import = 0Number of asset objects unloaded after import = 2

========================================================================
Received Import Request.
  Time since last request: 0.000027 seconds.
  path: Assets/Pickup/Textures/Body/512/Damaged
  artifactKey: Guid(b077e18d8b400b741913ca0c99e6e304) Importer(2089858483,192608db42251d675da83286b1cce702)
Start importing Assets/Pickup/Textures/Body/512/Damaged using Guid(b077e18d8b400b741913ca0c99e6e304) Importer(2089858483,192608db42251d675da83286b1cce702) (ScriptedImporter) -> (artifact id: '63b48dd476816d0b0683df845d3a05d2') in 0.010871 seconds
Number of updated asset objects reloaded before import = 0Number of asset objects unloaded after import = 1

========================================================================
Received Import Request.
  Time since last request: 0.000014 seconds.
  path: Assets/Pickup/Scenes/Demo/LightingData.asset
  artifactKey: Guid(9f71d3d4a70c1ec4d977c6f0c51ceff6) Importer(2089858483,192608db42251d675da83286b1cce702)
Start importing Assets/Pickup/Scenes/Demo/LightingData.asset using Guid(9f71d3d4a70c1ec4d977c6f0c51ceff6) Importer(2089858483,192608db42251d675da83286b1cce702) (ScriptedImporter) -> (artifact id: '85e526d671690e6efbce17e36e453c14') in 0.034505 seconds
Number of updated asset objects reloaded before import = 0Number of asset objects unloaded after import = 2

========================================================================
Received Import Request.
  Time since last request: 0.000019 seconds.
  path: Assets/Pickup/Scenes/Demo
  artifactKey: Guid(b70773ee752e38343a413883e2c7bbd2) Importer(2089858483,192608db42251d675da83286b1cce702)
Start importing Assets/Pickup/Scenes/Demo using Guid(b70773ee752e38343a413883e2c7bbd2) Importer(2089858483,192608db42251d675da83286b1cce702) (ScriptedImporter) -> (artifact id: '1018c0af072297251a3580f37cdb42b6') in 0.0168971 seconds
Number of updated asset objects reloaded before import = 0Number of asset objects unloaded after import = 1

========================================================================
Received Import Request.
  Time since last request: 0.000022 seconds.
  path: Assets/Next_Spring/Tree_Bundle/Models/White_Birch/Mobile
  artifactKey: Guid(1b9776a8240dab946b141d503d2a9ebf) Importer(2089858483,192608db42251d675da83286b1cce702)
Start importing Assets/Next_Spring/Tree_Bundle/Models/White_Birch/Mobile using Guid(1b9776a8240dab946b141d503d2a9ebf) Importer(2089858483,192608db42251d675da83286b1cce702) (ScriptedImporter) -> (artifact id: 'f97ac2dd726db98b4699501dab5a11df') in 0.0158965 seconds
Number of updated asset objects reloaded before import = 0Number of asset objects unloaded after import = 1

========================================================================
Received Import Request.
  Time since last request: 0.000027 seconds.
  path: Assets/Pickup/Materials/Body
  artifactKey: Guid(85a91bedc38c87a44ae8bee4deccedd4) Importer(2089858483,192608db42251d675da83286b1cce702)
Start importing Assets/Pickup/Materials/Body using Guid(85a91bedc38c87a44ae8bee4deccedd4) Importer(2089858483,192608db42251d675da83286b1cce702) (ScriptedImporter) -> (artifact id: '94f7077a208f65a4f0f17c1039fce4d4') in 0.0091452 seconds
Number of updated asset objects reloaded before import = 0Number of asset objects unloaded after import = 1

========================================================================
Received Import Request.
  Time since last request: 0.000032 seconds.
  path: Assets/Next_Spring/Tree_Bundle/Textures/White_Birch
  artifactKey: Guid(30b4ad9a72162474982bc562fac20326) Importer(2089858483,192608db42251d675da83286b1cce702)
Start importing Assets/Next_Spring/Tree_Bundle/Textures/White_Birch using Guid(30b4ad9a72162474982bc562fac20326) Importer(2089858483,192608db42251d675da83286b1cce702) (ScriptedImporter) -> (artifact id: 'f260a7db4464f8e5d732c518a051355f') in 0.0104633 seconds
Number of updated asset objects reloaded before import = 0Number of asset objects unloaded after import = 1

========================================================================
Received Import Request.
  Time since last request: 0.000024 seconds.
  path: Assets/Next_Spring/Tree_Bundle/Models/White_Birch/Mobile/M_Realistic21_5.fbx
  artifactKey: Guid(1ba837702c749764b8bf393daca9d7e5) Importer(2089858483,192608db42251d675da83286b1cce702)
Start importing Assets/Next_Spring/Tree_Bundle/Models/White_Birch/Mobile/M_Realistic21_5.fbx using Guid(1ba837702c749764b8bf393daca9d7e5) Importer(2089858483,192608db42251d675da83286b1cce702) (ScriptedImporter) -> (artifact id: '35e2b4182518e1b50fbf54d073792891') in 0.0381387 seconds
Number of updated asset objects reloaded before import = 0Number of asset objects unloaded after import = 9

========================================================================
Received Import Request.
  Time since last request: 0.000021 seconds.
  path: Assets/Next_Spring/Tree_Bundle/Textures/White_Birch/Leaf/Realistic21_Leaf.png
  artifactKey: Guid(ad000a4fb3883944e82d2173f444436e) Importer(2089858483,192608db42251d675da83286b1cce702)
Start importing Assets/Next_Spring/Tree_Bundle/Textures/White_Birch/Leaf/Realistic21_Leaf.png using Guid(ad000a4fb3883944e82d2173f444436e) Importer(2089858483,192608db42251d675da83286b1cce702) (ScriptedImporter) -> (artifact id: 'dbd4a0d635dc50d6853be6fa74a4a4a6') in 0.0297192 seconds
Number of updated asset objects reloaded before import = 0Number of asset objects unloaded after import = 1

========================================================================
Received Import Request.
  Time since last request: 0.000016 seconds.
  path: Assets/Next_Spring/Tree_Bundle/Prefabs/White_Birch/Mobile/M_Realistic21_12.prefab
  artifactKey: Guid(08a644d488902a94d9f0244d6f0cf6ba) Importer(2089858483,192608db42251d675da83286b1cce702)
Start importing Assets/Next_Spring/Tree_Bundle/Prefabs/White_Birch/Mobile/M_Realistic21_12.prefab using Guid(08a644d488902a94d9f0244d6f0cf6ba) Importer(2089858483,192608db42251d675da83286b1cce702) (ScriptedImporter) -> (artifact id: 'ad36a48a2faf66f2e857d95e35ea8bbd') in 0.036795 seconds
Number of updated asset objects reloaded before import = 0Number of asset objects unloaded after import = 10

========================================================================
Received Import Request.
  Time since last request: 0.000029 seconds.
  path: Assets/Next_Spring/Tree_Bundle/Prefabs/White_Birch/Mobile/M_Realistic21_7.prefab
  artifactKey: Guid(06cb4696cfd45db49a1601e7f86176b6) Importer(2089858483,192608db42251d675da83286b1cce702)
Start importing Assets/Next_Spring/Tree_Bundle/Prefabs/White_Birch/Mobile/M_Realistic21_7.prefab using Guid(06cb4696cfd45db49a1601e7f86176b6) Importer(2089858483,192608db42251d675da83286b1cce702) (ScriptedImporter) -> (artifact id: 'e309401223b7b6b12895e41886dd263b') in 0.0424363 seconds
Number of updated asset objects reloaded before import = 0Number of asset objects unloaded after import = 9

========================================================================
Received Import Request.
  Time since last request: 0.000020 seconds.
  path: Assets/Pickup/FBX/Materials/No Name.mat
  artifactKey: Guid(c766228e3defa264bae8473002c9fa60) Importer(2089858483,192608db42251d675da83286b1cce702)
Start importing Assets/Pickup/FBX/Materials/No Name.mat using Guid(c766228e3defa264bae8473002c9fa60) Importer(2089858483,192608db42251d675da83286b1cce702) (ScriptedImporter) -> (artifact id: '7184c2d5ff52af982c1a251bffe5745c') in 0.0310727 seconds
Number of updated asset objects reloaded before import = 0Number of asset objects unloaded after import = 1

========================================================================
Received Import Request.
  Time since last request: 0.000024 seconds.
  path: Assets/Next_Spring/Tree_Bundle/Doc
  artifactKey: Guid(0e0856ba571748c48af35fca4e6130a7) Importer(2089858483,192608db42251d675da83286b1cce702)
Start importing Assets/Next_Spring/Tree_Bundle/Doc using Guid(0e0856ba571748c48af35fca4e6130a7) Importer(2089858483,192608db42251d675da83286b1cce702) (ScriptedImporter) -> (artifact id: 'f8f0bb50261155bb924845fb66f179f3') in 0.0123048 seconds
Number of updated asset objects reloaded before import = 0Number of asset objects unloaded after import = 1

========================================================================
Received Import Request.
  Time since last request: 0.000022 seconds.
  path: Assets/Next_Spring/Tree_Bundle/Textures/Global/Floor.mat
  artifactKey: Guid(fd58ce4d6860b74458fa1d549112163b) Importer(2089858483,192608db42251d675da83286b1cce702)
Start importing Assets/Next_Spring/Tree_Bundle/Textures/Global/Floor.mat using Guid(fd58ce4d6860b74458fa1d549112163b) Importer(2089858483,192608db42251d675da83286b1cce702) (ScriptedImporter) -> (artifact id: 'a9581bbe4fc15fb8d42e0221be1d8a08') in 0.0551951 seconds
Number of updated asset objects reloaded before import = 0Number of asset objects unloaded after import = 1

========================================================================
Received Import Request.
  Time since last request: 0.000030 seconds.
  path: Assets/Next_Spring
  artifactKey: Guid(28b0246252aaca14ca70564373a5a21f) Importer(2089858483,192608db42251d675da83286b1cce702)
Start importing Assets/Next_Spring using Guid(28b0246252aaca14ca70564373a5a21f) Importer(2089858483,192608db42251d675da83286b1cce702) (ScriptedImporter) -> (artifact id: '62232094dd988a314282d8ba922d30f7') in 0.0151285 seconds
Number of updated asset objects reloaded before import = 0Number of asset objects unloaded after import = 1

========================================================================
Received Import Request.
  Time since last request: 0.000014 seconds.
  path: Assets/Next_Spring/Tree_Bundle/Models/White_Birch/Mobile/Materials/M_Realistic8_Leaf.mat
  artifactKey: Guid(6f672e45e2931fa43aae4afb51d1eb38) Importer(2089858483,192608db42251d675da83286b1cce702)
Start importing Assets/Next_Spring/Tree_Bundle/Models/White_Birch/Mobile/Materials/M_Realistic8_Leaf.mat using Guid(6f672e45e2931fa43aae4afb51d1eb38) Importer(2089858483,192608db42251d675da83286b1cce702) (ScriptedImporter) -> (artifact id: 'ee97b31d2dd3db71b9259093e686e3cb') in 0.0427049 seconds
Number of updated asset objects reloaded before import = 0Number of asset objects unloaded after import = 3

========================================================================
Received Import Request.
  Time since last request: 0.000015 seconds.
  path: Assets/Next_Spring/Tree_Bundle/Textures/White_Birch/Trunk/Realistic21_Trunk.png
  artifactKey: Guid(a33b2456efd23a44fb496055cb8baca9) Importer(2089858483,192608db42251d675da83286b1cce702)
Start importing Assets/Next_Spring/Tree_Bundle/Textures/White_Birch/Trunk/Realistic21_Trunk.png using Guid(a33b2456efd23a44fb496055cb8baca9) Importer(2089858483,192608db42251d675da83286b1cce702) (ScriptedImporter) -> (artifact id: 'c23eab364aa2b3ba7dc53033c3c1da35') in 0.0299958 seconds
Number of updated asset objects reloaded before import = 0Number of asset objects unloaded after import = 1

========================================================================
Received Import Request.
  Time since last request: 0.000019 seconds.
  path: Assets/Next_Spring/Tree_Bundle/Prefabs/White_Birch/Mobile/M_Realistic21_14.prefab
  artifactKey: Guid(c582896265a2f4046a080fc6eb2a04c3) Importer(2089858483,192608db42251d675da83286b1cce702)
Start importing Assets/Next_Spring/Tree_Bundle/Prefabs/White_Birch/Mobile/M_Realistic21_14.prefab using Guid(c582896265a2f4046a080fc6eb2a04c3) Importer(2089858483,192608db42251d675da83286b1cce702) (ScriptedImporter) -> (artifact id: 'f2994c5fe7b9d28376e9ea20f0d1790f') in 0.0443634 seconds
Number of updated asset objects reloaded before import = 0Number of asset objects unloaded after import = 9

========================================================================
Received Import Request.
  Time since last request: 0.000029 seconds.
  path: Assets/Next_Spring/Tree_Bundle/Textures/White_Birch/Trunk/Realistic21_Trunk_normal.png
  artifactKey: Guid(708c7f67d625d4540addc7361593128a) Importer(2089858483,192608db42251d675da83286b1cce702)
Start importing Assets/Next_Spring/Tree_Bundle/Textures/White_Birch/Trunk/Realistic21_Trunk_normal.png using Guid(708c7f67d625d4540addc7361593128a) Importer(2089858483,192608db42251d675da83286b1cce702) (ScriptedImporter) -> (artifact id: 'a422cf81b64b776043853c17d5f00020') in 0.0315177 seconds
Number of updated asset objects reloaded before import = 0Number of asset objects unloaded after import = 1

========================================================================
Received Import Request.
  Time since last request: 0.000013 seconds.
  path: Assets/Next_Spring/Tree_Bundle/Models/White_Birch/Mobile/M_Realistic21_15.fbx
  artifactKey: Guid(041049b115717f644bcba0e56bcd4668) Importer(2089858483,192608db42251d675da83286b1cce702)
Start importing Assets/Next_Spring/Tree_Bundle/Models/White_Birch/Mobile/M_Realistic21_15.fbx using Guid(041049b115717f644bcba0e56bcd4668) Importer(2089858483,192608db42251d675da83286b1cce702) (ScriptedImporter) -> (artifact id: '1f5e560352a14f927791abd34352a46b') in 0.0314146 seconds
Number of updated asset objects reloaded before import = 0Number of asset objects unloaded after import = 9

========================================================================
Received Import Request.
  Time since last request: 0.000016 seconds.
  path: Assets/Next_Spring/Tree_Bundle/Scripts/NextSpring_CameraMove.cs
  artifactKey: Guid(2d3da880b8848ca46841391a235e19f9) Importer(2089858483,192608db42251d675da83286b1cce702)
Start importing Assets/Next_Spring/Tree_Bundle/Scripts/NextSpring_CameraMove.cs using Guid(2d3da880b8848ca46841391a235e19f9) Importer(2089858483,192608db42251d675da83286b1cce702) (ScriptedImporter) -> (artifact id: '3953dd32b4c6b253f65a57faaeeba3ae') in 0.0175886 seconds
Number of updated asset objects reloaded before import = 0Number of asset objects unloaded after import = 0

========================================================================
Received Import Request.
  Time since last request: 0.000018 seconds.
  path: Assets/Next_Spring/Tree_Bundle/Settings
  artifactKey: Guid(7e99659566b161748ab3758a68b3c199) Importer(2089858483,192608db42251d675da83286b1cce702)
Start importing Assets/Next_Spring/Tree_Bundle/Settings using Guid(7e99659566b161748ab3758a68b3c199) Importer(2089858483,192608db42251d675da83286b1cce702) (ScriptedImporter) -> (artifact id: '424de3b8f08dd37b8158dfc3e4a20b4a') in 0.0160029 seconds
Number of updated asset objects reloaded before import = 0Number of asset objects unloaded after import = 1

========================================================================
Received Import Request.
  Time since last request: 0.000022 seconds.
  path: Assets/Next_Spring/Tree_Bundle/Prefabs/White_Birch/Mobile/M_Realistic21_5.prefab
  artifactKey: Guid(29d1e644745abad4e9d26e4ffb9f8faf) Importer(2089858483,192608db42251d675da83286b1cce702)
Start importing Assets/Next_Spring/Tree_Bundle/Prefabs/White_Birch/Mobile/M_Realistic21_5.prefab using Guid(29d1e644745abad4e9d26e4ffb9f8faf) Importer(2089858483,192608db42251d675da83286b1cce702) (ScriptedImporter) -> (artifact id: '0fb73868e817d611660b9db77d025475') in 0.0311801 seconds
Number of updated asset objects reloaded before import = 0Number of asset objects unloaded after import = 9

========================================================================
Received Import Request.
  Time since last request: 0.000015 seconds.
  path: Assets/Bhaptics/SDK2/UI/Resources/bHapticsGUISkin.guiskin
  artifactKey: Guid(5ec1e29453d775a479b4d48a5786ce22) Importer(2089858483,192608db42251d675da83286b1cce702)
Start importing Assets/Bhaptics/SDK2/UI/Resources/bHapticsGUISkin.guiskin using Guid(5ec1e29453d775a479b4d48a5786ce22) Importer(2089858483,192608db42251d675da83286b1cce702) (ScriptedImporter) -> (artifact id: 'c99810509742986fd15d074f0f84ea14') in 0.0919726 seconds
Number of updated asset objects reloaded before import = 0Number of asset objects unloaded after import = 1

========================================================================
Received Import Request.
  Time since last request: 0.000016 seconds.
  path: Assets/Bhaptics/SDK2/Scripts/Editor
  artifactKey: Guid(9bdee2cb3d256c349b2fe66406f032a1) Importer(2089858483,192608db42251d675da83286b1cce702)
Start importing Assets/Bhaptics/SDK2/Scripts/Editor using Guid(9bdee2cb3d256c349b2fe66406f032a1) Importer(2089858483,192608db42251d675da83286b1cce702) (ScriptedImporter) -> (artifact id: 'aecd6e36e5128bb808f226304d1e0ebb') in 0.0140316 seconds
Number of updated asset objects reloaded before import = 0Number of asset objects unloaded after import = 1

========================================================================
Received Import Request.
  Time since last request: 0.000029 seconds.
  path: Assets/Next_Spring/Tree_Bundle/Models/White_Birch/Mobile/M_Realistic21_4.fbx
  artifactKey: Guid(2a338c5229112dd45ad7ae3b91039d83) Importer(2089858483,192608db42251d675da83286b1cce702)
Start importing Assets/Next_Spring/Tree_Bundle/Models/White_Birch/Mobile/M_Realistic21_4.fbx using Guid(2a338c5229112dd45ad7ae3b91039d83) Importer(2089858483,192608db42251d675da83286b1cce702) (ScriptedImporter) -> (artifact id: 'cbbe98c12dcfedb81530189696c9ac87') in 0.0353013 seconds
Number of updated asset objects reloaded before import = 0Number of asset objects unloaded after import = 9

========================================================================
Received Import Request.
  Time since last request: 0.000017 seconds.
  path: Assets/VillagePack/Fence/Materials/FenceCubeStick.mat
  artifactKey: Guid(4f2703713ff0ab746ad8f8086784ab37) Importer(2089858483,192608db42251d675da83286b1cce702)
Start importing Assets/VillagePack/Fence/Materials/FenceCubeStick.mat using Guid(4f2703713ff0ab746ad8f8086784ab37) Importer(2089858483,192608db42251d675da83286b1cce702) (ScriptedImporter) -> (artifact id: '9b67a13b3fd3e0b19f26e877f95da30f') in 0.0177511 seconds
Number of updated asset objects reloaded before import = 0Number of asset objects unloaded after import = 4

========================================================================
Received Import Request.
  Time since last request: 0.000018 seconds.
  path: Assets/VillagePack/Well/Materials/StickBackSide.081.mat
  artifactKey: Guid(d19fdfa71b1be044fb750dbb8c9ce885) Importer(2089858483,192608db42251d675da83286b1cce702)
Start importing Assets/VillagePack/Well/Materials/StickBackSide.081.mat using Guid(d19fdfa71b1be044fb750dbb8c9ce885) Importer(2089858483,192608db42251d675da83286b1cce702) (ScriptedImporter) -> (artifact id: 'fde054e454cf8076f1531747d528e67d') in 0.01598 seconds
Number of updated asset objects reloaded before import = 0Number of asset objects unloaded after import = 1

========================================================================
Received Import Request.
  Time since last request: 0.000032 seconds.
  path: Assets/VillagePack/Well/Materials/Wood.mat
  artifactKey: Guid(36abdcec076c1584ca9b50d00ff6373b) Importer(2089858483,192608db42251d675da83286b1cce702)
Start importing Assets/VillagePack/Well/Materials/Wood.mat using Guid(36abdcec076c1584ca9b50d00ff6373b) Importer(2089858483,192608db42251d675da83286b1cce702) (ScriptedImporter) -> (artifact id: '986e4491e03742094c7a80ddfbd2418e') in 0.0160739 seconds
Number of updated asset objects reloaded before import = 0Number of asset objects unloaded after import = 1

========================================================================
Received Import Request.
  Time since last request: 0.000036 seconds.
  path: Assets/VillagePack/BigHouse/Materials/VHRoof.mat
  artifactKey: Guid(af83d48ed23cec849b12302e7d82d8e1) Importer(2089858483,192608db42251d675da83286b1cce702)
Start importing Assets/VillagePack/BigHouse/Materials/VHRoof.mat using Guid(af83d48ed23cec849b12302e7d82d8e1) Importer(2089858483,192608db42251d675da83286b1cce702) (ScriptedImporter) -> (artifact id: '983f78207502d9c6f1eba34b3342319a') in 0.0209681 seconds
Number of updated asset objects reloaded before import = 0Number of asset objects unloaded after import = 4

========================================================================
Received Import Request.
  Time since last request: 0.000019 seconds.
  path: Assets/VillagePack/Well/WellStick.png
  artifactKey: Guid(956d97028264af84f9a53ca6951cf2ae) Importer(2089858483,192608db42251d675da83286b1cce702)
Start importing Assets/VillagePack/Well/WellStick.png using Guid(956d97028264af84f9a53ca6951cf2ae) Importer(2089858483,192608db42251d675da83286b1cce702) (ScriptedImporter) -> (artifact id: '759adfa33ac608c246a6578c026e313a') in 0.0181802 seconds
Number of updated asset objects reloaded before import = 0Number of asset objects unloaded after import = 1

========================================================================
Received Import Request.
  Time since last request: 0.000019 seconds.
  path: Assets/Bhaptics/SDK2/Scripts/Editor/Glove/BhapticsPhysicsGloveSettingsEditor.cs
  artifactKey: Guid(400ceef1603e046429193ab5d66aac69) Importer(2089858483,192608db42251d675da83286b1cce702)
Start importing Assets/Bhaptics/SDK2/Scripts/Editor/Glove/BhapticsPhysicsGloveSettingsEditor.cs using Guid(400ceef1603e046429193ab5d66aac69) Importer(2089858483,192608db42251d675da83286b1cce702) (ScriptedImporter) -> (artifact id: 'e9629da86b02698f43a3fe4412eab8b6') in 0.0161658 seconds
Number of updated asset objects reloaded before import = 0Number of asset objects unloaded after import = 0

========================================================================
Received Import Request.
  Time since last request: 0.000016 seconds.
  path: Assets/Bhaptics/SDK2/Scripts/Editor/Plugins/x86_64
  artifactKey: Guid(700480ae3b91d894fa847cecefa97a7c) Importer(2089858483,192608db42251d675da83286b1cce702)
Start importing Assets/Bhaptics/SDK2/Scripts/Editor/Plugins/x86_64 using Guid(700480ae3b91d894fa847cecefa97a7c) Importer(2089858483,192608db42251d675da83286b1cce702) (ScriptedImporter) -> (artifact id: '2d36e3165c1661c8b82bb87280cf2525') in 0.0126367 seconds
Number of updated asset objects reloaded before import = 0Number of asset objects unloaded after import = 1

========================================================================
Received Import Request.
  Time since last request: 0.000016 seconds.
  path: Assets/VillagePack/Well/Materials/StickBackSide.053.mat
  artifactKey: Guid(16b65026629e38f43b7892229f871d34) Importer(2089858483,192608db42251d675da83286b1cce702)
Start importing Assets/VillagePack/Well/Materials/StickBackSide.053.mat using Guid(16b65026629e38f43b7892229f871d34) Importer(2089858483,192608db42251d675da83286b1cce702) (ScriptedImporter) -> (artifact id: 'b9cda0ccbedf25617cff585bebb3588a') in 0.0153968 seconds
Number of updated asset objects reloaded before import = 0Number of asset objects unloaded after import = 1

========================================================================
Received Import Request.
  Time since last request: 0.000029 seconds.
  path: Assets/Tom's Terrain Tools/Unity Terrain Assets/Trees Ambient-Occlusion/Models/Materials/ScotsPineTypeA-PineTrunk.mat
  artifactKey: Guid(59028526a40c7bf49b5f2acb534bcff2) Importer(2089858483,192608db42251d675da83286b1cce702)
Start importing Assets/Tom's Terrain Tools/Unity Terrain Assets/Trees Ambient-Occlusion/Models/Materials/ScotsPineTypeA-PineTrunk.mat using Guid(59028526a40c7bf49b5f2acb534bcff2) Importer(2089858483,192608db42251d675da83286b1cce702) (ScriptedImporter) -> (artifact id: 'de409335a22c61d3b8d58cd1086b64e7') in 0.015167 seconds
Number of updated asset objects reloaded before import = 0Number of asset objects unloaded after import = 1

========================================================================
Received Import Request.
  Time since last request: 0.000049 seconds.
  path: Assets/VillagePack/Well/Materials/StickBackSide.064.mat
  artifactKey: Guid(8eb9a210de4b5954984d02c3a028e7da) Importer(2089858483,192608db42251d675da83286b1cce702)
Start importing Assets/VillagePack/Well/Materials/StickBackSide.064.mat using Guid(8eb9a210de4b5954984d02c3a028e7da) Importer(2089858483,192608db42251d675da83286b1cce702) (ScriptedImporter) -> (artifact id: 'ca6508a4e469106e335c240947ad8bfc') in 0.0168675 seconds
Number of updated asset objects reloaded before import = 0Number of asset objects unloaded after import = 1

========================================================================
Received Import Request.
  Time since last request: 0.000018 seconds.
  path: Assets/Tom's Terrain Tools/Unity Terrain Assets/Trees Ambient-Occlusion/Models/Materials/ScotsPineTypeB-PineTrunk.mat
  artifactKey: Guid(44780822d7320fa43897f6cb6a3ecba2) Importer(2089858483,192608db42251d675da83286b1cce702)
Start importing Assets/Tom's Terrain Tools/Unity Terrain Assets/Trees Ambient-Occlusion/Models/Materials/ScotsPineTypeB-PineTrunk.mat using Guid(44780822d7320fa43897f6cb6a3ecba2) Importer(2089858483,192608db42251d675da83286b1cce702) (ScriptedImporter) -> (artifact id: 'fccb6540ee6c9537502c114b8c8caff9') in 0.0148141 seconds
Number of updated asset objects reloaded before import = 0Number of asset objects unloaded after import = 1

========================================================================
Received Import Request.
  Time since last request: 0.000025 seconds.
  path: Assets/VillagePack/Well/Materials/StickBackSide.059.mat
  artifactKey: Guid(acbbe9b1411b55b48a61f5edc70026f6) Importer(2089858483,192608db42251d675da83286b1cce702)
Start importing Assets/VillagePack/Well/Materials/StickBackSide.059.mat using Guid(acbbe9b1411b55b48a61f5edc70026f6) Importer(2089858483,192608db42251d675da83286b1cce702) (ScriptedImporter) -> (artifact id: '9e326cf72b6a82d4c1c0a21149bbf0ac') in 0.0138817 seconds
Number of updated asset objects reloaded before import = 0Number of asset objects unloaded after import = 1

========================================================================
Received Import Request.
  Time since last request: 0.000030 seconds.
  path: Assets/VillagePack/OldHouse/VHRoofBump.png
  artifactKey: Guid(cf2650c5837f0e34dbd3c79ddd1e5202) Importer(2089858483,192608db42251d675da83286b1cce702)
Start importing Assets/VillagePack/OldHouse/VHRoofBump.png using Guid(cf2650c5837f0e34dbd3c79ddd1e5202) Importer(2089858483,192608db42251d675da83286b1cce702) (ScriptedImporter) -> (artifact id: '250fc40b88a9f2a43cf093fcaa1d0ac5') in 0.0183013 seconds
Number of updated asset objects reloaded before import = 0Number of asset objects unloaded after import = 1

========================================================================
Received Import Request.
  Time since last request: 0.000017 seconds.
  path: Assets/Bhaptics/SDK2/UI/Resources/icons/icon-view-list-fill.png
  artifactKey: Guid(0128749fdc3e96c43bf00217da3f069c) Importer(2089858483,192608db42251d675da83286b1cce702)
Start importing Assets/Bhaptics/SDK2/UI/Resources/icons/icon-view-list-fill.png using Guid(0128749fdc3e96c43bf00217da3f069c) Importer(2089858483,192608db42251d675da83286b1cce702) (ScriptedImporter) -> (artifact id: 'faf4f3316feed9dada7d7c481d7ff6db') in 0.0315954 seconds
Number of updated asset objects reloaded before import = 0Number of asset objects unloaded after import = 1

========================================================================
Received Import Request.
  Time since last request: 0.000015 seconds.
  path: Assets/VillagePack/Fence/Materials/FenceStickBackSides.mat
  artifactKey: Guid(cab5df8cac6b9f44599b14eb69a0ea88) Importer(2089858483,192608db42251d675da83286b1cce702)
Start importing Assets/VillagePack/Fence/Materials/FenceStickBackSides.mat using Guid(cab5df8cac6b9f44599b14eb69a0ea88) Importer(2089858483,192608db42251d675da83286b1cce702) (ScriptedImporter) -> (artifact id: 'b8bdb38c8df7ca9406bde16eb796102b') in 0.0235219 seconds
Number of updated asset objects reloaded before import = 0Number of asset objects unloaded after import = 3

========================================================================
Received Import Request.
  Time since last request: 0.000016 seconds.
  path: Assets/VillagePack/Well/Materials/StickBackSide.056.mat
  artifactKey: Guid(47923dc465bb5104d9c2e813fed677d9) Importer(2089858483,192608db42251d675da83286b1cce702)
Start importing Assets/VillagePack/Well/Materials/StickBackSide.056.mat using Guid(47923dc465bb5104d9c2e813fed677d9) Importer(2089858483,192608db42251d675da83286b1cce702) (ScriptedImporter) -> (artifact id: '1d608b5f628d66c4cc612af6d916c8fa') in 0.0153297 seconds
Number of updated asset objects reloaded before import = 0Number of asset objects unloaded after import = 1

========================================================================
Received Import Request.
  Time since last request: 0.000016 seconds.
  path: Assets/VillagePack/OldHouse/VhRoofBeamBump.png
  artifactKey: Guid(1f2ebf25d09b1b24ca0340d76fc6c70d) Importer(2089858483,192608db42251d675da83286b1cce702)
Start importing Assets/VillagePack/OldHouse/VhRoofBeamBump.png using Guid(1f2ebf25d09b1b24ca0340d76fc6c70d) Importer(2089858483,192608db42251d675da83286b1cce702) (ScriptedImporter) -> (artifact id: 'e642a1beb8078116da4c3f1597c240bc') in 0.0309535 seconds
Number of updated asset objects reloaded before import = 0Number of asset objects unloaded after import = 1

========================================================================
Received Import Request.
  Time since last request: 0.000026 seconds.
  path: Assets/VillagePack/OldHouse
  artifactKey: Guid(0cbd62aadcb665a4785664fe62478646) Importer(2089858483,192608db42251d675da83286b1cce702)
Start importing Assets/VillagePack/OldHouse using Guid(0cbd62aadcb665a4785664fe62478646) Importer(2089858483,192608db42251d675da83286b1cce702) (ScriptedImporter) -> (artifact id: '1a3836e2b7880f044dbcc1633503d184') in 0.0173262 seconds
Number of updated asset objects reloaded before import = 0Number of asset objects unloaded after import = 1

========================================================================
Received Import Request.
  Time since last request: 0.000016 seconds.
  path: Assets/VillagePack/Well/Materials/StickBackSide.042.mat
  artifactKey: Guid(526af1843515c9b4da9af84ae81defd0) Importer(2089858483,192608db42251d675da83286b1cce702)
Start importing Assets/VillagePack/Well/Materials/StickBackSide.042.mat using Guid(526af1843515c9b4da9af84ae81defd0) Importer(2089858483,192608db42251d675da83286b1cce702) (ScriptedImporter) -> (artifact id: '72d4e983937d4a41c651337a682573f0') in 0.017762 seconds
Number of updated asset objects reloaded before import = 0Number of asset objects unloaded after import = 1

========================================================================
Received Import Request.
  Time since last request: 0.000021 seconds.
  path: Assets/Tom's Terrain Tools/Unity Terrain Assets/Trees Ambient-Occlusion/Models/Materials
  artifactKey: Guid(42d3235d333366641bae66ee063332e6) Importer(2089858483,192608db42251d675da83286b1cce702)
Start importing Assets/Tom's Terrain Tools/Unity Terrain Assets/Trees Ambient-Occlusion/Models/Materials using Guid(42d3235d333366641bae66ee063332e6) Importer(2089858483,192608db42251d675da83286b1cce702) (ScriptedImporter) -> (artifact id: '72c41544921841d6a829747cef578e46') in 0.0136186 seconds
Number of updated asset objects reloaded before import = 0Number of asset objects unloaded after import = 1

========================================================================
Received Import Request.
  Time since last request: 0.000013 seconds.
  path: Assets/Bhaptics/SDK2/UI/Resources/icons/icon-home-fill.png
  artifactKey: Guid(40d7a33c9d539f74b9be0619e111734a) Importer(2089858483,192608db42251d675da83286b1cce702)
Start importing Assets/Bhaptics/SDK2/UI/Resources/icons/icon-home-fill.png using Guid(40d7a33c9d539f74b9be0619e111734a) Importer(2089858483,192608db42251d675da83286b1cce702) (ScriptedImporter) -> (artifact id: 'c13c99269f43d3e88cd439a9f8e59516') in 0.0326328 seconds
Number of updated asset objects reloaded before import = 0Number of asset objects unloaded after import = 1

========================================================================
Received Import Request.
  Time since last request: 0.000022 seconds.
  path: Assets/Pickup/Scenes
  artifactKey: Guid(5ab9f5290438eb8478e78c07b31b38af) Importer(2089858483,192608db42251d675da83286b1cce702)
Start importing Assets/Pickup/Scenes using Guid(5ab9f5290438eb8478e78c07b31b38af) Importer(2089858483,192608db42251d675da83286b1cce702) (ScriptedImporter) -> (artifact id: '8aed00a48cccb4d2dba45ad2b47761e6') in 0.0101948 seconds
Number of updated asset objects reloaded before import = 0Number of asset objects unloaded after import = 1

========================================================================
Received Import Request.
  Time since last request: 0.000030 seconds.
  path: Assets/Tom's Terrain Tools/Unity Terrain Assets/Rocks/Models/Materials
  artifactKey: Guid(da75f57cfbfcd8a4aace73d08ef19f77) Importer(2089858483,192608db42251d675da83286b1cce702)
Start importing Assets/Tom's Terrain Tools/Unity Terrain Assets/Rocks/Models/Materials using Guid(da75f57cfbfcd8a4aace73d08ef19f77) Importer(2089858483,192608db42251d675da83286b1cce702) (ScriptedImporter) -> (artifact id: '4b99f8f2e072ca82472c09c287f59ecf') in 0.012393 seconds
Number of updated asset objects reloaded before import = 0Number of asset objects unloaded after import = 1

========================================================================
Received Import Request.
  Time since last request: 0.000017 seconds.
  path: Assets/VillagePack/OldHouse/VHDecorationWoodReflection.png
  artifactKey: Guid(8e9e9cab61928be48bc45b48888f7218) Importer(2089858483,192608db42251d675da83286b1cce702)
Start importing Assets/VillagePack/OldHouse/VHDecorationWoodReflection.png using Guid(8e9e9cab61928be48bc45b48888f7218) Importer(2089858483,192608db42251d675da83286b1cce702) (ScriptedImporter) -> (artifact id: 'a0d77973e7d0df776887ad44d4ea5afb') in 0.0214636 seconds
Number of updated asset objects reloaded before import = 0Number of asset objects unloaded after import = 1

========================================================================
Received Import Request.
  Time since last request: 0.000013 seconds.
  path: Assets/VillagePack/Well/Materials/StickBackSide.085.mat
  artifactKey: Guid(105c21596cc13c94eb7896dce78d6964) Importer(2089858483,192608db42251d675da83286b1cce702)
Start importing Assets/VillagePack/Well/Materials/StickBackSide.085.mat using Guid(105c21596cc13c94eb7896dce78d6964) Importer(2089858483,192608db42251d675da83286b1cce702) (ScriptedImporter) -> (artifact id: 'ba56a641c82206ab3d91e4be20b75994') in 0.0186762 seconds
Number of updated asset objects reloaded before import = 0Number of asset objects unloaded after import = 1

========================================================================
Received Import Request.
  Time since last request: 0.000013 seconds.
  path: Assets/VillagePack/Well/Materials/StickBackSide.044.mat
  artifactKey: Guid(c1dbb64f9ff540143b876a8b943fd897) Importer(2089858483,192608db42251d675da83286b1cce702)
Start importing Assets/VillagePack/Well/Materials/StickBackSide.044.mat using Guid(c1dbb64f9ff540143b876a8b943fd897) Importer(2089858483,192608db42251d675da83286b1cce702) (ScriptedImporter) -> (artifact id: 'b36d3c4201c685c800ade6240f6083da') in 0.0208772 seconds
Number of updated asset objects reloaded before import = 0Number of asset objects unloaded after import = 1

========================================================================
Received Import Request.
  Time since last request: 0.000022 seconds.
  path: Assets/VillagePack/Well/Materials/StickBackSide.048.mat
  artifactKey: Guid(0bb3275a9e3ae324a84896c2f041cc1c) Importer(2089858483,192608db42251d675da83286b1cce702)
Start importing Assets/VillagePack/Well/Materials/StickBackSide.048.mat using Guid(0bb3275a9e3ae324a84896c2f041cc1c) Importer(2089858483,192608db42251d675da83286b1cce702) (ScriptedImporter) -> (artifact id: '6888e20ba6575a4bed0ea2ae7b6f9dc5') in 0.0213659 seconds
Number of updated asset objects reloaded before import = 0Number of asset objects unloaded after import = 1

========================================================================
Received Import Request.
  Time since last request: 0.000022 seconds.
  path: Assets/VillagePack/OldHouse/VHFloor.png
  artifactKey: Guid(7c43aecd6c9b73e46bf167c2cbbc8ce4) Importer(2089858483,192608db42251d675da83286b1cce702)
Start importing Assets/VillagePack/OldHouse/VHFloor.png using Guid(7c43aecd6c9b73e46bf167c2cbbc8ce4) Importer(2089858483,192608db42251d675da83286b1cce702) (ScriptedImporter) -> (artifact id: '09856f21cd4460c3c8d6f5b5d292ad59') in 0.0271513 seconds
Number of updated asset objects reloaded before import = 0Number of asset objects unloaded after import = 1

========================================================================
Received Import Request.
  Time since last request: 0.000024 seconds.
  path: Assets/Next_Spring/Tree_Bundle/Models/White_Birch/Mobile/M_Realistic21_16.fbx
  artifactKey: Guid(9829bf7078175ac43a91653cc370cfe8) Importer(2089858483,192608db42251d675da83286b1cce702)
Start importing Assets/Next_Spring/Tree_Bundle/Models/White_Birch/Mobile/M_Realistic21_16.fbx using Guid(9829bf7078175ac43a91653cc370cfe8) Importer(2089858483,192608db42251d675da83286b1cce702) (ScriptedImporter) -> (artifact id: 'bad6118ac5623f2bcafc549b31c2d183') in 0.0278203 seconds
Number of updated asset objects reloaded before import = 0Number of asset objects unloaded after import = 9

========================================================================
Received Import Request.
  Time since last request: 0.000013 seconds.
  path: Assets/Bhaptics/SDK2/Images/bHapticsAndroidUI/btn-page-arrow-left.png
  artifactKey: Guid(7f5047285bd2b8d4d8ea4abb15a67767) Importer(2089858483,192608db42251d675da83286b1cce702)
Start importing Assets/Bhaptics/SDK2/Images/bHapticsAndroidUI/btn-page-arrow-left.png using Guid(7f5047285bd2b8d4d8ea4abb15a67767) Importer(2089858483,192608db42251d675da83286b1cce702) (ScriptedImporter) -> (artifact id: '16809726cea95c3849d8eea3774d6ff6') in 0.0261907 seconds
Number of updated asset objects reloaded before import = 0Number of asset objects unloaded after import = 3

========================================================================
Received Import Request.
  Time since last request: 0.000017 seconds.
  path: Assets/Pickup/Textures/Body/4096/Mate
  artifactKey: Guid(9be26f1adbfaacb42b87a00c4faf90d2) Importer(2089858483,192608db42251d675da83286b1cce702)
Start importing Assets/Pickup/Textures/Body/4096/Mate using Guid(9be26f1adbfaacb42b87a00c4faf90d2) Importer(2089858483,192608db42251d675da83286b1cce702) (ScriptedImporter) -> (artifact id: '6efdd96126f0be34c25049106f54166e') in 0.0135499 seconds
Number of updated asset objects reloaded before import = 0Number of asset objects unloaded after import = 1

========================================================================
Received Import Request.
  Time since last request: 0.000022 seconds.
  path: Assets/VillagePack
  artifactKey: Guid(81c4b88a5e491bf4289df91d35527f5b) Importer(2089858483,192608db42251d675da83286b1cce702)
Start importing Assets/VillagePack using Guid(81c4b88a5e491bf4289df91d35527f5b) Importer(2089858483,192608db42251d675da83286b1cce702) (ScriptedImporter) -> (artifact id: '6fc0844cde17d3c905c11c97fc888133') in 0.018354 seconds
Number of updated asset objects reloaded before import = 0Number of asset objects unloaded after import = 1

========================================================================
Received Import Request.
  Time since last request: 0.000029 seconds.
  path: Assets/VillagePack/BigHouse/Materials
  artifactKey: Guid(e353c974518a30142827df60749989a8) Importer(2089858483,192608db42251d675da83286b1cce702)
Start importing Assets/VillagePack/BigHouse/Materials using Guid(e353c974518a30142827df60749989a8) Importer(2089858483,192608db42251d675da83286b1cce702) (ScriptedImporter) -> (artifact id: 'eb6ebdbf9dc17fae19bebcffd15cef7a') in 0.0179655 seconds
Number of updated asset objects reloaded before import = 0Number of asset objects unloaded after import = 1

========================================================================
Received Import Request.
  Time since last request: 0.000016 seconds.
  path: Assets/VillagePack/Well/Materials/StickBackSide.063.mat
  artifactKey: Guid(95848c7dacbaf914a9dbc4c54e4438d8) Importer(2089858483,192608db42251d675da83286b1cce702)
Start importing Assets/VillagePack/Well/Materials/StickBackSide.063.mat using Guid(95848c7dacbaf914a9dbc4c54e4438d8) Importer(2089858483,192608db42251d675da83286b1cce702) (ScriptedImporter) -> (artifact id: 'aa6cf5594bd3b3b410cafc17eb4d7d35') in 0.0187382 seconds
Number of updated asset objects reloaded before import = 0Number of asset objects unloaded after import = 1

========================================================================
Received Import Request.
  Time since last request: 0.000016 seconds.
  path: Assets/VillagePack/Well/Well.fbx
  artifactKey: Guid(21cf86b1834db25468c609ce2465187f) Importer(2089858483,192608db42251d675da83286b1cce702)
Start importing Assets/VillagePack/Well/Well.fbx using Guid(21cf86b1834db25468c609ce2465187f) Importer(2089858483,192608db42251d675da83286b1cce702) (ScriptedImporter) -> (artifact id: '1b2aec3624477400f862b0af58f2dc67') in 0.0992036 seconds
Number of updated asset objects reloaded before import = 0Number of asset objects unloaded after import = 361

========================================================================
Received Import Request.
  Time since last request: 0.000029 seconds.
  path: Assets/VillagePack/OldHouse/VHWallsWoodReflection.png
  artifactKey: Guid(628d677ce8e1e564fa24221710488702) Importer(2089858483,192608db42251d675da83286b1cce702)
Start importing Assets/VillagePack/OldHouse/VHWallsWoodReflection.png using Guid(628d677ce8e1e564fa24221710488702) Importer(2089858483,192608db42251d675da83286b1cce702) (ScriptedImporter) -> (artifact id: '917c22a1f5b88cf7b1162555af6915b7') in 0.0232528 seconds
Number of updated asset objects reloaded before import = 0Number of asset objects unloaded after import = 1

========================================================================
Received Import Request.
  Time since last request: 0.000044 seconds.
  path: Assets/VillagePack/OldHouse/VHFrameWoodReflection.png
  artifactKey: Guid(b871b2c92bb308b4899d40f7fdc11da0) Importer(2089858483,192608db42251d675da83286b1cce702)
Start importing Assets/VillagePack/OldHouse/VHFrameWoodReflection.png using Guid(b871b2c92bb308b4899d40f7fdc11da0) Importer(2089858483,192608db42251d675da83286b1cce702) (ScriptedImporter) -> (artifact id: '5efc8ec02829089b720474a534fb754e') in 0.0278022 seconds
Number of updated asset objects reloaded before import = 0Number of asset objects unloaded after import = 1

========================================================================
Received Import Request.
  Time since last request: 0.000015 seconds.
  path: Assets/VillagePack/Well/Materials/StickBackSide.006.mat
  artifactKey: Guid(22c7222b2abc5da4fb5dfe8613d8a4aa) Importer(2089858483,192608db42251d675da83286b1cce702)
Start importing Assets/VillagePack/Well/Materials/StickBackSide.006.mat using Guid(22c7222b2abc5da4fb5dfe8613d8a4aa) Importer(2089858483,192608db42251d675da83286b1cce702) (ScriptedImporter) -> (artifact id: '4ddadc08f9606430c80ab4ec66868962') in 0.0182926 seconds
Number of updated asset objects reloaded before import = 0Number of asset objects unloaded after import = 1

========================================================================
Received Import Request.
  Time since last request: 0.000017 seconds.
  path: Assets/VillagePack/Fence/Fence.fbx
  artifactKey: Guid(37804f44fb6382743bfc0c7778484693) Importer(2089858483,192608db42251d675da83286b1cce702)
Start importing Assets/VillagePack/Fence/Fence.fbx using Guid(37804f44fb6382743bfc0c7778484693) Importer(2089858483,192608db42251d675da83286b1cce702) (ScriptedImporter) -> (artifact id: '330dfafee8db4df0b914bc1033e6bb6d') in 0.0322697 seconds
Number of updated asset objects reloaded before import = 0Number of asset objects unloaded after import = 24

========================================================================
Received Import Request.
  Time since last request: 0.000017 seconds.
  path: Assets/VillagePack/OldHouse/VhRoofBeam.png
  artifactKey: Guid(96b5269f1b04f0d46b27d83b3c5c9e7d) Importer(2089858483,192608db42251d675da83286b1cce702)
Start importing Assets/VillagePack/OldHouse/VhRoofBeam.png using Guid(96b5269f1b04f0d46b27d83b3c5c9e7d) Importer(2089858483,192608db42251d675da83286b1cce702) (ScriptedImporter) -> (artifact id: '3d55a27c1f5d0c997460e1620b5a8e1d') in 0.0301839 seconds
Number of updated asset objects reloaded before import = 0Number of asset objects unloaded after import = 1

========================================================================
Received Import Request.
  Time since last request: 0.000024 seconds.
  path: Assets/VillagePack/Well/Materials/StickBackSide.083.mat
  artifactKey: Guid(c0076352a1d3b4545a261be89c3e5651) Importer(2089858483,192608db42251d675da83286b1cce702)
Start importing Assets/VillagePack/Well/Materials/StickBackSide.083.mat using Guid(c0076352a1d3b4545a261be89c3e5651) Importer(2089858483,192608db42251d675da83286b1cce702) (ScriptedImporter) -> (artifact id: '73172f3964390fcc21bcd10dacb188ba') in 0.02293 seconds
Number of updated asset objects reloaded before import = 0Number of asset objects unloaded after import = 1

========================================================================
Received Import Request.
  Time since last request: 0.000013 seconds.
  path: Assets/VillagePack/Well/Materials/Metal.mat
  artifactKey: Guid(0d7ca8495341bc04da53c6b03a244ec5) Importer(2089858483,192608db42251d675da83286b1cce702)
Start importing Assets/VillagePack/Well/Materials/Metal.mat using Guid(0d7ca8495341bc04da53c6b03a244ec5) Importer(2089858483,192608db42251d675da83286b1cce702) (ScriptedImporter) -> (artifact id: 'ace99b36fe9d809597796dd5f0e22659') in 0.0180344 seconds
Number of updated asset objects reloaded before import = 0Number of asset objects unloaded after import = 2

========================================================================
Received Import Request.
  Time since last request: 0.000014 seconds.
  path: Assets/Tom's Terrain Tools/Unity Terrain Assets/Trees Ambient-Occlusion/Models/Materials/Alder-AlderBark.mat
  artifactKey: Guid(4d8126466821a0c4baa261286f64c057) Importer(2089858483,192608db42251d675da83286b1cce702)
Start importing Assets/Tom's Terrain Tools/Unity Terrain Assets/Trees Ambient-Occlusion/Models/Materials/Alder-AlderBark.mat using Guid(4d8126466821a0c4baa261286f64c057) Importer(2089858483,192608db42251d675da83286b1cce702) (ScriptedImporter) -> (artifact id: 'dbd62b906eb2f8382d43b205948c7d5f') in 0.0138857 seconds
Number of updated asset objects reloaded before import = 0Number of asset objects unloaded after import = 1

========================================================================
Received Import Request.
  Time since last request: 0.000024 seconds.
  path: Assets/VillagePack/Well/Materials/StickBackSide.007.mat
  artifactKey: Guid(b1e693f4e02c2b74c9e0789d2d6b2666) Importer(2089858483,192608db42251d675da83286b1cce702)
Start importing Assets/VillagePack/Well/Materials/StickBackSide.007.mat using Guid(b1e693f4e02c2b74c9e0789d2d6b2666) Importer(2089858483,192608db42251d675da83286b1cce702) (ScriptedImporter) -> (artifact id: '43673766a9e554888d924e6e95ddef3d') in 0.0130986 seconds
Number of updated asset objects reloaded before import = 0Number of asset objects unloaded after import = 1

========================================================================
Received Import Request.
  Time since last request: 0.000022 seconds.
  path: Assets/PRJ0818_Murakami/Wooden Props 3D
  artifactKey: Guid(f804dfb4a3e9dca43b25fd3c6ab1d01c) Importer(2089858483,192608db42251d675da83286b1cce702)
Start importing Assets/PRJ0818_Murakami/Wooden Props 3D using Guid(f804dfb4a3e9dca43b25fd3c6ab1d01c) Importer(2089858483,192608db42251d675da83286b1cce702) (ScriptedImporter) -> (artifact id: '1974e2c071dec558e627535f988d19f3') in 0.0127608 seconds
Number of updated asset objects reloaded before import = 0Number of asset objects unloaded after import = 1

========================================================================
Received Import Request.
  Time since last request: 0.000023 seconds.
  path: Assets/PRJ0818_Murakami/Wooden Props 3D/Meshes
  artifactKey: Guid(98e2b30caf79a5b44bc1a6b423bcc656) Importer(2089858483,192608db42251d675da83286b1cce702)
Start importing Assets/PRJ0818_Murakami/Wooden Props 3D/Meshes using Guid(98e2b30caf79a5b44bc1a6b423bcc656) Importer(2089858483,192608db42251d675da83286b1cce702) (ScriptedImporter) -> (artifact id: 'cace390952ad9920195a2f9390b8159d') in 0.016516 seconds
Number of updated asset objects reloaded before import = 0Number of asset objects unloaded after import = 1

========================================================================
Received Import Request.
  Time since last request: 0.000019 seconds.
  path: Assets/PRJ0818_Murakami/Wooden Props 3D/Textures/T_TreasureChest_ORM.tga
  artifactKey: Guid(5f856a1f43ba50d41ada850d5f5c890e) Importer(2089858483,192608db42251d675da83286b1cce702)
Start importing Assets/PRJ0818_Murakami/Wooden Props 3D/Textures/T_TreasureChest_ORM.tga using Guid(5f856a1f43ba50d41ada850d5f5c890e) Importer(2089858483,192608db42251d675da83286b1cce702) (ScriptedImporter) -> (artifact id: 'd6ade24aa8907191e621e7a17616e631') in 0.0239579 seconds
Number of updated asset objects reloaded before import = 0Number of asset objects unloaded after import = 1

========================================================================
Received Import Request.
  Time since last request: 0.000015 seconds.
  path: Assets/PRJ0818_Murakami/Wooden Props 3D/Prefabs/SkullCoins.prefab
  artifactKey: Guid(4ff8480f920b76242a6f271a5021bb15) Importer(2089858483,192608db42251d675da83286b1cce702)
Start importing Assets/PRJ0818_Murakami/Wooden Props 3D/Prefabs/SkullCoins.prefab using Guid(4ff8480f920b76242a6f271a5021bb15) Importer(2089858483,192608db42251d675da83286b1cce702) (ScriptedImporter) -> (artifact id: '97042556a7bb04ea532efdcee49b8c8b') in 0.031917 seconds
Number of updated asset objects reloaded before import = 0Number of asset objects unloaded after import = 15

========================================================================
Received Import Request.
  Time since last request: 0.000022 seconds.
  path: Assets/PRJ0818_Murakami/Wooden Props 3D/Textures/T_SkullCoins_C.tga
  artifactKey: Guid(9b9f253215d1c4a4fa29523bdc8fa59e) Importer(2089858483,192608db42251d675da83286b1cce702)
Start importing Assets/PRJ0818_Murakami/Wooden Props 3D/Textures/T_SkullCoins_C.tga using Guid(9b9f253215d1c4a4fa29523bdc8fa59e) Importer(2089858483,192608db42251d675da83286b1cce702) (ScriptedImporter) -> (artifact id: '5da10bb2fd1d356feaa536d9f335e26f') in 0.0180202 seconds
Number of updated asset objects reloaded before import = 0Number of asset objects unloaded after import = 1

========================================================================
Received Import Request.
  Time since last request: 0.000024 seconds.
  path: Assets/PRJ0818_Murakami/Wooden Props 3D/Shaders
  artifactKey: Guid(a84f5f4220b735e4383ce76cfabe0b82) Importer(2089858483,192608db42251d675da83286b1cce702)
Start importing Assets/PRJ0818_Murakami/Wooden Props 3D/Shaders using Guid(a84f5f4220b735e4383ce76cfabe0b82) Importer(2089858483,192608db42251d675da83286b1cce702) (ScriptedImporter) -> (artifact id: '68c6a0515a5fcc0089535c7f36d2b1b1') in 0.012319 seconds
Number of updated asset objects reloaded before import = 0Number of asset objects unloaded after import = 1

========================================================================
Received Import Request.
  Time since last request: 0.000016 seconds.
  path: Assets/PRJ0818_Murakami/Wooden Props 3D/Meshes/SkullCoins.fbx
  artifactKey: Guid(4468ff7bbcf5e3848ae6408319bc41a8) Importer(2089858483,192608db42251d675da83286b1cce702)
Start importing Assets/PRJ0818_Murakami/Wooden Props 3D/Meshes/SkullCoins.fbx using Guid(4468ff7bbcf5e3848ae6408319bc41a8) Importer(2089858483,192608db42251d675da83286b1cce702) (ScriptedImporter) -> (artifact id: 'c77b25b34d6191b0e49316629cff6575') in 0.0246036 seconds
Number of updated asset objects reloaded before import = 0Number of asset objects unloaded after import = 8

========================================================================
Received Import Request.
  Time since last request: 0.000033 seconds.
  path: Assets/Game Assets/Aegis77/Wooden Planks/Textures/Planks_albedo_light.png
  artifactKey: Guid(90837a0161dcd364883e3cd16c8a033d) Importer(2089858483,192608db42251d675da83286b1cce702)
Start importing Assets/Game Assets/Aegis77/Wooden Planks/Textures/Planks_albedo_light.png using Guid(90837a0161dcd364883e3cd16c8a033d) Importer(2089858483,192608db42251d675da83286b1cce702) (ScriptedImporter) -> (artifact id: '8ea20dd9c5d228fa16c539725cca968e') in 0.0229997 seconds
Number of updated asset objects reloaded before import = 0Number of asset objects unloaded after import = 1

========================================================================
Received Import Request.
  Time since last request: 0.000027 seconds.
  path: Assets/PRJ0818_Murakami/Wooden Props 3D/Textures/T_TreasureChest_N.tga
  artifactKey: Guid(6a4eb998177d7514da765eef348b5858) Importer(2089858483,192608db42251d675da83286b1cce702)
Start importing Assets/PRJ0818_Murakami/Wooden Props 3D/Textures/T_TreasureChest_N.tga using Guid(6a4eb998177d7514da765eef348b5858) Importer(2089858483,192608db42251d675da83286b1cce702) (ScriptedImporter) -> (artifact id: 'd137216d19073e97617938b598a4d298') in 0.0213976 seconds
Number of updated asset objects reloaded before import = 0Number of asset objects unloaded after import = 1

========================================================================
Received Import Request.
  Time since last request: 0.000019 seconds.
  path: Assets/Game Assets/Aegis77/Wooden Planks/Scenes/Testing Scene.unity
  artifactKey: Guid(7e0cc3df1f8fa1d498807fee5b753d5c) Importer(2089858483,192608db42251d675da83286b1cce702)
Start importing Assets/Game Assets/Aegis77/Wooden Planks/Scenes/Testing Scene.unity using Guid(7e0cc3df1f8fa1d498807fee5b753d5c) Importer(2089858483,192608db42251d675da83286b1cce702) (ScriptedImporter) -> (artifact id: 'b96f7559acfaea960fccf001383d86e4') in 0.0226029 seconds
Number of updated asset objects reloaded before import = 0Number of asset objects unloaded after import = 1

========================================================================
Received Import Request.
  Time since last request: 0.000027 seconds.
  path: Assets/PRJ0818_Murakami/Wooden Props 3D/Textures/T_WoodenBox_ORM.tga
  artifactKey: Guid(56bce3ea4837d354d95d04e3772a08f0) Importer(2089858483,192608db42251d675da83286b1cce702)
Start importing Assets/PRJ0818_Murakami/Wooden Props 3D/Textures/T_WoodenBox_ORM.tga using Guid(56bce3ea4837d354d95d04e3772a08f0) Importer(2089858483,192608db42251d675da83286b1cce702) (ScriptedImporter) -> (artifact id: '2066345af686187733223c2852582214') in 0.0204993 seconds
Number of updated asset objects reloaded before import = 0Number of asset objects unloaded after import = 1

========================================================================
Received Import Request.
  Time since last request: 0.000021 seconds.
  path: Assets/PRJ0818_Murakami/Wooden Props 3D/Shaders/PropBundleShader.shadergraph
  artifactKey: Guid(a9e2e01193cf62a4aafdc7d1a5cdb16a) Importer(2089858483,192608db42251d675da83286b1cce702)
Start importing Assets/PRJ0818_Murakami/Wooden Props 3D/Shaders/PropBundleShader.shadergraph using Guid(a9e2e01193cf62a4aafdc7d1a5cdb16a) Importer(2089858483,192608db42251d675da83286b1cce702) (ScriptedImporter) -> (artifact id: '677d1633cb392f35acac370acdcbeecf') in 0.2156699 seconds
Number of updated asset objects reloaded before import = 0Number of asset objects unloaded after import = 5

========================================================================
Received Import Request.
  Time since last request: 0.000034 seconds.
  path: Assets/Game Assets/Aegis77/Wooden Planks/Prefabs/Dark/Plank5.prefab
  artifactKey: Guid(da971cfae23786142bc98a48674f74a1) Importer(2089858483,192608db42251d675da83286b1cce702)
Start importing Assets/Game Assets/Aegis77/Wooden Planks/Prefabs/Dark/Plank5.prefab using Guid(da971cfae23786142bc98a48674f74a1) Importer(2089858483,192608db42251d675da83286b1cce702) (ScriptedImporter) -> (artifact id: '317673ee61e9caff50f9561fb339740a') in 0.0452067 seconds
Number of updated asset objects reloaded before import = 0Number of asset objects unloaded after import = 12

========================================================================
Received Import Request.
  Time since last request: 0.000026 seconds.
  path: Assets/Game Assets/Aegis77/Wooden Planks/Prefabs/Weathered/Plank1.prefab
  artifactKey: Guid(27b0b904d85173b4b856aa045b35b196) Importer(2089858483,192608db42251d675da83286b1cce702)
Start importing Assets/Game Assets/Aegis77/Wooden Planks/Prefabs/Weathered/Plank1.prefab using Guid(27b0b904d85173b4b856aa045b35b196) Importer(2089858483,192608db42251d675da83286b1cce702) (ScriptedImporter) -> (artifact id: '538f46299becbc591a2d9f317b45d41b') in 0.0473304 seconds
Number of updated asset objects reloaded before import = 0Number of asset objects unloaded after import = 11

========================================================================
Received Import Request.
  Time since last request: 0.000015 seconds.
  path: Assets/PRJ0818_Murakami/Wooden Props 3D/Scenes/SampleScene.unity
  artifactKey: Guid(33945404f7831c34983c797455fb4881) Importer(2089858483,192608db42251d675da83286b1cce702)
Start importing Assets/PRJ0818_Murakami/Wooden Props 3D/Scenes/SampleScene.unity using Guid(33945404f7831c34983c797455fb4881) Importer(2089858483,192608db42251d675da83286b1cce702) (ScriptedImporter) -> (artifact id: 'da9e1218bcdb23eeb2241bce00a8484c') in 0.0259257 seconds
Number of updated asset objects reloaded before import = 0Number of asset objects unloaded after import = 1

========================================================================
Received Import Request.
  Time since last request: 0.000016 seconds.
  path: Assets/PRJ0818_Murakami/Wooden Props 3D/Meshes/Barrel.fbx
  artifactKey: Guid(a96ec23e0a4e19f4189854f7dcc5dedb) Importer(2089858483,192608db42251d675da83286b1cce702)
Start importing Assets/PRJ0818_Murakami/Wooden Props 3D/Meshes/Barrel.fbx using Guid(a96ec23e0a4e19f4189854f7dcc5dedb) Importer(2089858483,192608db42251d675da83286b1cce702) (ScriptedImporter) -> (artifact id: '5468723b149b1e7b696da712d50aff9a') in 0.0212266 seconds
Number of updated asset objects reloaded before import = 0Number of asset objects unloaded after import = 8

========================================================================
Received Import Request.
  Time since last request: 0.000019 seconds.
  path: Assets/PRJ0818_Murakami/Wooden Props 3D/Materials/M_WoodenBox.mat
  artifactKey: Guid(66ec20ae978daee49a28ede6bc63db76) Importer(2089858483,192608db42251d675da83286b1cce702)
Start importing Assets/PRJ0818_Murakami/Wooden Props 3D/Materials/M_WoodenBox.mat using Guid(66ec20ae978daee49a28ede6bc63db76) Importer(2089858483,192608db42251d675da83286b1cce702) (ScriptedImporter) -> (artifact id: 'dc839f624ca3b370d2899414d63ed01a') in 0.0209436 seconds
Number of updated asset objects reloaded before import = 0Number of asset objects unloaded after import = 9

========================================================================
Received Import Request.
  Time since last request: 0.000022 seconds.
  path: Assets/VillagePack/Well/Materials/StickBackSide.008.mat
  artifactKey: Guid(1d33640f5fe379e4ca9b7d5954a76bf2) Importer(2089858483,192608db42251d675da83286b1cce702)
Start importing Assets/VillagePack/Well/Materials/StickBackSide.008.mat using Guid(1d33640f5fe379e4ca9b7d5954a76bf2) Importer(2089858483,192608db42251d675da83286b1cce702) (ScriptedImporter) -> (artifact id: '24b0b7273f52ccf9c93d712f88372f89') in 0.0229896 seconds
Number of updated asset objects reloaded before import = 0Number of asset objects unloaded after import = 1

========================================================================
Received Import Request.
  Time since last request: 0.000014 seconds.
  path: Assets/Game Assets/Aegis77/Wooden Planks/Materials/Planks_mat_dark.mat
  artifactKey: Guid(189e57d10c00ef546881d8cf7990888f) Importer(2089858483,192608db42251d675da83286b1cce702)
Start importing Assets/Game Assets/Aegis77/Wooden Planks/Materials/Planks_mat_dark.mat using Guid(189e57d10c00ef546881d8cf7990888f) Importer(2089858483,192608db42251d675da83286b1cce702) (ScriptedImporter) -> (artifact id: 'c6e12cd2ba9db9d131dce004a4559117') in 0.0184442 seconds
Number of updated asset objects reloaded before import = 0Number of asset objects unloaded after import = 1

========================================================================
Received Import Request.
  Time since last request: 0.000014 seconds.
  path: Assets/MyTextures/Blue.mat
  artifactKey: Guid(6b294770a56697943b0411a3937b79b4) Importer(2089858483,192608db42251d675da83286b1cce702)
Start importing Assets/MyTextures/Blue.mat using Guid(6b294770a56697943b0411a3937b79b4) Importer(2089858483,192608db42251d675da83286b1cce702) (ScriptedImporter) -> (artifact id: '016ff3915416f01f46215cbe9a0b8a54') in 0.0218891 seconds
Number of updated asset objects reloaded before import = 0Number of asset objects unloaded after import = 1

========================================================================
Received Import Request.
  Time since last request: 0.000014 seconds.
  path: Assets/Game Assets/Aegis77/Wooden Planks/Scenes
  artifactKey: Guid(c918aae607b39ec4db68949916e2c099) Importer(2089858483,192608db42251d675da83286b1cce702)
Start importing Assets/Game Assets/Aegis77/Wooden Planks/Scenes using Guid(c918aae607b39ec4db68949916e2c099) Importer(2089858483,192608db42251d675da83286b1cce702) (ScriptedImporter) -> (artifact id: '1ca4b22c9636e2884ad39ba719dbfc69') in 0.0112576 seconds
Number of updated asset objects reloaded before import = 0Number of asset objects unloaded after import = 1

========================================================================
Received Import Request.
  Time since last request: 0.000018 seconds.
  path: Assets/Game Assets/Aegis77/Wooden Planks/Prefabs/Light/Plank5.prefab
  artifactKey: Guid(15c99133875c9a942af57ec2af5585e2) Importer(2089858483,192608db42251d675da83286b1cce702)
Start importing Assets/Game Assets/Aegis77/Wooden Planks/Prefabs/Light/Plank5.prefab using Guid(15c99133875c9a942af57ec2af5585e2) Importer(2089858483,192608db42251d675da83286b1cce702) (ScriptedImporter) -> (artifact id: '25dcccf9ec4b6c82437487fa6ef5f50b') in 0.0455881 seconds
Number of updated asset objects reloaded before import = 0Number of asset objects unloaded after import = 12

========================================================================
Received Import Request.
  Time since last request: 0.000033 seconds.
  path: Assets/Game Assets/Aegis77/Wooden Planks/Prefabs/Light
  artifactKey: Guid(3b8ac996351d6244aa07f55f8b27ab24) Importer(2089858483,192608db42251d675da83286b1cce702)
Start importing Assets/Game Assets/Aegis77/Wooden Planks/Prefabs/Light using Guid(3b8ac996351d6244aa07f55f8b27ab24) Importer(2089858483,192608db42251d675da83286b1cce702) (ScriptedImporter) -> (artifact id: '64084266c66296eb06d819223c9ed7ba') in 0.0135687 seconds
Number of updated asset objects reloaded before import = 0Number of asset objects unloaded after import = 1

========================================================================
Received Import Request.
  Time since last request: 0.000020 seconds.
  path: Assets/Game Assets/Aegis77/Wooden Planks/Prefabs/Light/Plank4.prefab
  artifactKey: Guid(54b346296d10afd42beaacf9ba887362) Importer(2089858483,192608db42251d675da83286b1cce702)
Start importing Assets/Game Assets/Aegis77/Wooden Planks/Prefabs/Light/Plank4.prefab using Guid(54b346296d10afd42beaacf9ba887362) Importer(2089858483,192608db42251d675da83286b1cce702) (ScriptedImporter) -> (artifact id: '000b38365b6ff14935fa57784b753885') in 0.0451755 seconds
Number of updated asset objects reloaded before import = 0Number of asset objects unloaded after import = 12

========================================================================
Received Import Request.
  Time since last request: 0.000016 seconds.
  path: Assets/Game Assets
  artifactKey: Guid(13deb5638ba3bb44c8cce70b9a920df8) Importer(2089858483,192608db42251d675da83286b1cce702)
Start importing Assets/Game Assets using Guid(13deb5638ba3bb44c8cce70b9a920df8) Importer(2089858483,192608db42251d675da83286b1cce702) (ScriptedImporter) -> (artifact id: '1ac47e116b50bdaf95bfc5b89a9b9399') in 0.015885 seconds
Number of updated asset objects reloaded before import = 0Number of asset objects unloaded after import = 1

========================================================================
Received Import Request.
  Time since last request: 0.000033 seconds.
  path: Assets/MyTextures/NewLayer.terrainlayer
  artifactKey: Guid(4660c96817ec51e419aeca5329325c47) Importer(2089858483,192608db42251d675da83286b1cce702)
Start importing Assets/MyTextures/NewLayer.terrainlayer using Guid(4660c96817ec51e419aeca5329325c47) Importer(2089858483,192608db42251d675da83286b1cce702) (ScriptedImporter) -> (artifact id: '8bd7bc9dc2c7ebca9fa704a8ad25fb37') in 0.0293957 seconds
Number of updated asset objects reloaded before import = 0Number of asset objects unloaded after import = 2

========================================================================
Received Import Request.
  Time since last request: 0.000045 seconds.
  path: Assets/IgniteCoders/Simple Water Shader/Resources/WaterSurface_single.tif
  artifactKey: Guid(11154d936b05e66498f68fa178c5cfbb) Importer(2089858483,192608db42251d675da83286b1cce702)
Start importing Assets/IgniteCoders/Simple Water Shader/Resources/WaterSurface_single.tif using Guid(11154d936b05e66498f68fa178c5cfbb) Importer(2089858483,192608db42251d675da83286b1cce702) (ScriptedImporter) -> (artifact id: '6725f010495ff4f535aaabb066412f0f') in 0.0195436 seconds
Number of updated asset objects reloaded before import = 0Number of asset objects unloaded after import = 1

========================================================================
Received Import Request.
  Time since last request: 0.000030 seconds.
  path: Assets/New Terrain 1.asset
  artifactKey: Guid(bc72e4d8c151b7442a578a79614e9244) Importer(2089858483,192608db42251d675da83286b1cce702)
Start importing Assets/New Terrain 1.asset using Guid(bc72e4d8c151b7442a578a79614e9244) Importer(2089858483,192608db42251d675da83286b1cce702) (ScriptedImporter)The tree M_Realistic21_12 must use the Nature/Soft Occlusion shader. Otherwise billboarding/lighting will not work correctly.
UnityEngine.Debug:ExtractStackTraceNoAlloc (byte*,int,string)
UnityEngine.StackTraceUtility:ExtractStackTrace ()
UnityEditor.AssetDatabase:LoadMainAssetAtPath (string)
UnityEditor.Search.AssetIndexer:IndexProperties (int&,string&,bool&)
UnityEditor.Search.AssetIndexer:IndexDocument (string,bool)
UnityEditor.Search.SearchIndexEntryImporter:OnImportAsset (UnityEditor.AssetImporters.AssetImportContext)
UnityEditor.AssetImporters.ScriptedImporter:GenerateAssetData (UnityEditor.AssetImporters.AssetImportContext)

[C:\build\output\unity\unity\Modules\Terrain\Public\TreeDatabase.cpp line 355]

The tree M_Realistic21_1 must use the Nature/Soft Occlusion shader. Otherwise billboarding/lighting will not work correctly.
UnityEngine.Debug:ExtractStackTraceNoAlloc (byte*,int,string)
UnityEngine.StackTraceUtility:ExtractStackTrace ()
UnityEditor.AssetDatabase:LoadMainAssetAtPath (string)
UnityEditor.Search.AssetIndexer:IndexProperties (int&,string&,bool&)
UnityEditor.Search.AssetIndexer:IndexDocument (string,bool)
UnityEditor.Search.SearchIndexEntryImporter:OnImportAsset (UnityEditor.AssetImporters.AssetImportContext)
UnityEditor.AssetImporters.ScriptedImporter:GenerateAssetData (UnityEditor.AssetImporters.AssetImportContext)

[C:\build\output\unity\unity\Modules\Terrain\Public\TreeDatabase.cpp line 355]

 -> (artifact id: '94664b0049eae7e47d69bc5e027ab5d5') in 0.0640856 seconds
Number of updated asset objects reloaded before import = 0Number of asset objects unloaded after import = 21

========================================================================
Received Import Request.
  Time since last request: 0.000022 seconds.
  path: Assets/MyTextures/Asphalt.png
  artifactKey: Guid(0ef97e48d2e05544f9c9592050338a48) Importer(2089858483,192608db42251d675da83286b1cce702)
Start importing Assets/MyTextures/Asphalt.png using Guid(0ef97e48d2e05544f9c9592050338a48) Importer(2089858483,192608db42251d675da83286b1cce702) (ScriptedImporter) -> (artifact id: '887ead313411058c1e6ed9c9fe90ae26') in 0.0176254 seconds
Number of updated asset objects reloaded before import = 0Number of asset objects unloaded after import = 1

========================================================================
Received Import Request.
  Time since last request: 0.000060 seconds.
  path: Assets/TextMesh Pro/Shaders/TMP_SDF-URP Unlit.shadergraph
  artifactKey: Guid(124c112a6e8f1a54e8b0870e881b56d8) Importer(2089858483,192608db42251d675da83286b1cce702)
Start importing Assets/TextMesh Pro/Shaders/TMP_SDF-URP Unlit.shadergraph using Guid(124c112a6e8f1a54e8b0870e881b56d8) Importer(2089858483,192608db42251d675da83286b1cce702) (ScriptedImporter) -> (artifact id: '5e7e31cf67ddf664836668b05ad01adc') in 0.0516442 seconds
Number of updated asset objects reloaded before import = 0Number of asset objects unloaded after import = 4

========================================================================
Received Import Request.
  Time since last request: 0.000040 seconds.
  path: Assets/Settings/PC_RPAsset.asset
  artifactKey: Guid(4b83569d67af61e458304325a23e5dfd) Importer(2089858483,192608db42251d675da83286b1cce702)
Start importing Assets/Settings/PC_RPAsset.asset using Guid(4b83569d67af61e458304325a23e5dfd) Importer(2089858483,192608db42251d675da83286b1cce702) (ScriptedImporter) -> (artifact id: '5075fc01fd56893a4267345de060e87c') in 0.0514331 seconds
Number of updated asset objects reloaded before import = 0Number of asset objects unloaded after import = 1

========================================================================
Received Import Request.
  Time since last request: 0.000023 seconds.
  path: Assets/IgniteCoders/Simple Water Shader/Demo.unity
  artifactKey: Guid(d1c3109bdb54ad54c8a2b2838528e640) Importer(2089858483,192608db42251d675da83286b1cce702)
Start importing Assets/IgniteCoders/Simple Water Shader/Demo.unity using Guid(d1c3109bdb54ad54c8a2b2838528e640) Importer(2089858483,192608db42251d675da83286b1cce702) (ScriptedImporter) -> (artifact id: '171c9682d66a2d3f98701b9a4d8a6381') in 0.0217029 seconds
Number of updated asset objects reloaded before import = 0Number of asset objects unloaded after import = 1

========================================================================
Received Import Request.
  Time since last request: 0.000016 seconds.
  path: Assets/IgniteCoders/Simple Water Shader/Prefabs/WaterBlock_50m.prefab
  artifactKey: Guid(7097ba7ba649e1f41bba232312bdcbd8) Importer(2089858483,192608db42251d675da83286b1cce702)
Start importing Assets/IgniteCoders/Simple Water Shader/Prefabs/WaterBlock_50m.prefab using Guid(7097ba7ba649e1f41bba232312bdcbd8) Importer(2089858483,192608db42251d675da83286b1cce702) (ScriptedImporter) -> (artifact id: '4aef1982fd0ac589d8fc031fc139e847') in 0.0357801 seconds
Number of updated asset objects reloaded before import = 0Number of asset objects unloaded after import = 9

========================================================================
Received Import Request.
  Time since last request: 0.000017 seconds.
  path: Assets/IgniteCoders
  artifactKey: Guid(1f144959fa5a19f4f9b831cefddc78a9) Importer(2089858483,192608db42251d675da83286b1cce702)
Start importing Assets/IgniteCoders using Guid(1f144959fa5a19f4f9b831cefddc78a9) Importer(2089858483,192608db42251d675da83286b1cce702) (ScriptedImporter) -> (artifact id: 'd6edf49971b43e7150cb335b82f55ca6') in 0.0122693 seconds
Number of updated asset objects reloaded before import = 0Number of asset objects unloaded after import = 1

========================================================================
Received Import Request.
  Time since last request: 0.000028 seconds.
  path: Assets/IgniteCoders/Simple Water Shader/Resources/WaterReflection.renderTexture
  artifactKey: Guid(4ae8ae7350b67b44785d874c413a2e03) Importer(2089858483,192608db42251d675da83286b1cce702)
Start importing Assets/IgniteCoders/Simple Water Shader/Resources/WaterReflection.renderTexture using Guid(4ae8ae7350b67b44785d874c413a2e03) Importer(2089858483,192608db42251d675da83286b1cce702) (ScriptedImporter) -> (artifact id: 'cbcdcc7e67dd93aef50f4dfaede401a6') in 0.035881 seconds
Number of updated asset objects reloaded before import = 0Number of asset objects unloaded after import = 1

========================================================================
Received Import Request.
  Time since last request: 0.000017 seconds.
  path: Assets/IgniteCoders/Simple Water Shader/Prefabs
  artifactKey: Guid(659a758b0bea88342a8f7d3812ab9415) Importer(2089858483,192608db42251d675da83286b1cce702)
Start importing Assets/IgniteCoders/Simple Water Shader/Prefabs using Guid(659a758b0bea88342a8f7d3812ab9415) Importer(2089858483,192608db42251d675da83286b1cce702) (ScriptedImporter) -> (artifact id: 'd05bd33e2d74ce71dc3f9a56c2e3566b') in 0.0163375 seconds
Number of updated asset objects reloaded before import = 0Number of asset objects unloaded after import = 1

========================================================================
Received Import Request.
  Time since last request: 0.000018 seconds.
  path: Assets/VillagePack/BigHouse/BigHousePrefab.prefab
  artifactKey: Guid(1e132733b84047940b6a9043814d6ee2) Importer(2089858483,192608db42251d675da83286b1cce702)
Start importing Assets/VillagePack/BigHouse/BigHousePrefab.prefab using Guid(1e132733b84047940b6a9043814d6ee2) Importer(2089858483,192608db42251d675da83286b1cce702) (ScriptedImporter) -> (artifact id: '94d9355d6bcfe90ff2aafadb794baf5f') in 0.0400527 seconds
Number of updated asset objects reloaded before import = 0Number of asset objects unloaded after import = 150

========================================================================
Received Import Request.
  Time since last request: 0.000017 seconds.
  path: Assets/IgniteCoders/Simple Water Shader/Info/Scripts/Editor/ReadmeEditor.cs
  artifactKey: Guid(476cc7d7cd9874016adc216baab94a0a) Importer(2089858483,192608db42251d675da83286b1cce702)
Start importing Assets/IgniteCoders/Simple Water Shader/Info/Scripts/Editor/ReadmeEditor.cs using Guid(476cc7d7cd9874016adc216baab94a0a) Importer(2089858483,192608db42251d675da83286b1cce702) (ScriptedImporter) -> (artifact id: '272c0a38f0c24e920a325593c9055eac') in 0.0187577 seconds
Number of updated asset objects reloaded before import = 0Number of asset objects unloaded after import = 0

========================================================================
Received Import Request.
  Time since last request: 0.000025 seconds.
  path: Assets/MyTextures/Materials
  artifactKey: Guid(50ce240680598e34cbb3812e8edc2e2a) Importer(2089858483,192608db42251d675da83286b1cce702)
Start importing Assets/MyTextures/Materials using Guid(50ce240680598e34cbb3812e8edc2e2a) Importer(2089858483,192608db42251d675da83286b1cce702) (ScriptedImporter) -> (artifact id: 'b917b7c4ec8c31c93a5cf9e19dbabe2a') in 0.0150957 seconds
Number of updated asset objects reloaded before import = 0Number of asset objects unloaded after import = 1

========================================================================
Received Import Request.
  Time since last request: 0.000015 seconds.
  path: Assets/Pickup/Textures/Lights/Lights/Materials
  artifactKey: Guid(3ec076a30ff04ab48a9f77725f36c153) Importer(2089858483,192608db42251d675da83286b1cce702)
Start importing Assets/Pickup/Textures/Lights/Lights/Materials using Guid(3ec076a30ff04ab48a9f77725f36c153) Importer(2089858483,192608db42251d675da83286b1cce702) (ScriptedImporter) -> (artifact id: '088e5ad9eb9ca6442c1541740e2fd1c5') in 0.0185307 seconds
Number of updated asset objects reloaded before import = 0Number of asset objects unloaded after import = 1

========================================================================
Received Import Request.
  Time since last request: 0.000016 seconds.
  path: Assets/IgniteCoders/Simple Water Shader/Resources/WaterBlock_50m.mesh
  artifactKey: Guid(3da23cdf512599b42881988944f3918c) Importer(2089858483,192608db42251d675da83286b1cce702)
Start importing Assets/IgniteCoders/Simple Water Shader/Resources/WaterBlock_50m.mesh using Guid(3da23cdf512599b42881988944f3918c) Importer(2089858483,192608db42251d675da83286b1cce702) (ScriptedImporter) -> (artifact id: '189bd994191bc0b998afeb44995fba4c') in 0.0297442 seconds
Number of updated asset objects reloaded before import = 0Number of asset objects unloaded after import = 1

========================================================================
Received Import Request.
  Time since last request: 0.000031 seconds.
  path: Assets/MyTextures/dje7cs9k439sr29a1e9oqaa4jsfzbf1d.jpg
  artifactKey: Guid(4c521e3d84b0f184585cd678f70db7a3) Importer(2089858483,192608db42251d675da83286b1cce702)
Start importing Assets/MyTextures/dje7cs9k439sr29a1e9oqaa4jsfzbf1d.jpg using Guid(4c521e3d84b0f184585cd678f70db7a3) Importer(2089858483,192608db42251d675da83286b1cce702) (ScriptedImporter) -> (artifact id: '53059d76ebba1b512adb7262c116a1d6') in 0.0223899 seconds
Number of updated asset objects reloaded before import = 0Number of asset objects unloaded after import = 1

========================================================================
Received Import Request.
  Time since last request: 0.000044 seconds.
  path: Assets/New Terrain 4.asset
  artifactKey: Guid(9568db65f74698f40a9f9ec2b15a127a) Importer(2089858483,192608db42251d675da83286b1cce702)
Start importing Assets/New Terrain 4.asset using Guid(9568db65f74698f40a9f9ec2b15a127a) Importer(2089858483,192608db42251d675da83286b1cce702) (ScriptedImporter)The tree M_Realistic21_12 must use the Nature/Soft Occlusion shader. Otherwise billboarding/lighting will not work correctly.
UnityEngine.Debug:ExtractStackTraceNoAlloc (byte*,int,string)
UnityEngine.StackTraceUtility:ExtractStackTrace ()
UnityEditor.AssetDatabase:LoadMainAssetAtPath (string)
UnityEditor.Search.AssetIndexer:IndexProperties (int&,string&,bool&)
UnityEditor.Search.AssetIndexer:IndexDocument (string,bool)
UnityEditor.Search.SearchIndexEntryImporter:OnImportAsset (UnityEditor.AssetImporters.AssetImportContext)
UnityEditor.AssetImporters.ScriptedImporter:GenerateAssetData (UnityEditor.AssetImporters.AssetImportContext)

[C:\build\output\unity\unity\Modules\Terrain\Public\TreeDatabase.cpp line 355]

The tree M_Realistic21_1 must use the Nature/Soft Occlusion shader. Otherwise billboarding/lighting will not work correctly.
UnityEngine.Debug:ExtractStackTraceNoAlloc (byte*,int,string)
UnityEngine.StackTraceUtility:ExtractStackTrace ()
UnityEditor.AssetDatabase:LoadMainAssetAtPath (string)
UnityEditor.Search.AssetIndexer:IndexProperties (int&,string&,bool&)
UnityEditor.Search.AssetIndexer:IndexDocument (string,bool)
UnityEditor.Search.SearchIndexEntryImporter:OnImportAsset (UnityEditor.AssetImporters.AssetImportContext)
UnityEditor.AssetImporters.ScriptedImporter:GenerateAssetData (UnityEditor.AssetImporters.AssetImportContext)

[C:\build\output\unity\unity\Modules\Terrain\Public\TreeDatabase.cpp line 355]

 -> (artifact id: 'ba6e99d279804f39d481119bb130e2de') in 0.064287 seconds
Number of updated asset objects reloaded before import = 0Number of asset objects unloaded after import = 22

========================================================================
Received Import Request.
  Time since last request: 0.000030 seconds.
  path: Assets/New Terrain 2.asset
  artifactKey: Guid(4fffe1a3a3353494b96f6f1438f6c8cd) Importer(2089858483,192608db42251d675da83286b1cce702)
Start importing Assets/New Terrain 2.asset using Guid(4fffe1a3a3353494b96f6f1438f6c8cd) Importer(2089858483,192608db42251d675da83286b1cce702) (ScriptedImporter) -> (artifact id: '7115633d084bc9105b78d5b04780aba8') in 0.0311296 seconds
Number of updated asset objects reloaded before import = 0Number of asset objects unloaded after import = 2

========================================================================
Received Import Request.
  Time since last request: 0.000018 seconds.
  path: Assets/MyTextures/Materials/9Eqzhl8voV4.mat
  artifactKey: Guid(e0b336bae6a223742b501b07a6a16a83) Importer(2089858483,192608db42251d675da83286b1cce702)
Start importing Assets/MyTextures/Materials/9Eqzhl8voV4.mat using Guid(e0b336bae6a223742b501b07a6a16a83) Importer(2089858483,192608db42251d675da83286b1cce702) (ScriptedImporter) -> (artifact id: '8b5f9cd9792dedf312be5469093505eb') in 0.019728 seconds
Number of updated asset objects reloaded before import = 0Number of asset objects unloaded after import = 2

========================================================================
Received Import Request.
  Time since last request: 0.000015 seconds.
  path: Assets/MyTextures/Materials/dje7cs9k439sr29a1e9oqaa4jsfzbf1d.mat
  artifactKey: Guid(438d649eb44ab4e42a90da4713532593) Importer(2089858483,192608db42251d675da83286b1cce702)
Start importing Assets/MyTextures/Materials/dje7cs9k439sr29a1e9oqaa4jsfzbf1d.mat using Guid(438d649eb44ab4e42a90da4713532593) Importer(2089858483,192608db42251d675da83286b1cce702) (ScriptedImporter) -> (artifact id: '306525e8a5cd2c25d5fd187479eff1de') in 0.0171234 seconds
Number of updated asset objects reloaded before import = 0Number of asset objects unloaded after import = 2

========================================================================
Received Import Request.
  Time since last request: 0.000029 seconds.
  path: Assets/Game Assets/Aegis77/Wooden Planks/Prefabs/Basic/Plank1.prefab
  artifactKey: Guid(62676ba4a65d36d4d8cb012fd1315648) Importer(2089858483,192608db42251d675da83286b1cce702)
Start importing Assets/Game Assets/Aegis77/Wooden Planks/Prefabs/Basic/Plank1.prefab using Guid(62676ba4a65d36d4d8cb012fd1315648) Importer(2089858483,192608db42251d675da83286b1cce702) (ScriptedImporter) -> (artifact id: '23c73b786e7f3efb31b25014226632c7') in 0.0391658 seconds
Number of updated asset objects reloaded before import = 0Number of asset objects unloaded after import = 11

========================================================================
Received Import Request.
  Time since last request: 0.000020 seconds.
  path: Assets/PRJ0818_Murakami/Wooden Props 3D/Prefabs/Barrel.prefab
  artifactKey: Guid(d3edce70a8fc5bf439a4baed196ba427) Importer(2089858483,192608db42251d675da83286b1cce702)
Start importing Assets/PRJ0818_Murakami/Wooden Props 3D/Prefabs/Barrel.prefab using Guid(d3edce70a8fc5bf439a4baed196ba427) Importer(2089858483,192608db42251d675da83286b1cce702) (ScriptedImporter) -> (artifact id: 'f57b75fa53b26d550225c9ad290b405d') in 0.0398083 seconds
Number of updated asset objects reloaded before import = 0Number of asset objects unloaded after import = 16

========================================================================
Received Import Request.
  Time since last request: 0.000024 seconds.
  path: Assets/VillagePack/Well/Materials/StickBackSide.015.mat
  artifactKey: Guid(e2a1321ff0abe3d458495fed040811e1) Importer(2089858483,192608db42251d675da83286b1cce702)
Start importing Assets/VillagePack/Well/Materials/StickBackSide.015.mat using Guid(e2a1321ff0abe3d458495fed040811e1) Importer(2089858483,192608db42251d675da83286b1cce702) (ScriptedImporter) -> (artifact id: 'b4bf7da8ecb1e40fb1f5834eb6aa3aa6') in 0.0225832 seconds
Number of updated asset objects reloaded before import = 0Number of asset objects unloaded after import = 1

========================================================================
Received Import Request.
  Time since last request: 0.000019 seconds.
  path: Assets/Bhaptics/SDK2/UI/Resources/icons/icon-events-audio.png
  artifactKey: Guid(3f273f88856a97d4db42f326072cd194) Importer(2089858483,192608db42251d675da83286b1cce702)
Start importing Assets/Bhaptics/SDK2/UI/Resources/icons/icon-events-audio.png using Guid(3f273f88856a97d4db42f326072cd194) Importer(2089858483,192608db42251d675da83286b1cce702) (ScriptedImporter) -> (artifact id: '30d5d8abc3e5292a6e97c72c80ab531e') in 0.0374575 seconds
Number of updated asset objects reloaded before import = 0Number of asset objects unloaded after import = 1

========================================================================
Received Import Request.
  Time since last request: 0.000026 seconds.
  path: Assets/VillagePack/Well/Materials/StickBackSide.016.mat
  artifactKey: Guid(941c1990aa3f8cd4d95decf47de314ba) Importer(2089858483,192608db42251d675da83286b1cce702)
Start importing Assets/VillagePack/Well/Materials/StickBackSide.016.mat using Guid(941c1990aa3f8cd4d95decf47de314ba) Importer(2089858483,192608db42251d675da83286b1cce702) (ScriptedImporter) -> (artifact id: '0413e476c506e43c9be2266bac8ab8fe') in 0.0213123 seconds
Number of updated asset objects reloaded before import = 0Number of asset objects unloaded after import = 1

========================================================================
Received Import Request.
  Time since last request: 0.000015 seconds.
  path: Assets/Bhaptics/SDK2/Scripts/Core/Bhaptics.SDK2.asmdef
  artifactKey: Guid(464dd5f1479658c42bf2844d11534e1e) Importer(2089858483,192608db42251d675da83286b1cce702)
Start importing Assets/Bhaptics/SDK2/Scripts/Core/Bhaptics.SDK2.asmdef using Guid(464dd5f1479658c42bf2844d11534e1e) Importer(2089858483,192608db42251d675da83286b1cce702) (ScriptedImporter) -> (artifact id: 'a279c7246fdb956ce90e094ba47e0c44') in 0.0249656 seconds
Number of updated asset objects reloaded before import = 0Number of asset objects unloaded after import = 1

========================================================================
Received Import Request.
  Time since last request: 0.000017 seconds.
  path: Assets/Pickup/Prefabs/PickUp_Mate_Dirt_Red.prefab
  artifactKey: Guid(3b42583eee4546c4681d00700131dfbb) Importer(2089858483,192608db42251d675da83286b1cce702)
Start importing Assets/Pickup/Prefabs/PickUp_Mate_Dirt_Red.prefab using Guid(3b42583eee4546c4681d00700131dfbb) Importer(2089858483,192608db42251d675da83286b1cce702) (ScriptedImporter) -> (artifact id: '5ed743183cfeba4efb08704f4996be11') in 0.0722793 seconds
Number of updated asset objects reloaded before import = 0Number of asset objects unloaded after import = 391

========================================================================
Received Import Request.
  Time since last request: 0.000023 seconds.
  path: Assets/Next_Spring/Tree_Bundle/Prefabs/White_Birch/Mobile/M_Realistic21_4.prefab
  artifactKey: Guid(f4cf693241b5cb04e9be71f3888d7237) Importer(2089858483,192608db42251d675da83286b1cce702)
Start importing Assets/Next_Spring/Tree_Bundle/Prefabs/White_Birch/Mobile/M_Realistic21_4.prefab using Guid(f4cf693241b5cb04e9be71f3888d7237) Importer(2089858483,192608db42251d675da83286b1cce702) (ScriptedImporter) -> (artifact id: 'e5639c9985cce4d516cfadd252d48a48') in 0.0446284 seconds
Number of updated asset objects reloaded before import = 0Number of asset objects unloaded after import = 9

========================================================================
Received Import Request.
  Time since last request: 0.000031 seconds.
  path: Assets/VillagePack/Well/Materials/StickBackSide.011.mat
  artifactKey: Guid(e679f9d1737dc4647ba9d2b3e311a2f4) Importer(2089858483,192608db42251d675da83286b1cce702)
Start importing Assets/VillagePack/Well/Materials/StickBackSide.011.mat using Guid(e679f9d1737dc4647ba9d2b3e311a2f4) Importer(2089858483,192608db42251d675da83286b1cce702) (ScriptedImporter) -> (artifact id: '1b3498c2803073b5e1d9b70ab647d062') in 0.0134152 seconds
Number of updated asset objects reloaded before import = 0Number of asset objects unloaded after import = 1

========================================================================
Received Import Request.
  Time since last request: 0.000013 seconds.
  path: Assets/Next_Spring/Tree_Bundle/Models/White_Birch/Mobile/M_Realistic21_9.fbx
  artifactKey: Guid(380fbf2336df2a34db42405598a67498) Importer(2089858483,192608db42251d675da83286b1cce702)
Start importing Assets/Next_Spring/Tree_Bundle/Models/White_Birch/Mobile/M_Realistic21_9.fbx using Guid(380fbf2336df2a34db42405598a67498) Importer(2089858483,192608db42251d675da83286b1cce702) (ScriptedImporter) -> (artifact id: '7cdac60ce8bf0764499de9414e021d70') in 0.027566 seconds
Number of updated asset objects reloaded before import = 0Number of asset objects unloaded after import = 9

========================================================================
Received Import Request.
  Time since last request: 0.000017 seconds.
  path: Assets/Pickup/Prefabs/PickUp_Frame.prefab
  artifactKey: Guid(90dc5f9dcd1ef4c42817b974f9671eda) Importer(2089858483,192608db42251d675da83286b1cce702)
Start importing Assets/Pickup/Prefabs/PickUp_Frame.prefab using Guid(90dc5f9dcd1ef4c42817b974f9671eda) Importer(2089858483,192608db42251d675da83286b1cce702) (ScriptedImporter) -> (artifact id: '10d2e5fc25592190439e507529df8542') in 0.04173 seconds
Number of updated asset objects reloaded before import = 0Number of asset objects unloaded after import = 206

========================================================================
Received Import Request.
  Time since last request: 0.000025 seconds.
  path: Assets/Pickup/Textures/Body/2048/Mate_Dirt/Mate_Dirt_2048_AlbedoTransparency.png
  artifactKey: Guid(889dde061507638438df9b98b0fddf76) Importer(2089858483,192608db42251d675da83286b1cce702)
Start importing Assets/Pickup/Textures/Body/2048/Mate_Dirt/Mate_Dirt_2048_AlbedoTransparency.png using Guid(889dde061507638438df9b98b0fddf76) Importer(2089858483,192608db42251d675da83286b1cce702) (ScriptedImporter) -> (artifact id: '5d28e896d9e80c529221c66bf33a28a6') in 0.0435838 seconds
Number of updated asset objects reloaded before import = 0Number of asset objects unloaded after import = 1

========================================================================
Received Import Request.
  Time since last request: 0.000022 seconds.
  path: Assets/Pickup/Textures/Body/4096/Damaged/Damaged_4096_AlbedoTransparency.png
  artifactKey: Guid(734c6ffb6908f4d438b1512028dc5dd8) Importer(2089858483,192608db42251d675da83286b1cce702)
Start importing Assets/Pickup/Textures/Body/4096/Damaged/Damaged_4096_AlbedoTransparency.png using Guid(734c6ffb6908f4d438b1512028dc5dd8) Importer(2089858483,192608db42251d675da83286b1cce702) (ScriptedImporter) -> (artifact id: 'ad3598ade7d7367a17f40f7000ac75e7') in 0.0271072 seconds
Number of updated asset objects reloaded before import = 0Number of asset objects unloaded after import = 1

========================================================================
Received Import Request.
  Time since last request: 0.000019 seconds.
  path: Assets/PRJ0818_Murakami/Wooden Props 3D/Meshes/WoodenBox.fbx
  artifactKey: Guid(9242295afd4a00f449597e008d4d568d) Importer(2089858483,192608db42251d675da83286b1cce702)
Start importing Assets/PRJ0818_Murakami/Wooden Props 3D/Meshes/WoodenBox.fbx using Guid(9242295afd4a00f449597e008d4d568d) Importer(2089858483,192608db42251d675da83286b1cce702) (ScriptedImporter) -> (artifact id: '6aa8a6fd84c060825938e16372c08c0e') in 0.0223065 seconds
Number of updated asset objects reloaded before import = 0Number of asset objects unloaded after import = 14

========================================================================
Received Import Request.
  Time since last request: 0.000020 seconds.
  path: Assets/Pickup/Textures/Body/512/Metallic/Metallic_512_MetallicSmoothness.png
  artifactKey: Guid(f7d43f60496b417418d031914a09982a) Importer(2089858483,192608db42251d675da83286b1cce702)
Start importing Assets/Pickup/Textures/Body/512/Metallic/Metallic_512_MetallicSmoothness.png using Guid(f7d43f60496b417418d031914a09982a) Importer(2089858483,192608db42251d675da83286b1cce702) (ScriptedImporter) -> (artifact id: '5ac6d8aee37805a922a0e4731660e3a1') in 0.0363266 seconds
Number of updated asset objects reloaded before import = 0Number of asset objects unloaded after import = 1

========================================================================
Received Import Request.
  Time since last request: 0.000025 seconds.
  path: Assets/MyTextures/Yellow.mat
  artifactKey: Guid(c7eed5b1f6bdc384b85780434bfb7f42) Importer(2089858483,192608db42251d675da83286b1cce702)
Start importing Assets/MyTextures/Yellow.mat using Guid(c7eed5b1f6bdc384b85780434bfb7f42) Importer(2089858483,192608db42251d675da83286b1cce702) (ScriptedImporter) -> (artifact id: '699a62faa1be043f7992a9a7e4927d6b') in 0.0318804 seconds
Number of updated asset objects reloaded before import = 0Number of asset objects unloaded after import = 1

========================================================================
Received Import Request.
  Time since last request: 0.000027 seconds.
  path: Assets/Pickup/Textures/Body/4096/Mate/Mate_4096_MetallicSmoothness.png
  artifactKey: Guid(b440428735910a14f82f17ba1c992b24) Importer(2089858483,192608db42251d675da83286b1cce702)
Start importing Assets/Pickup/Textures/Body/4096/Mate/Mate_4096_MetallicSmoothness.png using Guid(b440428735910a14f82f17ba1c992b24) Importer(2089858483,192608db42251d675da83286b1cce702) (ScriptedImporter) -> (artifact id: 'd1d18e5e92478a158d505ab728154f84') in 0.0831237 seconds
Number of updated asset objects reloaded before import = 0Number of asset objects unloaded after import = 1

========================================================================
Received Import Request.
  Time since last request: 0.000024 seconds.
  path: Assets/Pickup/Textures/Body/512/Meallic_Dirt/Metallic_Dirt_512_MetallicSmoothness.png
  artifactKey: Guid(e4dc550f5762fdc4189d9db2f5cb4105) Importer(2089858483,192608db42251d675da83286b1cce702)
Start importing Assets/Pickup/Textures/Body/512/Meallic_Dirt/Metallic_Dirt_512_MetallicSmoothness.png using Guid(e4dc550f5762fdc4189d9db2f5cb4105) Importer(2089858483,192608db42251d675da83286b1cce702) (ScriptedImporter) -> (artifact id: 'a2d5da67b5f83569ad82343c23ed8684') in 0.0314238 seconds
Number of updated asset objects reloaded before import = 0Number of asset objects unloaded after import = 1

========================================================================
Received Import Request.
  Time since last request: 0.000016 seconds.
  path: Assets/Pickup/Textures/Wheel/Wheel_Dirt/Wheel_Dirt_MetallicSmoothness.png
  artifactKey: Guid(ee671ab7363d96b4f8fb7befac09ac42) Importer(2089858483,192608db42251d675da83286b1cce702)
Start importing Assets/Pickup/Textures/Wheel/Wheel_Dirt/Wheel_Dirt_MetallicSmoothness.png using Guid(ee671ab7363d96b4f8fb7befac09ac42) Importer(2089858483,192608db42251d675da83286b1cce702) (ScriptedImporter) -> (artifact id: '33a6ef61f1929f5edd9dd2a1f554e739') in 0.0235014 seconds
Number of updated asset objects reloaded before import = 0Number of asset objects unloaded after import = 1

========================================================================
Received Import Request.
  Time since last request: 0.000037 seconds.
  path: Assets/Samples/XR Interaction Toolkit/3.0.8/Starter Assets/Materials/Telport Anchor.mat
  artifactKey: Guid(fd3c5d8fce991e04f9c11109dde95b3b) Importer(2089858483,192608db42251d675da83286b1cce702)
Start importing Assets/Samples/XR Interaction Toolkit/3.0.8/Starter Assets/Materials/Telport Anchor.mat using Guid(fd3c5d8fce991e04f9c11109dde95b3b) Importer(2089858483,192608db42251d675da83286b1cce702) (ScriptedImporter) -> (artifact id: '0ef8e2ad1fd06c60d6e89b50af9b6e60') in 0.0133594 seconds
Number of updated asset objects reloaded before import = 0Number of asset objects unloaded after import = 2

========================================================================
Received Import Request.
  Time since last request: 0.000025 seconds.
  path: Assets/PRJ0818_Murakami/Wooden Props 3D/Materials
  artifactKey: Guid(707ef76d7eb1ef047aa810cc878cd10e) Importer(2089858483,192608db42251d675da83286b1cce702)
Start importing Assets/PRJ0818_Murakami/Wooden Props 3D/Materials using Guid(707ef76d7eb1ef047aa810cc878cd10e) Importer(2089858483,192608db42251d675da83286b1cce702) (ScriptedImporter) -> (artifact id: 'ea1584b677cc87e18ccdd9de66b5c182') in 0.0127845 seconds
Number of updated asset objects reloaded before import = 0Number of asset objects unloaded after import = 1

========================================================================
Received Import Request.
  Time since last request: 0.000022 seconds.
  path: Assets/Pickup/Textures/Frame/2048/FrameTextures_2048/Frame_2048_AlbedoTransparency.png
  artifactKey: Guid(4c0a572ce7fd4b64e8ce77edc6e0ace8) Importer(2089858483,192608db42251d675da83286b1cce702)
Start importing Assets/Pickup/Textures/Frame/2048/FrameTextures_2048/Frame_2048_AlbedoTransparency.png using Guid(4c0a572ce7fd4b64e8ce77edc6e0ace8) Importer(2089858483,192608db42251d675da83286b1cce702) (ScriptedImporter) -> (artifact id: 'abab1f11bf0e04ca13725cf93d120d21') in 0.0352503 seconds
Number of updated asset objects reloaded before import = 0Number of asset objects unloaded after import = 1

========================================================================
Received Import Request.
  Time since last request: 0.000016 seconds.
  path: Assets/VillagePack/OldHouse/VhRoofBeamReflection.png
  artifactKey: Guid(ab62098b6e725c14b9c87024566b2039) Importer(2089858483,192608db42251d675da83286b1cce702)
Start importing Assets/VillagePack/OldHouse/VhRoofBeamReflection.png using Guid(ab62098b6e725c14b9c87024566b2039) Importer(2089858483,192608db42251d675da83286b1cce702) (ScriptedImporter) -> (artifact id: 'bc3382a42453d5f81561aaed2ef2fc67') in 0.0244834 seconds
Number of updated asset objects reloaded before import = 0Number of asset objects unloaded after import = 1

========================================================================
Received Import Request.
  Time since last request: 0.000027 seconds.
  path: Assets/Pickup/Textures/Body/2048/Mate_Dirt/Mate_Dirt_2048_Normal.png
  artifactKey: Guid(f01c491772d261b4db206810c4376d4e) Importer(2089858483,192608db42251d675da83286b1cce702)
Start importing Assets/Pickup/Textures/Body/2048/Mate_Dirt/Mate_Dirt_2048_Normal.png using Guid(f01c491772d261b4db206810c4376d4e) Importer(2089858483,192608db42251d675da83286b1cce702) (ScriptedImporter) -> (artifact id: 'b9e0e04082c93c68aa54c34a916daddc') in 0.0364286 seconds
Number of updated asset objects reloaded before import = 0Number of asset objects unloaded after import = 1

========================================================================
Received Import Request.
  Time since last request: 0.000015 seconds.
  path: Assets/Samples/XR Interaction Toolkit/3.0.8/Starter Assets/Presets/XRI Default Continuous Turn.preset
  artifactKey: Guid(735a78fc7c2a98a4e85e0e42bf895f48) Importer(2089858483,192608db42251d675da83286b1cce702)
Start importing Assets/Samples/XR Interaction Toolkit/3.0.8/Starter Assets/Presets/XRI Default Continuous Turn.preset using Guid(735a78fc7c2a98a4e85e0e42bf895f48) Importer(2089858483,192608db42251d675da83286b1cce702) (ScriptedImporter) -> (artifact id: '2230b007df0716f6adad338184e40040') in 0.030795 seconds
Number of updated asset objects reloaded before import = 0Number of asset objects unloaded after import = 4

========================================================================
Received Import Request.
  Time since last request: 0.000017 seconds.
  path: Assets/Pickup/Textures/Wheel/Wheel
  artifactKey: Guid(39246b4f1606a8f48b97879150294dce) Importer(2089858483,192608db42251d675da83286b1cce702)
Start importing Assets/Pickup/Textures/Wheel/Wheel using Guid(39246b4f1606a8f48b97879150294dce) Importer(2089858483,192608db42251d675da83286b1cce702) (ScriptedImporter) -> (artifact id: 'cfc08788555555d0337bed0bd0f8752a') in 0.0116856 seconds
Number of updated asset objects reloaded before import = 0Number of asset objects unloaded after import = 1

========================================================================
Received Import Request.
  Time since last request: 0.000026 seconds.
  path: Assets/Pickup/Textures/Body
  artifactKey: Guid(95571eca557a05e48941474cecdb902d) Importer(2089858483,192608db42251d675da83286b1cce702)
Start importing Assets/Pickup/Textures/Body using Guid(95571eca557a05e48941474cecdb902d) Importer(2089858483,192608db42251d675da83286b1cce702) (ScriptedImporter) -> (artifact id: 'e9f7d46cf48896ba1d42ca5267f8bf8c') in 0.0170724 seconds
Number of updated asset objects reloaded before import = 0Number of asset objects unloaded after import = 1

========================================================================
Received Import Request.
  Time since last request: 0.000297 seconds.
  path: Assets/Pickup/Prefabs/PickUp_Mate.prefab
  artifactKey: Guid(8d82318b08a2b0a4796251e50274bce0) Importer(2089858483,192608db42251d675da83286b1cce702)
Start importing Assets/Pickup/Prefabs/PickUp_Mate.prefab using Guid(8d82318b08a2b0a4796251e50274bce0) Importer(2089858483,192608db42251d675da83286b1cce702) (ScriptedImporter) -> (artifact id: 'a559d83f4b80705819dc29c0b86d9fcb') in 0.0487322 seconds
Number of updated asset objects reloaded before import = 0Number of asset objects unloaded after import = 391

========================================================================
Received Import Request.
  Time since last request: 0.000030 seconds.
  path: Assets/Tom's Terrain Tools/Unity Terrain Assets/Trees Ambient-Occlusion/Materials/AlderBark.mat
  artifactKey: Guid(4ef08b48533a01e46b036848d79f15a6) Importer(2089858483,192608db42251d675da83286b1cce702)
Start importing Assets/Tom's Terrain Tools/Unity Terrain Assets/Trees Ambient-Occlusion/Materials/AlderBark.mat using Guid(4ef08b48533a01e46b036848d79f15a6) Importer(2089858483,192608db42251d675da83286b1cce702) (ScriptedImporter) -> (artifact id: '5d68817489940ef4a85ec335fb7f4045') in 0.0336902 seconds
Number of updated asset objects reloaded before import = 0Number of asset objects unloaded after import = 2

========================================================================
Received Import Request.
  Time since last request: 0.000017 seconds.
  path: Assets/Next_Spring/Tree_Bundle/Models
  artifactKey: Guid(1a7db66c5c91ef44ebbeed981e3ae1c0) Importer(2089858483,192608db42251d675da83286b1cce702)
Start importing Assets/Next_Spring/Tree_Bundle/Models using Guid(1a7db66c5c91ef44ebbeed981e3ae1c0) Importer(2089858483,192608db42251d675da83286b1cce702) (ScriptedImporter) -> (artifact id: '260474ff212bb142dab4fdb736ac7b64') in 0.017316 seconds
Number of updated asset objects reloaded before import = 0Number of asset objects unloaded after import = 1

========================================================================
Received Import Request.
  Time since last request: 0.000019 seconds.
  path: Assets/Samples/XR Interaction Toolkit/3.0.8/Starter Assets/DemoSceneAssets/Settings/TeleportVolumeDestinationSettings.asset
  artifactKey: Guid(8d66c9762e1587643a1164368c8a2c58) Importer(2089858483,192608db42251d675da83286b1cce702)
Start importing Assets/Samples/XR Interaction Toolkit/3.0.8/Starter Assets/DemoSceneAssets/Settings/TeleportVolumeDestinationSettings.asset using Guid(8d66c9762e1587643a1164368c8a2c58) Importer(2089858483,192608db42251d675da83286b1cce702) (ScriptedImporter) -> (artifact id: '3c987a54840ff4f06d4a19c88ba61acc') in 0.0285996 seconds
Number of updated asset objects reloaded before import = 0Number of asset objects unloaded after import = 2

========================================================================
Received Import Request.
  Time since last request: 0.000030 seconds.
  path: Assets/Pickup/Textures/Lights/Lights/Lights_MetallicSmoothness.png
  artifactKey: Guid(6aff7497dbb8e1c45ba6b56c7d60006b) Importer(2089858483,192608db42251d675da83286b1cce702)
Start importing Assets/Pickup/Textures/Lights/Lights/Lights_MetallicSmoothness.png using Guid(6aff7497dbb8e1c45ba6b56c7d60006b) Importer(2089858483,192608db42251d675da83286b1cce702) (ScriptedImporter) -> (artifact id: '50c367ec3aa03648a7af37ddd517b372') in 0.0268034 seconds
Number of updated asset objects reloaded before import = 0Number of asset objects unloaded after import = 1

========================================================================
Received Import Request.
  Time since last request: 0.000020 seconds.
  path: Assets/Bhaptics/SDK2/UI/Resources/btn-events-selected.png
  artifactKey: Guid(94f9060fe1f268b4f93810ea3bd9d275) Importer(2089858483,192608db42251d675da83286b1cce702)
Start importing Assets/Bhaptics/SDK2/UI/Resources/btn-events-selected.png using Guid(94f9060fe1f268b4f93810ea3bd9d275) Importer(2089858483,192608db42251d675da83286b1cce702) (ScriptedImporter) -> (artifact id: '0cb788fc18e1657e9128e28149d2ceb2') in 0.0398251 seconds
Number of updated asset objects reloaded before import = 0Number of asset objects unloaded after import = 1

========================================================================
Received Import Request.
  Time since last request: 0.000022 seconds.
  path: Assets/Pickup/Readme.pdf
  artifactKey: Guid(18b3cfcfdc1b7a84690078787fa06230) Importer(2089858483,192608db42251d675da83286b1cce702)
Start importing Assets/Pickup/Readme.pdf using Guid(18b3cfcfdc1b7a84690078787fa06230) Importer(2089858483,192608db42251d675da83286b1cce702) (ScriptedImporter) -> (artifact id: '159ffc50f55a7675eb94fa7e8e908399') in 0.017906 seconds
Number of updated asset objects reloaded before import = 0Number of asset objects unloaded after import = 1

========================================================================
Received Import Request.
  Time since last request: 0.000018 seconds.
  path: Assets/VillagePack/Well/Materials/StickBackSide.072.mat
  artifactKey: Guid(8cc11897481607248bfea3dd2a0b9949) Importer(2089858483,192608db42251d675da83286b1cce702)
Start importing Assets/VillagePack/Well/Materials/StickBackSide.072.mat using Guid(8cc11897481607248bfea3dd2a0b9949) Importer(2089858483,192608db42251d675da83286b1cce702) (ScriptedImporter) -> (artifact id: 'b8d6ac15b0d2f9d0eeee4230a539da53') in 0.0196695 seconds
Number of updated asset objects reloaded before import = 0Number of asset objects unloaded after import = 1

========================================================================
Received Import Request.
  Time since last request: 0.000043 seconds.
  path: Assets/Samples/XR Interaction Toolkit/3.0.8/Starter Assets/DemoSceneAssets/Sprites/Circle_60x60 Outline 4.png
  artifactKey: Guid(2f8349570a152884fb6cf7ebdc8c18b3) Importer(2089858483,192608db42251d675da83286b1cce702)
Start importing Assets/Samples/XR Interaction Toolkit/3.0.8/Starter Assets/DemoSceneAssets/Sprites/Circle_60x60 Outline 4.png using Guid(2f8349570a152884fb6cf7ebdc8c18b3) Importer(2089858483,192608db42251d675da83286b1cce702) (ScriptedImporter) -> (artifact id: '1e1f2187e2215cdebd0a36ccfe924dac') in 0.0263808 seconds
Number of updated asset objects reloaded before import = 0Number of asset objects unloaded after import = 3

========================================================================
Received Import Request.
  Time since last request: 0.000018 seconds.
  path: Assets/Bhaptics/SDK2/Scripts/Core/Plugins/BhapticsLogManager.cs
  artifactKey: Guid(7b342bc04df079344adaceb30a43b27d) Importer(2089858483,192608db42251d675da83286b1cce702)
Start importing Assets/Bhaptics/SDK2/Scripts/Core/Plugins/BhapticsLogManager.cs using Guid(7b342bc04df079344adaceb30a43b27d) Importer(2089858483,192608db42251d675da83286b1cce702) (ScriptedImporter) -> (artifact id: 'f17fc3e88a57ef65902083dbd15e6ce9') in 0.0146306 seconds
Number of updated asset objects reloaded before import = 0Number of asset objects unloaded after import = 0

========================================================================
Received Import Request.
  Time since last request: 0.000034 seconds.
  path: Assets/Samples/XR Interaction Toolkit/3.0.8/XR Device Simulator/Unity.XR.Interaction.Toolkit.Samples.DeviceSimulator.asmdef
  artifactKey: Guid(a0c6cb4ff4b70b44e933543a342fb2b1) Importer(2089858483,192608db42251d675da83286b1cce702)
Start importing Assets/Samples/XR Interaction Toolkit/3.0.8/XR Device Simulator/Unity.XR.Interaction.Toolkit.Samples.DeviceSimulator.asmdef using Guid(a0c6cb4ff4b70b44e933543a342fb2b1) Importer(2089858483,192608db42251d675da83286b1cce702) (ScriptedImporter) -> (artifact id: '0ae71fb411be10f9ef469fb8e2b73b53') in 0.0266467 seconds
Number of updated asset objects reloaded before import = 0Number of asset objects unloaded after import = 1

========================================================================
Received Import Request.
  Time since last request: 0.000019 seconds.
  path: Assets/Pickup/Textures/Body/2048/Metallic
  artifactKey: Guid(dcd36382228b3e44b8c9dace447de598) Importer(2089858483,192608db42251d675da83286b1cce702)
Start importing Assets/Pickup/Textures/Body/2048/Metallic using Guid(dcd36382228b3e44b8c9dace447de598) Importer(2089858483,192608db42251d675da83286b1cce702) (ScriptedImporter) -> (artifact id: '47f71b349a9da20ec75e135f025c41e2') in 0.0157751 seconds
Number of updated asset objects reloaded before import = 0Number of asset objects unloaded after import = 1

========================================================================
Received Import Request.
  Time since last request: 0.000023 seconds.
  path: Assets/VillagePack/Well/Materials/StickBackSide.084.mat
  artifactKey: Guid(496b3ff02ba067244b3adc5cdf3db4de) Importer(2089858483,192608db42251d675da83286b1cce702)
Start importing Assets/VillagePack/Well/Materials/StickBackSide.084.mat using Guid(496b3ff02ba067244b3adc5cdf3db4de) Importer(2089858483,192608db42251d675da83286b1cce702) (ScriptedImporter) -> (artifact id: '233d2a08d2bc413e4274436bf114469d') in 0.0141863 seconds
Number of updated asset objects reloaded before import = 0Number of asset objects unloaded after import = 1

========================================================================
Received Import Request.
  Time since last request: 0.000018 seconds.
  path: Assets/Samples/XR Interaction Toolkit/3.0.8/XR Device Simulator/Hand Expression Captures
  artifactKey: Guid(6e328aec6ff17084fb147d5b790becee) Importer(2089858483,192608db42251d675da83286b1cce702)
Start importing Assets/Samples/XR Interaction Toolkit/3.0.8/XR Device Simulator/Hand Expression Captures using Guid(6e328aec6ff17084fb147d5b790becee) Importer(2089858483,192608db42251d675da83286b1cce702) (ScriptedImporter) -> (artifact id: 'c9370efadaae87600c0df65b0cfa6eee') in 0.0142507 seconds
Number of updated asset objects reloaded before import = 0Number of asset objects unloaded after import = 1

========================================================================
Received Import Request.
  Time since last request: 0.000017 seconds.
  path: Assets/Samples/XR Interaction Toolkit/3.0.8/Starter Assets/Shaders/BiRP_Fresnel.shader
  artifactKey: Guid(b24c216c4acb0094c892a61dfbbb76b4) Importer(2089858483,192608db42251d675da83286b1cce702)
Start importing Assets/Samples/XR Interaction Toolkit/3.0.8/Starter Assets/Shaders/BiRP_Fresnel.shader using Guid(b24c216c4acb0094c892a61dfbbb76b4) Importer(2089858483,192608db42251d675da83286b1cce702) (ScriptedImporter) -> (artifact id: 'd870689d0e26421307f6c7e9f1d8c5d0') in 0.0146955 seconds
Number of updated asset objects reloaded before import = 0Number of asset objects unloaded after import = 1

========================================================================
Received Import Request.
  Time since last request: 0.000019 seconds.
  path: Assets/Samples/XR Interaction Toolkit/3.0.8/Starter Assets/DemoSceneAssets/Materials
  artifactKey: Guid(d4e01b7fb24753742a7665cef9ed7839) Importer(2089858483,192608db42251d675da83286b1cce702)
Start importing Assets/Samples/XR Interaction Toolkit/3.0.8/Starter Assets/DemoSceneAssets/Materials using Guid(d4e01b7fb24753742a7665cef9ed7839) Importer(2089858483,192608db42251d675da83286b1cce702) (ScriptedImporter) -> (artifact id: '64e27ab1c27e5dbf953d8c95f5412990') in 0.0168839 seconds
Number of updated asset objects reloaded before import = 0Number of asset objects unloaded after import = 1

========================================================================
Received Import Request.
  Time since last request: 0.000019 seconds.
  path: Assets/Bhaptics/SDK2/Scripts/Editor/Glove/BhapticsPhysicsGloveEditor.cs
  artifactKey: Guid(ecf3c2ab12f38444dafb42aeddc0a55d) Importer(2089858483,192608db42251d675da83286b1cce702)
Start importing Assets/Bhaptics/SDK2/Scripts/Editor/Glove/BhapticsPhysicsGloveEditor.cs using Guid(ecf3c2ab12f38444dafb42aeddc0a55d) Importer(2089858483,192608db42251d675da83286b1cce702) (ScriptedImporter) -> (artifact id: '486fb574e8df056e88e6c3e4ace602cb') in 0.015143 seconds
Number of updated asset objects reloaded before import = 0Number of asset objects unloaded after import = 0

========================================================================
Received Import Request.
  Time since last request: 0.000033 seconds.
  path: Assets/Bhaptics/SDK2/UI/Resources/HapticEventsButton.png
  artifactKey: Guid(41f3db09c1ca1aa4ebc8eaada7be0f2d) Importer(2089858483,192608db42251d675da83286b1cce702)
Start importing Assets/Bhaptics/SDK2/UI/Resources/HapticEventsButton.png using Guid(41f3db09c1ca1aa4ebc8eaada7be0f2d) Importer(2089858483,192608db42251d675da83286b1cce702) (ScriptedImporter) -> (artifact id: '88cd0daf116e1485e7012902af3e8762') in 0.0320003 seconds
Number of updated asset objects reloaded before import = 0Number of asset objects unloaded after import = 1

========================================================================
Received Import Request.
  Time since last request: 0.000014 seconds.
  path: Assets/Pickup/Textures/Body/512/Damaged_Dirt/Damaged_Dirt_512_AlbedoTransparency.png
  artifactKey: Guid(c8d03a3f5632b6443a79bee18eec3b3f) Importer(2089858483,192608db42251d675da83286b1cce702)
Start importing Assets/Pickup/Textures/Body/512/Damaged_Dirt/Damaged_Dirt_512_AlbedoTransparency.png using Guid(c8d03a3f5632b6443a79bee18eec3b3f) Importer(2089858483,192608db42251d675da83286b1cce702) (ScriptedImporter) -> (artifact id: '5ead38442a908ac6b13599e35706201f') in 0.0240111 seconds
Number of updated asset objects reloaded before import = 0Number of asset objects unloaded after import = 1

========================================================================
Received Import Request.
  Time since last request: 0.000013 seconds.
  path: Assets/Bhaptics/SDK2/UI/Resources/btn-events-hover.png
  artifactKey: Guid(33346b55251ca9a47ad36cfd8a3f7432) Importer(2089858483,192608db42251d675da83286b1cce702)
Start importing Assets/Bhaptics/SDK2/UI/Resources/btn-events-hover.png using Guid(33346b55251ca9a47ad36cfd8a3f7432) Importer(2089858483,192608db42251d675da83286b1cce702) (ScriptedImporter) -> (artifact id: 'e60dc72bd399acc48323ba5dedaa0ba6') in 0.0313098 seconds
Number of updated asset objects reloaded before import = 0Number of asset objects unloaded after import = 1

========================================================================
Received Prepare
Refreshing native plugins compatible for Editor in 11.37 ms, found 12 plugins.
Preloading 0 native plugins for Editor in 0.00 ms.
Unloading 37 Unused Serialized files (Serialized files now loaded: 0)
Unloading 7455 unused Assets / (8.6 MB). Loaded Objects now: 8377.
Memory consumption went from 195.2 MB to 186.6 MB.
Total: 22.560200 ms (FindLiveObjects: 0.895200 ms CreateObjectMapping: 1.234100 ms MarkObjects: 14.681500 ms  DeleteObjects: 5.747900 ms)

Prepare: number of updated asset objects reloaded= 0
========================================================================
Received Prepare
Begin MonoManager ReloadAssembly
- Loaded All Assemblies, in  0.810 seconds
Refreshing native plugins compatible for Editor in 8.52 ms, found 12 plugins.
Native extension for iOS target not found
Native extension for Android target not found
Native extension for UWP target not found
Native extension for WindowsStandalone target not found
[Package Manager] Failed to launch server process. Reason: Unity was launched with the -noUpm command-line argument
[Package Manager] Unable to send message (not connected to server process).
[Package Manager] Cannot connect to Unity Package Manager local server
[Package Manager] Failed to launch server process. Reason: Unity was launched with the -noUpm command-line argument
[Package Manager] Unable to send message (not connected to server process).
[Package Manager] Cannot connect to Unity Package Manager local server
Mono: successfully reloaded assembly
[Package Manager] Failed to launch server process. Reason: Unity was launched with the -noUpm command-line argument
[Package Manager] Unable to send message (not connected to server process).
[Package Manager] Cannot connect to Unity Package Manager local server
- Finished resetting the current domain, in  0.944 seconds
Domain Reload Profiling: 1757ms
	BeginReloadAssembly (268ms)
		ExecutionOrderSort (0ms)
		DisableScriptedObjects (5ms)
		BackupInstance (0ms)
		ReleaseScriptingObjects (0ms)
		CreateAndSetChildDomain (77ms)
	RebuildCommonClasses (47ms)
	RebuildNativeTypeToScriptingClass (18ms)
	initialDomainReloadingComplete (23ms)
	LoadAllAssembliesAndSetupDomain (457ms)
		LoadAssemblies (403ms)
		RebuildTransferFunctionScriptingTraits (0ms)
		AnalyzeDomain (188ms)
			TypeCache.Refresh (12ms)
				TypeCache.ScanAssembly (1ms)
			BuildScriptInfoCaches (159ms)
			ResolveRequiredComponents (12ms)
	FinalizeReload (944ms)
		ReleaseScriptCaches (0ms)
		RebuildScriptCaches (0ms)
		SetupLoadedEditorAssemblies (777ms)
			LogAssemblyErrors (0ms)
			InitializePlatformSupportModulesInManaged (14ms)
			SetLoadedEditorAssemblies (5ms)
			BeforeProcessingInitializeOnLoad (151ms)
			ProcessInitializeOnLoadAttributes (469ms)
			ProcessInitializeOnLoadMethodAttributes (136ms)
			AfterProcessingInitializeOnLoad (2ms)
			EditorAssembliesLoaded (0ms)
		ExecutionOrderSort2 (0ms)
		AwakeInstancesAfterBackupRestoration (10ms)
Refreshing native plugins compatible for Editor in 13.36 ms, found 12 plugins.
Preloading 0 native plugins for Editor in 0.00 ms.
Unloading 37 Unused Serialized files (Serialized files now loaded: 0)
Unloading 7508 unused Assets / (10.1 MB). Loaded Objects now: 8403.
Memory consumption went from 251.6 MB to 241.5 MB.
Total: 15.663800 ms (FindLiveObjects: 1.607600 ms CreateObjectMapping: 0.879700 ms MarkObjects: 7.522700 ms  DeleteObjects: 5.652800 ms)

Prepare: number of updated asset objects reloaded= 0
========================================================================
Received Prepare
Refreshing native plugins compatible for Editor in 9.48 ms, found 12 plugins.
Preloading 0 native plugins for Editor in 0.00 ms.
Unloading 37 Unused Serialized files (Serialized files now loaded: 0)
Unloading 7444 unused Assets / (8.8 MB). Loaded Objects now: 8391.
Memory consumption went from 205.8 MB to 197.1 MB.
Total: 13.925600 ms (FindLiveObjects: 0.840200 ms CreateObjectMapping: 1.054200 ms MarkObjects: 6.508100 ms  DeleteObjects: 5.522300 ms)

Prepare: number of updated asset objects reloaded= 0
========================================================================
Received Prepare
Begin MonoManager ReloadAssembly
- Loaded All Assemblies, in  0.697 seconds
Refreshing native plugins compatible for Editor in 8.98 ms, found 12 plugins.
Native extension for iOS target not found
Native extension for Android target not found
Native extension for UWP target not found
Native extension for WindowsStandalone target not found
[Package Manager] Failed to launch server process. Reason: Unity was launched with the -noUpm command-line argument
[Package Manager] Unable to send message (not connected to server process).
[Package Manager] Cannot connect to Unity Package Manager local server
[Package Manager] Failed to launch server process. Reason: Unity was launched with the -noUpm command-line argument
[Package Manager] Unable to send message (not connected to server process).
[Package Manager] Cannot connect to Unity Package Manager local server
Mono: successfully reloaded assembly
[Package Manager] Failed to launch server process. Reason: Unity was launched with the -noUpm command-line argument
[Package Manager] Unable to send message (not connected to server process).
[Package Manager] Cannot connect to Unity Package Manager local server
- Finished resetting the current domain, in  0.799 seconds
Domain Reload Profiling: 1499ms
	BeginReloadAssembly (206ms)
		ExecutionOrderSort (0ms)
		DisableScriptedObjects (5ms)
		BackupInstance (0ms)
		ReleaseScriptingObjects (0ms)
		CreateAndSetChildDomain (53ms)
	RebuildCommonClasses (31ms)
	RebuildNativeTypeToScriptingClass (11ms)
	initialDomainReloadingComplete (22ms)
	LoadAllAssembliesAndSetupDomain (430ms)
		LoadAssemblies (353ms)
		RebuildTransferFunctionScriptingTraits (0ms)
		AnalyzeDomain (178ms)
			TypeCache.Refresh (9ms)
				TypeCache.ScanAssembly (1ms)
			BuildScriptInfoCaches (153ms)
			ResolveRequiredComponents (12ms)
	FinalizeReload (799ms)
		ReleaseScriptCaches (0ms)
		RebuildScriptCaches (0ms)
		SetupLoadedEditorAssemblies (652ms)
			LogAssemblyErrors (0ms)
			InitializePlatformSupportModulesInManaged (13ms)
			SetLoadedEditorAssemblies (4ms)
			BeforeProcessingInitializeOnLoad (107ms)
			ProcessInitializeOnLoadAttributes (405ms)
			ProcessInitializeOnLoadMethodAttributes (121ms)
			AfterProcessingInitializeOnLoad (2ms)
			EditorAssembliesLoaded (0ms)
		ExecutionOrderSort2 (0ms)
		AwakeInstancesAfterBackupRestoration (11ms)
Refreshing native plugins compatible for Editor in 8.89 ms, found 12 plugins.
Preloading 0 native plugins for Editor in 0.00 ms.
Unloading 37 Unused Serialized files (Serialized files now loaded: 0)
Unloading 7508 unused Assets / (9.6 MB). Loaded Objects now: 8406.
Memory consumption went from 251.6 MB to 242.0 MB.
Total: 10.886800 ms (FindLiveObjects: 0.790200 ms CreateObjectMapping: 0.939200 ms MarkObjects: 4.735500 ms  DeleteObjects: 4.421300 ms)

Prepare: number of updated asset objects reloaded= 0
========================================================================
Received Prepare
Refreshing native plugins compatible for Editor in 9.99 ms, found 12 plugins.
Preloading 0 native plugins for Editor in 0.00 ms.
Unloading 37 Unused Serialized files (Serialized files now loaded: 0)
Unloading 7444 unused Assets / (8.9 MB). Loaded Objects now: 8394.
Memory consumption went from 205.9 MB to 197.0 MB.
Total: 13.313900 ms (FindLiveObjects: 1.233900 ms CreateObjectMapping: 1.234100 ms MarkObjects: 6.028900 ms  DeleteObjects: 4.816200 ms)

Prepare: number of updated asset objects reloaded= 0
========================================================================
Received Prepare
Begin MonoManager ReloadAssembly
- Loaded All Assemblies, in  0.700 seconds
Refreshing native plugins compatible for Editor in 9.26 ms, found 12 plugins.
Native extension for iOS target not found
Native extension for Android target not found
Native extension for UWP target not found
Native extension for WindowsStandalone target not found
[Package Manager] Failed to launch server process. Reason: Unity was launched with the -noUpm command-line argument
[Package Manager] Unable to send message (not connected to server process).
[Package Manager] Cannot connect to Unity Package Manager local server
[Package Manager] Failed to launch server process. Reason: Unity was launched with the -noUpm command-line argument
[Package Manager] Unable to send message (not connected to server process).
[Package Manager] Cannot connect to Unity Package Manager local server
Mono: successfully reloaded assembly
[Package Manager] Failed to launch server process. Reason: Unity was launched with the -noUpm command-line argument
[Package Manager] Unable to send message (not connected to server process).
[Package Manager] Cannot connect to Unity Package Manager local server
- Finished resetting the current domain, in  0.807 seconds
Domain Reload Profiling: 1509ms
	BeginReloadAssembly (204ms)
		ExecutionOrderSort (0ms)
		DisableScriptedObjects (5ms)
		BackupInstance (0ms)
		ReleaseScriptingObjects (0ms)
		CreateAndSetChildDomain (47ms)
	RebuildCommonClasses (29ms)
	RebuildNativeTypeToScriptingClass (10ms)
	initialDomainReloadingComplete (22ms)
	LoadAllAssembliesAndSetupDomain (437ms)
		LoadAssemblies (357ms)
		RebuildTransferFunctionScriptingTraits (0ms)
		AnalyzeDomain (181ms)
			TypeCache.Refresh (10ms)
				TypeCache.ScanAssembly (1ms)
			BuildScriptInfoCaches (155ms)
			ResolveRequiredComponents (12ms)
	FinalizeReload (807ms)
		ReleaseScriptCaches (0ms)
		RebuildScriptCaches (0ms)
		SetupLoadedEditorAssemblies (657ms)
			LogAssemblyErrors (0ms)
			InitializePlatformSupportModulesInManaged (17ms)
			SetLoadedEditorAssemblies (4ms)
			BeforeProcessingInitializeOnLoad (105ms)
			ProcessInitializeOnLoadAttributes (397ms)
			ProcessInitializeOnLoadMethodAttributes (133ms)
			AfterProcessingInitializeOnLoad (2ms)
			EditorAssembliesLoaded (0ms)
		ExecutionOrderSort2 (0ms)
		AwakeInstancesAfterBackupRestoration (14ms)
Refreshing native plugins compatible for Editor in 9.15 ms, found 12 plugins.
Preloading 0 native plugins for Editor in 0.00 ms.
Unloading 37 Unused Serialized files (Serialized files now loaded: 0)
Unloading 7508 unused Assets / (9.8 MB). Loaded Objects now: 8409.
Memory consumption went from 251.7 MB to 241.9 MB.
Total: 11.014400 ms (FindLiveObjects: 0.796900 ms CreateObjectMapping: 0.907500 ms MarkObjects: 4.747500 ms  DeleteObjects: 4.561500 ms)

Prepare: number of updated asset objects reloaded= 0
========================================================================
Received Prepare
Refreshing native plugins compatible for Editor in 11.43 ms, found 12 plugins.
Preloading 0 native plugins for Editor in 0.00 ms.
Unloading 37 Unused Serialized files (Serialized files now loaded: 0)
Unloading 7444 unused Assets / (8.8 MB). Loaded Objects now: 8397.
Memory consumption went from 205.9 MB to 197.1 MB.
Total: 11.422300 ms (FindLiveObjects: 0.791200 ms CreateObjectMapping: 0.911400 ms MarkObjects: 5.067900 ms  DeleteObjects: 4.650900 ms)

Prepare: number of updated asset objects reloaded= 0
========================================================================
Received Prepare
Begin MonoManager ReloadAssembly
- Loaded All Assemblies, in  0.775 seconds
Refreshing native plugins compatible for Editor in 9.92 ms, found 12 plugins.
Native extension for iOS target not found
Native extension for Android target not found
Native extension for UWP target not found
Native extension for WindowsStandalone target not found
[Package Manager] Failed to launch server process. Reason: Unity was launched with the -noUpm command-line argument
[Package Manager] Unable to send message (not connected to server process).
[Package Manager] Cannot connect to Unity Package Manager local server
[Package Manager] Failed to launch server process. Reason: Unity was launched with the -noUpm command-line argument
[Package Manager] Unable to send message (not connected to server process).
[Package Manager] Cannot connect to Unity Package Manager local server
Mono: successfully reloaded assembly
[Package Manager] Failed to launch server process. Reason: Unity was launched with the -noUpm command-line argument
[Package Manager] Unable to send message (not connected to server process).
[Package Manager] Cannot connect to Unity Package Manager local server
- Finished resetting the current domain, in  0.939 seconds
Domain Reload Profiling: 1718ms
	BeginReloadAssembly (220ms)
		ExecutionOrderSort (0ms)
		DisableScriptedObjects (6ms)
		BackupInstance (0ms)
		ReleaseScriptingObjects (0ms)
		CreateAndSetChildDomain (53ms)
	RebuildCommonClasses (40ms)
	RebuildNativeTypeToScriptingClass (15ms)
	initialDomainReloadingComplete (23ms)
	LoadAllAssembliesAndSetupDomain (479ms)
		LoadAssemblies (391ms)
		RebuildTransferFunctionScriptingTraits (0ms)
		AnalyzeDomain (197ms)
			TypeCache.Refresh (10ms)
				TypeCache.ScanAssembly (1ms)
			BuildScriptInfoCaches (170ms)
			ResolveRequiredComponents (13ms)
	FinalizeReload (940ms)
		ReleaseScriptCaches (0ms)
		RebuildScriptCaches (0ms)
		SetupLoadedEditorAssemblies (770ms)
			LogAssemblyErrors (0ms)
			InitializePlatformSupportModulesInManaged (20ms)
			SetLoadedEditorAssemblies (6ms)
			BeforeProcessingInitializeOnLoad (150ms)
			ProcessInitializeOnLoadAttributes (456ms)
			ProcessInitializeOnLoadMethodAttributes (136ms)
			AfterProcessingInitializeOnLoad (2ms)
			EditorAssembliesLoaded (0ms)
		ExecutionOrderSort2 (0ms)
		AwakeInstancesAfterBackupRestoration (10ms)
Refreshing native plugins compatible for Editor in 9.42 ms, found 12 plugins.
Preloading 0 native plugins for Editor in 0.00 ms.
Unloading 37 Unused Serialized files (Serialized files now loaded: 0)
Unloading 7508 unused Assets / (9.8 MB). Loaded Objects now: 8412.
Memory consumption went from 251.7 MB to 241.9 MB.
Total: 11.260900 ms (FindLiveObjects: 0.793800 ms CreateObjectMapping: 0.920300 ms MarkObjects: 4.984500 ms  DeleteObjects: 4.561800 ms)

Prepare: number of updated asset objects reloaded= 0
========================================================================
Received Prepare
Refreshing native plugins compatible for Editor in 13.05 ms, found 12 plugins.
Preloading 0 native plugins for Editor in 0.00 ms.
Unloading 37 Unused Serialized files (Serialized files now loaded: 0)
Unloading 7444 unused Assets / (9.4 MB). Loaded Objects now: 8400.
Memory consumption went from 205.9 MB to 196.5 MB.
Total: 15.799800 ms (FindLiveObjects: 1.366300 ms CreateObjectMapping: 1.501100 ms MarkObjects: 7.581500 ms  DeleteObjects: 5.349500 ms)

Prepare: number of updated asset objects reloaded= 0
========================================================================
Received Prepare
Begin MonoManager ReloadAssembly
- Loaded All Assemblies, in  0.747 seconds
Refreshing native plugins compatible for Editor in 9.29 ms, found 12 plugins.
Native extension for iOS target not found
Native extension for Android target not found
Native extension for UWP target not found
Native extension for WindowsStandalone target not found
[Package Manager] Failed to launch server process. Reason: Unity was launched with the -noUpm command-line argument
[Package Manager] Unable to send message (not connected to server process).
[Package Manager] Cannot connect to Unity Package Manager local server
[Package Manager] Failed to launch server process. Reason: Unity was launched with the -noUpm command-line argument
[Package Manager] Unable to send message (not connected to server process).
[Package Manager] Cannot connect to Unity Package Manager local server
Mono: successfully reloaded assembly
[Package Manager] Failed to launch server process. Reason: Unity was launched with the -noUpm command-line argument
[Package Manager] Unable to send message (not connected to server process).
[Package Manager] Cannot connect to Unity Package Manager local server
- Finished resetting the current domain, in  0.811 seconds
Domain Reload Profiling: 1562ms
	BeginReloadAssembly (209ms)
		ExecutionOrderSort (0ms)
		DisableScriptedObjects (6ms)
		BackupInstance (0ms)
		ReleaseScriptingObjects (0ms)
		CreateAndSetChildDomain (46ms)
	RebuildCommonClasses (32ms)
	RebuildNativeTypeToScriptingClass (10ms)
	initialDomainReloadingComplete (22ms)
	LoadAllAssembliesAndSetupDomain (478ms)
		LoadAssemblies (387ms)
		RebuildTransferFunctionScriptingTraits (0ms)
		AnalyzeDomain (200ms)
			TypeCache.Refresh (11ms)
				TypeCache.ScanAssembly (1ms)
			BuildScriptInfoCaches (168ms)
			ResolveRequiredComponents (16ms)
	FinalizeReload (811ms)
		ReleaseScriptCaches (0ms)
		RebuildScriptCaches (0ms)
		SetupLoadedEditorAssemblies (658ms)
			LogAssemblyErrors (0ms)
			InitializePlatformSupportModulesInManaged (14ms)
			SetLoadedEditorAssemblies (5ms)
			BeforeProcessingInitializeOnLoad (103ms)
			ProcessInitializeOnLoadAttributes (422ms)
			ProcessInitializeOnLoadMethodAttributes (113ms)
			AfterProcessingInitializeOnLoad (2ms)
			EditorAssembliesLoaded (0ms)
		ExecutionOrderSort2 (0ms)
		AwakeInstancesAfterBackupRestoration (10ms)
Refreshing native plugins compatible for Editor in 8.81 ms, found 12 plugins.
Preloading 0 native plugins for Editor in 0.00 ms.
Unloading 37 Unused Serialized files (Serialized files now loaded: 0)
Unloading 7508 unused Assets / (9.6 MB). Loaded Objects now: 8415.
Memory consumption went from 251.8 MB to 242.1 MB.
Total: 10.931400 ms (FindLiveObjects: 0.825800 ms CreateObjectMapping: 0.896700 ms MarkObjects: 4.569100 ms  DeleteObjects: 4.639200 ms)

Prepare: number of updated asset objects reloaded= 0
========================================================================
Received Prepare
Begin MonoManager ReloadAssembly
- Loaded All Assemblies, in  0.708 seconds
Refreshing native plugins compatible for Editor in 8.43 ms, found 12 plugins.
Native extension for iOS target not found
Native extension for Android target not found
Native extension for UWP target not found
Native extension for WindowsStandalone target not found
[Package Manager] Failed to launch server process. Reason: Unity was launched with the -noUpm command-line argument
[Package Manager] Unable to send message (not connected to server process).
[Package Manager] Cannot connect to Unity Package Manager local server
[Package Manager] Failed to launch server process. Reason: Unity was launched with the -noUpm command-line argument
[Package Manager] Unable to send message (not connected to server process).
[Package Manager] Cannot connect to Unity Package Manager local server
Mono: successfully reloaded assembly
[Package Manager] Failed to launch server process. Reason: Unity was launched with the -noUpm command-line argument
[Package Manager] Unable to send message (not connected to server process).
[Package Manager] Cannot connect to Unity Package Manager local server
- Finished resetting the current domain, in  0.792 seconds
Domain Reload Profiling: 1503ms
	BeginReloadAssembly (211ms)
		ExecutionOrderSort (0ms)
		DisableScriptedObjects (5ms)
		BackupInstance (0ms)
		ReleaseScriptingObjects (0ms)
		CreateAndSetChildDomain (52ms)
	RebuildCommonClasses (29ms)
	RebuildNativeTypeToScriptingClass (18ms)
	initialDomainReloadingComplete (22ms)
	LoadAllAssembliesAndSetupDomain (430ms)
		LoadAssemblies (351ms)
		RebuildTransferFunctionScriptingTraits (0ms)
		AnalyzeDomain (183ms)
			TypeCache.Refresh (7ms)
				TypeCache.ScanAssembly (0ms)
			BuildScriptInfoCaches (160ms)
			ResolveRequiredComponents (13ms)
	FinalizeReload (792ms)
		ReleaseScriptCaches (0ms)
		RebuildScriptCaches (0ms)
		SetupLoadedEditorAssemblies (649ms)
			LogAssemblyErrors (0ms)
			InitializePlatformSupportModulesInManaged (13ms)
			SetLoadedEditorAssemblies (4ms)
			BeforeProcessingInitializeOnLoad (107ms)
			ProcessInitializeOnLoadAttributes (393ms)
			ProcessInitializeOnLoadMethodAttributes (130ms)
			AfterProcessingInitializeOnLoad (2ms)
			EditorAssembliesLoaded (0ms)
		ExecutionOrderSort2 (0ms)
		AwakeInstancesAfterBackupRestoration (11ms)
Refreshing native plugins compatible for Editor in 9.73 ms, found 12 plugins.
Preloading 0 native plugins for Editor in 0.00 ms.
Unloading 37 Unused Serialized files (Serialized files now loaded: 0)
Unloading 7508 unused Assets / (9.8 MB). Loaded Objects now: 8418.
Memory consumption went from 251.8 MB to 241.9 MB.
Total: 11.784700 ms (FindLiveObjects: 0.865100 ms CreateObjectMapping: 0.949200 ms MarkObjects: 5.055900 ms  DeleteObjects: 4.913500 ms)

Prepare: number of updated asset objects reloaded= 0
========================================================================
Received Prepare
Begin MonoManager ReloadAssembly
- Loaded All Assemblies, in  0.705 seconds
Refreshing native plugins compatible for Editor in 8.32 ms, found 12 plugins.
Native extension for iOS target not found
Native extension for Android target not found
Native extension for UWP target not found
Native extension for WindowsStandalone target not found
[Package Manager] Failed to launch server process. Reason: Unity was launched with the -noUpm command-line argument
[Package Manager] Unable to send message (not connected to server process).
[Package Manager] Cannot connect to Unity Package Manager local server
[Package Manager] Failed to launch server process. Reason: Unity was launched with the -noUpm command-line argument
[Package Manager] Unable to send message (not connected to server process).
[Package Manager] Cannot connect to Unity Package Manager local server
Mono: successfully reloaded assembly
[Package Manager] Failed to launch server process. Reason: Unity was launched with the -noUpm command-line argument
[Package Manager] Unable to send message (not connected to server process).
[Package Manager] Cannot connect to Unity Package Manager local server
- Finished resetting the current domain, in  0.791 seconds
Domain Reload Profiling: 1499ms
	BeginReloadAssembly (208ms)
		ExecutionOrderSort (0ms)
		DisableScriptedObjects (5ms)
		BackupInstance (0ms)
		ReleaseScriptingObjects (0ms)
		CreateAndSetChildDomain (49ms)
	RebuildCommonClasses (31ms)
	RebuildNativeTypeToScriptingClass (11ms)
	initialDomainReloadingComplete (22ms)
	LoadAllAssembliesAndSetupDomain (437ms)
		LoadAssemblies (358ms)
		RebuildTransferFunctionScriptingTraits (0ms)
		AnalyzeDomain (185ms)
			TypeCache.Refresh (6ms)
				TypeCache.ScanAssembly (0ms)
			BuildScriptInfoCaches (163ms)
			ResolveRequiredComponents (12ms)
	FinalizeReload (791ms)
		ReleaseScriptCaches (0ms)
		RebuildScriptCaches (0ms)
		SetupLoadedEditorAssemblies (644ms)
			LogAssemblyErrors (0ms)
			InitializePlatformSupportModulesInManaged (16ms)
			SetLoadedEditorAssemblies (4ms)
			BeforeProcessingInitializeOnLoad (115ms)
			ProcessInitializeOnLoadAttributes (383ms)
			ProcessInitializeOnLoadMethodAttributes (123ms)
			AfterProcessingInitializeOnLoad (3ms)
			EditorAssembliesLoaded (0ms)
		ExecutionOrderSort2 (0ms)
		AwakeInstancesAfterBackupRestoration (16ms)
Refreshing native plugins compatible for Editor in 9.80 ms, found 12 plugins.
Preloading 0 native plugins for Editor in 0.00 ms.
Unloading 37 Unused Serialized files (Serialized files now loaded: 0)
Unloading 7508 unused Assets / (9.6 MB). Loaded Objects now: 8421.
Memory consumption went from 251.8 MB to 242.2 MB.
Total: 11.360100 ms (FindLiveObjects: 0.820800 ms CreateObjectMapping: 0.943600 ms MarkObjects: 4.743300 ms  DeleteObjects: 4.851600 ms)

Prepare: number of updated asset objects reloaded= 0
========================================================================
Received Prepare
Begin MonoManager ReloadAssembly
- Loaded All Assemblies, in  0.682 seconds
Refreshing native plugins compatible for Editor in 8.34 ms, found 12 plugins.
Native extension for iOS target not found
Native extension for Android target not found
Native extension for UWP target not found
Native extension for WindowsStandalone target not found
[Package Manager] Failed to launch server process. Reason: Unity was launched with the -noUpm command-line argument
[Package Manager] Unable to send message (not connected to server process).
[Package Manager] Cannot connect to Unity Package Manager local server
[Package Manager] Failed to launch server process. Reason: Unity was launched with the -noUpm command-line argument
[Package Manager] Unable to send message (not connected to server process).
[Package Manager] Cannot connect to Unity Package Manager local server
Mono: successfully reloaded assembly
[Package Manager] Failed to launch server process. Reason: Unity was launched with the -noUpm command-line argument
[Package Manager] Unable to send message (not connected to server process).
[Package Manager] Cannot connect to Unity Package Manager local server
- Finished resetting the current domain, in  0.787 seconds
Domain Reload Profiling: 1471ms
	BeginReloadAssembly (196ms)
		ExecutionOrderSort (0ms)
		DisableScriptedObjects (5ms)
		BackupInstance (0ms)
		ReleaseScriptingObjects (0ms)
		CreateAndSetChildDomain (48ms)
	RebuildCommonClasses (28ms)
	RebuildNativeTypeToScriptingClass (10ms)
	initialDomainReloadingComplete (22ms)
	LoadAllAssembliesAndSetupDomain (428ms)
		LoadAssemblies (343ms)
		RebuildTransferFunctionScriptingTraits (0ms)
		AnalyzeDomain (181ms)
			TypeCache.Refresh (8ms)
				TypeCache.ScanAssembly (0ms)
			BuildScriptInfoCaches (157ms)
			ResolveRequiredComponents (12ms)
	FinalizeReload (787ms)
		ReleaseScriptCaches (0ms)
		RebuildScriptCaches (0ms)
		SetupLoadedEditorAssemblies (638ms)
			LogAssemblyErrors (0ms)
			InitializePlatformSupportModulesInManaged (13ms)
			SetLoadedEditorAssemblies (3ms)
			BeforeProcessingInitializeOnLoad (104ms)
			ProcessInitializeOnLoadAttributes (401ms)
			ProcessInitializeOnLoadMethodAttributes (114ms)
			AfterProcessingInitializeOnLoad (2ms)
			EditorAssembliesLoaded (0ms)
		ExecutionOrderSort2 (0ms)
		AwakeInstancesAfterBackupRestoration (12ms)
Refreshing native plugins compatible for Editor in 9.65 ms, found 12 plugins.
Preloading 0 native plugins for Editor in 0.00 ms.
Unloading 37 Unused Serialized files (Serialized files now loaded: 0)
Unloading 7508 unused Assets / (9.7 MB). Loaded Objects now: 8424.
Memory consumption went from 251.8 MB to 242.1 MB.
Total: 11.402600 ms (FindLiveObjects: 0.810900 ms CreateObjectMapping: 0.947300 ms MarkObjects: 4.915300 ms  DeleteObjects: 4.728300 ms)

Prepare: number of updated asset objects reloaded= 0
========================================================================
Received Prepare
Refreshing native plugins compatible for Editor in 11.10 ms, found 12 plugins.
Preloading 0 native plugins for Editor in 0.00 ms.
Unloading 37 Unused Serialized files (Serialized files now loaded: 0)
Unloading 7444 unused Assets / (8.7 MB). Loaded Objects now: 8412.
Memory consumption went from 206.1 MB to 197.4 MB.
Total: 12.463600 ms (FindLiveObjects: 0.844400 ms CreateObjectMapping: 0.987600 ms MarkObjects: 5.961900 ms  DeleteObjects: 4.668800 ms)

Prepare: number of updated asset objects reloaded= 0
========================================================================
Received Prepare
Begin MonoManager ReloadAssembly
- Loaded All Assemblies, in  0.830 seconds
Refreshing native plugins compatible for Editor in 17.49 ms, found 12 plugins.
Native extension for iOS target not found
Native extension for Android target not found
Native extension for UWP target not found
Native extension for WindowsStandalone target not found
[Package Manager] Failed to launch server process. Reason: Unity was launched with the -noUpm command-line argument
[Package Manager] Unable to send message (not connected to server process).
[Package Manager] Cannot connect to Unity Package Manager local server
[Package Manager] Failed to launch server process. Reason: Unity was launched with the -noUpm command-line argument
[Package Manager] Unable to send message (not connected to server process).
[Package Manager] Cannot connect to Unity Package Manager local server
Mono: successfully reloaded assembly
[Package Manager] Failed to launch server process. Reason: Unity was launched with the -noUpm command-line argument
[Package Manager] Unable to send message (not connected to server process).
[Package Manager] Cannot connect to Unity Package Manager local server
- Finished resetting the current domain, in  0.858 seconds
Domain Reload Profiling: 1698ms
	BeginReloadAssembly (220ms)
		ExecutionOrderSort (0ms)
		DisableScriptedObjects (5ms)
		BackupInstance (0ms)
		ReleaseScriptingObjects (0ms)
		CreateAndSetChildDomain (51ms)
	RebuildCommonClasses (30ms)
	RebuildNativeTypeToScriptingClass (15ms)
	initialDomainReloadingComplete (24ms)
	LoadAllAssembliesAndSetupDomain (550ms)
		LoadAssemblies (408ms)
		RebuildTransferFunctionScriptingTraits (0ms)
		AnalyzeDomain (241ms)
			TypeCache.Refresh (10ms)
				TypeCache.ScanAssembly (1ms)
			BuildScriptInfoCaches (201ms)
			ResolveRequiredComponents (22ms)
	FinalizeReload (859ms)
		ReleaseScriptCaches (0ms)
		RebuildScriptCaches (0ms)
		SetupLoadedEditorAssemblies (699ms)
			LogAssemblyErrors (0ms)
			InitializePlatformSupportModulesInManaged (16ms)
			SetLoadedEditorAssemblies (4ms)
			BeforeProcessingInitializeOnLoad (114ms)
			ProcessInitializeOnLoadAttributes (424ms)
			ProcessInitializeOnLoadMethodAttributes (137ms)
			AfterProcessingInitializeOnLoad (3ms)
			EditorAssembliesLoaded (0ms)
		ExecutionOrderSort2 (0ms)
		AwakeInstancesAfterBackupRestoration (15ms)
Refreshing native plugins compatible for Editor in 9.30 ms, found 12 plugins.
Preloading 0 native plugins for Editor in 0.00 ms.
Unloading 37 Unused Serialized files (Serialized files now loaded: 0)
Unloading 7508 unused Assets / (9.7 MB). Loaded Objects now: 8427.
Memory consumption went from 251.8 MB to 242.1 MB.
Total: 11.606300 ms (FindLiveObjects: 0.822400 ms CreateObjectMapping: 1.035800 ms MarkObjects: 4.723500 ms  DeleteObjects: 5.023800 ms)

Prepare: number of updated asset objects reloaded= 0
========================================================================
Received Prepare
Refreshing native plugins compatible for Editor in 10.71 ms, found 12 plugins.
Preloading 0 native plugins for Editor in 0.00 ms.
Unloading 37 Unused Serialized files (Serialized files now loaded: 0)
Unloading 7444 unused Assets / (8.9 MB). Loaded Objects now: 8415.
Memory consumption went from 206.0 MB to 197.1 MB.
Total: 26.819500 ms (FindLiveObjects: 0.866100 ms CreateObjectMapping: 0.987600 ms MarkObjects: 18.534700 ms  DeleteObjects: 6.429900 ms)

Prepare: number of updated asset objects reloaded= 0
========================================================================
Received Prepare
Begin MonoManager ReloadAssembly
- Loaded All Assemblies, in  0.710 seconds
Refreshing native plugins compatible for Editor in 8.94 ms, found 12 plugins.
Native extension for iOS target not found
Native extension for Android target not found
Native extension for UWP target not found
Native extension for WindowsStandalone target not found
[Package Manager] Failed to launch server process. Reason: Unity was launched with the -noUpm command-line argument
[Package Manager] Unable to send message (not connected to server process).
[Package Manager] Cannot connect to Unity Package Manager local server
[Package Manager] Failed to launch server process. Reason: Unity was launched with the -noUpm command-line argument
[Package Manager] Unable to send message (not connected to server process).
[Package Manager] Cannot connect to Unity Package Manager local server
Mono: successfully reloaded assembly
[Package Manager] Failed to launch server process. Reason: Unity was launched with the -noUpm command-line argument
[Package Manager] Unable to send message (not connected to server process).
[Package Manager] Cannot connect to Unity Package Manager local server
- Finished resetting the current domain, in  0.784 seconds
Domain Reload Profiling: 1497ms
	BeginReloadAssembly (203ms)
		ExecutionOrderSort (0ms)
		DisableScriptedObjects (6ms)
		BackupInstance (0ms)
		ReleaseScriptingObjects (0ms)
		CreateAndSetChildDomain (45ms)
	RebuildCommonClasses (30ms)
	RebuildNativeTypeToScriptingClass (11ms)
	initialDomainReloadingComplete (23ms)
	LoadAllAssembliesAndSetupDomain (445ms)
		LoadAssemblies (363ms)
		RebuildTransferFunctionScriptingTraits (0ms)
		AnalyzeDomain (187ms)
			TypeCache.Refresh (10ms)
				TypeCache.ScanAssembly (1ms)
			BuildScriptInfoCaches (161ms)
			ResolveRequiredComponents (12ms)
	FinalizeReload (784ms)
		ReleaseScriptCaches (0ms)
		RebuildScriptCaches (0ms)
		SetupLoadedEditorAssemblies (628ms)
			LogAssemblyErrors (0ms)
			InitializePlatformSupportModulesInManaged (17ms)
			SetLoadedEditorAssemblies (4ms)
			BeforeProcessingInitializeOnLoad (103ms)
			ProcessInitializeOnLoadAttributes (382ms)
			ProcessInitializeOnLoadMethodAttributes (120ms)
			AfterProcessingInitializeOnLoad (2ms)
			EditorAssembliesLoaded (0ms)
		ExecutionOrderSort2 (0ms)
		AwakeInstancesAfterBackupRestoration (15ms)
Refreshing native plugins compatible for Editor in 8.85 ms, found 12 plugins.
Preloading 0 native plugins for Editor in 0.00 ms.
Unloading 37 Unused Serialized files (Serialized files now loaded: 0)
Unloading 7508 unused Assets / (9.7 MB). Loaded Objects now: 8430.
Memory consumption went from 251.8 MB to 242.2 MB.
Total: 11.143100 ms (FindLiveObjects: 0.808600 ms CreateObjectMapping: 0.921400 ms MarkObjects: 5.003100 ms  DeleteObjects: 4.409300 ms)

Prepare: number of updated asset objects reloaded= 0
========================================================================
Received Prepare
Refreshing native plugins compatible for Editor in 10.11 ms, found 12 plugins.
Preloading 0 native plugins for Editor in 0.00 ms.
Unloading 37 Unused Serialized files (Serialized files now loaded: 0)
Unloading 7444 unused Assets / (8.6 MB). Loaded Objects now: 8418.
Memory consumption went from 206.1 MB to 197.5 MB.
Total: 10.851200 ms (FindLiveObjects: 0.848900 ms CreateObjectMapping: 1.054300 ms MarkObjects: 4.900400 ms  DeleteObjects: 4.046800 ms)

Prepare: number of updated asset objects reloaded= 0
========================================================================
Received Prepare
Begin MonoManager ReloadAssembly
- Loaded All Assemblies, in  0.719 seconds
Refreshing native plugins compatible for Editor in 9.37 ms, found 12 plugins.
Native extension for iOS target not found
Native extension for Android target not found
Native extension for UWP target not found
Native extension for WindowsStandalone target not found
[Package Manager] Failed to launch server process. Reason: Unity was launched with the -noUpm command-line argument
[Package Manager] Unable to send message (not connected to server process).
[Package Manager] Cannot connect to Unity Package Manager local server
[Package Manager] Failed to launch server process. Reason: Unity was launched with the -noUpm command-line argument
[Package Manager] Unable to send message (not connected to server process).
[Package Manager] Cannot connect to Unity Package Manager local server
Mono: successfully reloaded assembly
[Package Manager] Failed to launch server process. Reason: Unity was launched with the -noUpm command-line argument
[Package Manager] Unable to send message (not connected to server process).
[Package Manager] Cannot connect to Unity Package Manager local server
- Finished resetting the current domain, in  0.800 seconds
Domain Reload Profiling: 1522ms
	BeginReloadAssembly (204ms)
		ExecutionOrderSort (0ms)
		DisableScriptedObjects (5ms)
		BackupInstance (0ms)
		ReleaseScriptingObjects (0ms)
		CreateAndSetChildDomain (45ms)
	RebuildCommonClasses (31ms)
	RebuildNativeTypeToScriptingClass (11ms)
	initialDomainReloadingComplete (22ms)
	LoadAllAssembliesAndSetupDomain (454ms)
		LoadAssemblies (359ms)
		RebuildTransferFunctionScriptingTraits (0ms)
		AnalyzeDomain (197ms)
			TypeCache.Refresh (11ms)
				TypeCache.ScanAssembly (1ms)
			BuildScriptInfoCaches (170ms)
			ResolveRequiredComponents (12ms)
	FinalizeReload (800ms)
		ReleaseScriptCaches (0ms)
		RebuildScriptCaches (0ms)
		SetupLoadedEditorAssemblies (644ms)
			LogAssemblyErrors (0ms)
			InitializePlatformSupportModulesInManaged (18ms)
			SetLoadedEditorAssemblies (4ms)
			BeforeProcessingInitializeOnLoad (103ms)
			ProcessInitializeOnLoadAttributes (383ms)
			ProcessInitializeOnLoadMethodAttributes (134ms)
			AfterProcessingInitializeOnLoad (2ms)
			EditorAssembliesLoaded (0ms)
		ExecutionOrderSort2 (0ms)
		AwakeInstancesAfterBackupRestoration (13ms)
Refreshing native plugins compatible for Editor in 8.59 ms, found 12 plugins.
Preloading 0 native plugins for Editor in 0.00 ms.
Unloading 37 Unused Serialized files (Serialized files now loaded: 0)
Unloading 7508 unused Assets / (9.8 MB). Loaded Objects now: 8433.
Memory consumption went from 251.9 MB to 242.1 MB.
Total: 10.866000 ms (FindLiveObjects: 0.803300 ms CreateObjectMapping: 0.887400 ms MarkObjects: 4.734800 ms  DeleteObjects: 4.439700 ms)

Prepare: number of updated asset objects reloaded= 0
========================================================================
Received Prepare
Refreshing native plugins compatible for Editor in 9.62 ms, found 12 plugins.
Preloading 0 native plugins for Editor in 0.00 ms.
Unloading 37 Unused Serialized files (Serialized files now loaded: 0)
Unloading 7444 unused Assets / (8.6 MB). Loaded Objects now: 8421.
Memory consumption went from 206.1 MB to 197.5 MB.
Total: 11.521200 ms (FindLiveObjects: 0.960900 ms CreateObjectMapping: 1.027900 ms MarkObjects: 5.306200 ms  DeleteObjects: 4.225400 ms)

Prepare: number of updated asset objects reloaded= 0
========================================================================
Received Prepare
Begin MonoManager ReloadAssembly
- Loaded All Assemblies, in  0.716 seconds
Refreshing native plugins compatible for Editor in 8.87 ms, found 12 plugins.
Native extension for iOS target not found
Native extension for Android target not found
Native extension for UWP target not found
Native extension for WindowsStandalone target not found
[Package Manager] Failed to launch server process. Reason: Unity was launched with the -noUpm command-line argument
[Package Manager] Unable to send message (not connected to server process).
[Package Manager] Cannot connect to Unity Package Manager local server
[Package Manager] Failed to launch server process. Reason: Unity was launched with the -noUpm command-line argument
[Package Manager] Unable to send message (not connected to server process).
[Package Manager] Cannot connect to Unity Package Manager local server
Mono: successfully reloaded assembly
[Package Manager] Failed to launch server process. Reason: Unity was launched with the -noUpm command-line argument
[Package Manager] Unable to send message (not connected to server process).
[Package Manager] Cannot connect to Unity Package Manager local server
- Finished resetting the current domain, in  0.851 seconds
Domain Reload Profiling: 1571ms
	BeginReloadAssembly (205ms)
		ExecutionOrderSort (0ms)
		DisableScriptedObjects (6ms)
		BackupInstance (0ms)
		ReleaseScriptingObjects (0ms)
		CreateAndSetChildDomain (49ms)
	RebuildCommonClasses (31ms)
	RebuildNativeTypeToScriptingClass (11ms)
	initialDomainReloadingComplete (24ms)
	LoadAllAssembliesAndSetupDomain (448ms)
		LoadAssemblies (358ms)
		RebuildTransferFunctionScriptingTraits (0ms)
		AnalyzeDomain (191ms)
			TypeCache.Refresh (10ms)
				TypeCache.ScanAssembly (1ms)
			BuildScriptInfoCaches (163ms)
			ResolveRequiredComponents (13ms)
	FinalizeReload (851ms)
		ReleaseScriptCaches (0ms)
		RebuildScriptCaches (0ms)
		SetupLoadedEditorAssemblies (686ms)
			LogAssemblyErrors (0ms)
			InitializePlatformSupportModulesInManaged (18ms)
			SetLoadedEditorAssemblies (3ms)
			BeforeProcessingInitializeOnLoad (104ms)
			ProcessInitializeOnLoadAttributes (417ms)
			ProcessInitializeOnLoadMethodAttributes (140ms)
			AfterProcessingInitializeOnLoad (3ms)
			EditorAssembliesLoaded (1ms)
		ExecutionOrderSort2 (0ms)
		AwakeInstancesAfterBackupRestoration (15ms)
Refreshing native plugins compatible for Editor in 9.65 ms, found 12 plugins.
Preloading 0 native plugins for Editor in 0.00 ms.
Unloading 37 Unused Serialized files (Serialized files now loaded: 0)
Unloading 7508 unused Assets / (9.8 MB). Loaded Objects now: 8436.
Memory consumption went from 251.9 MB to 242.1 MB.
Total: 11.526800 ms (FindLiveObjects: 0.921300 ms CreateObjectMapping: 1.135200 ms MarkObjects: 4.670200 ms  DeleteObjects: 4.799200 ms)

Prepare: number of updated asset objects reloaded= 0
========================================================================
Received Prepare
Begin MonoManager ReloadAssembly
- Loaded All Assemblies, in  0.690 seconds
Refreshing native plugins compatible for Editor in 10.74 ms, found 12 plugins.
Native extension for iOS target not found
Native extension for Android target not found
Native extension for UWP target not found
Native extension for WindowsStandalone target not found
[Package Manager] Failed to launch server process. Reason: Unity was launched with the -noUpm command-line argument
[Package Manager] Unable to send message (not connected to server process).
[Package Manager] Cannot connect to Unity Package Manager local server
[Package Manager] Failed to launch server process. Reason: Unity was launched with the -noUpm command-line argument
[Package Manager] Unable to send message (not connected to server process).
[Package Manager] Cannot connect to Unity Package Manager local server
Mono: successfully reloaded assembly
[Package Manager] Failed to launch server process. Reason: Unity was launched with the -noUpm command-line argument
[Package Manager] Unable to send message (not connected to server process).
[Package Manager] Cannot connect to Unity Package Manager local server
- Finished resetting the current domain, in  0.772 seconds
Domain Reload Profiling: 1465ms
	BeginReloadAssembly (204ms)
		ExecutionOrderSort (0ms)
		DisableScriptedObjects (5ms)
		BackupInstance (0ms)
		ReleaseScriptingObjects (0ms)
		CreateAndSetChildDomain (45ms)
	RebuildCommonClasses (32ms)
	RebuildNativeTypeToScriptingClass (11ms)
	initialDomainReloadingComplete (21ms)
	LoadAllAssembliesAndSetupDomain (424ms)
		LoadAssemblies (347ms)
		RebuildTransferFunctionScriptingTraits (0ms)
		AnalyzeDomain (181ms)
			TypeCache.Refresh (6ms)
				TypeCache.ScanAssembly (0ms)
			BuildScriptInfoCaches (159ms)
			ResolveRequiredComponents (12ms)
	FinalizeReload (773ms)
		ReleaseScriptCaches (0ms)
		RebuildScriptCaches (0ms)
		SetupLoadedEditorAssemblies (612ms)
			LogAssemblyErrors (0ms)
			InitializePlatformSupportModulesInManaged (16ms)
			SetLoadedEditorAssemblies (4ms)
			BeforeProcessingInitializeOnLoad (108ms)
			ProcessInitializeOnLoadAttributes (366ms)
			ProcessInitializeOnLoadMethodAttributes (115ms)
			AfterProcessingInitializeOnLoad (2ms)
			EditorAssembliesLoaded (0ms)
		ExecutionOrderSort2 (0ms)
		AwakeInstancesAfterBackupRestoration (10ms)
Refreshing native plugins compatible for Editor in 9.79 ms, found 12 plugins.
Preloading 0 native plugins for Editor in 0.00 ms.
Unloading 37 Unused Serialized files (Serialized files now loaded: 0)
Unloading 7508 unused Assets / (9.7 MB). Loaded Objects now: 8439.
Memory consumption went from 251.9 MB to 242.2 MB.
Total: 11.523400 ms (FindLiveObjects: 0.905900 ms CreateObjectMapping: 1.070700 ms MarkObjects: 4.874600 ms  DeleteObjects: 4.671400 ms)

Prepare: number of updated asset objects reloaded= 0
========================================================================
Received Prepare
Begin MonoManager ReloadAssembly
- Loaded All Assemblies, in  0.709 seconds
Refreshing native plugins compatible for Editor in 9.08 ms, found 12 plugins.
Native extension for iOS target not found
Native extension for Android target not found
Native extension for UWP target not found
Native extension for WindowsStandalone target not found
[Package Manager] Failed to launch server process. Reason: Unity was launched with the -noUpm command-line argument
[Package Manager] Unable to send message (not connected to server process).
[Package Manager] Cannot connect to Unity Package Manager local server
[Package Manager] Failed to launch server process. Reason: Unity was launched with the -noUpm command-line argument
[Package Manager] Unable to send message (not connected to server process).
[Package Manager] Cannot connect to Unity Package Manager local server
Mono: successfully reloaded assembly
[Package Manager] Failed to launch server process. Reason: Unity was launched with the -noUpm command-line argument
[Package Manager] Unable to send message (not connected to server process).
[Package Manager] Cannot connect to Unity Package Manager local server
- Finished resetting the current domain, in  0.774 seconds
Domain Reload Profiling: 1487ms
	BeginReloadAssembly (196ms)
		ExecutionOrderSort (0ms)
		DisableScriptedObjects (5ms)
		BackupInstance (0ms)
		ReleaseScriptingObjects (0ms)
		CreateAndSetChildDomain (45ms)
	RebuildCommonClasses (28ms)
	RebuildNativeTypeToScriptingClass (10ms)
	initialDomainReloadingComplete (22ms)
	LoadAllAssembliesAndSetupDomain (456ms)
		LoadAssemblies (347ms)
		RebuildTransferFunctionScriptingTraits (0ms)
		AnalyzeDomain (205ms)
			TypeCache.Refresh (6ms)
				TypeCache.ScanAssembly (0ms)
			BuildScriptInfoCaches (175ms)
			ResolveRequiredComponents (18ms)
	FinalizeReload (775ms)
		ReleaseScriptCaches (0ms)
		RebuildScriptCaches (0ms)
		SetupLoadedEditorAssemblies (630ms)
			LogAssemblyErrors (0ms)
			InitializePlatformSupportModulesInManaged (13ms)
			SetLoadedEditorAssemblies (3ms)
			BeforeProcessingInitializeOnLoad (109ms)
			ProcessInitializeOnLoadAttributes (378ms)
			ProcessInitializeOnLoadMethodAttributes (124ms)
			AfterProcessingInitializeOnLoad (2ms)
			EditorAssembliesLoaded (0ms)
		ExecutionOrderSort2 (0ms)
		AwakeInstancesAfterBackupRestoration (10ms)
Refreshing native plugins compatible for Editor in 8.91 ms, found 12 plugins.
Preloading 0 native plugins for Editor in 0.00 ms.
Unloading 37 Unused Serialized files (Serialized files now loaded: 0)
Unloading 7508 unused Assets / (10.0 MB). Loaded Objects now: 8442.
Memory consumption went from 252.0 MB to 242.0 MB.
Total: 12.640000 ms (FindLiveObjects: 0.905700 ms CreateObjectMapping: 1.016300 ms MarkObjects: 5.230200 ms  DeleteObjects: 5.486800 ms)

Prepare: number of updated asset objects reloaded= 0
========================================================================
Received Prepare
Refreshing native plugins compatible for Editor in 11.25 ms, found 12 plugins.
Preloading 0 native plugins for Editor in 0.00 ms.
Unloading 37 Unused Serialized files (Serialized files now loaded: 0)
Unloading 7444 unused Assets / (8.9 MB). Loaded Objects now: 8430.
Memory consumption went from 206.2 MB to 197.4 MB.
Total: 17.334400 ms (FindLiveObjects: 1.486300 ms CreateObjectMapping: 2.969800 ms MarkObjects: 6.944800 ms  DeleteObjects: 5.932300 ms)

Prepare: number of updated asset objects reloaded= 0
========================================================================
Received Prepare
Begin MonoManager ReloadAssembly
- Loaded All Assemblies, in  0.755 seconds
Refreshing native plugins compatible for Editor in 9.19 ms, found 12 plugins.
Native extension for iOS target not found
Native extension for Android target not found
Native extension for UWP target not found
Native extension for WindowsStandalone target not found
[Package Manager] Failed to launch server process. Reason: Unity was launched with the -noUpm command-line argument
[Package Manager] Unable to send message (not connected to server process).
[Package Manager] Cannot connect to Unity Package Manager local server
[Package Manager] Failed to launch server process. Reason: Unity was launched with the -noUpm command-line argument
[Package Manager] Unable to send message (not connected to server process).
[Package Manager] Cannot connect to Unity Package Manager local server
Mono: successfully reloaded assembly
[Package Manager] Failed to launch server process. Reason: Unity was launched with the -noUpm command-line argument
[Package Manager] Unable to send message (not connected to server process).
[Package Manager] Cannot connect to Unity Package Manager local server
- Finished resetting the current domain, in  0.839 seconds
Domain Reload Profiling: 1597ms
	BeginReloadAssembly (209ms)
		ExecutionOrderSort (0ms)
		DisableScriptedObjects (6ms)
		BackupInstance (0ms)
		ReleaseScriptingObjects (0ms)
		CreateAndSetChildDomain (49ms)
	RebuildCommonClasses (37ms)
	RebuildNativeTypeToScriptingClass (17ms)
	initialDomainReloadingComplete (26ms)
	LoadAllAssembliesAndSetupDomain (469ms)
		LoadAssemblies (371ms)
		RebuildTransferFunctionScriptingTraits (0ms)
		AnalyzeDomain (204ms)
			TypeCache.Refresh (12ms)
				TypeCache.ScanAssembly (1ms)
			BuildScriptInfoCaches (174ms)
			ResolveRequiredComponents (13ms)
	FinalizeReload (840ms)
		ReleaseScriptCaches (0ms)
		RebuildScriptCaches (0ms)
		SetupLoadedEditorAssemblies (688ms)
			LogAssemblyErrors (0ms)
			InitializePlatformSupportModulesInManaged (20ms)
			SetLoadedEditorAssemblies (5ms)
			BeforeProcessingInitializeOnLoad (113ms)
			ProcessInitializeOnLoadAttributes (424ms)
			ProcessInitializeOnLoadMethodAttributes (124ms)
			AfterProcessingInitializeOnLoad (2ms)
			EditorAssembliesLoaded (0ms)
		ExecutionOrderSort2 (0ms)
		AwakeInstancesAfterBackupRestoration (11ms)
Refreshing native plugins compatible for Editor in 11.98 ms, found 12 plugins.
Preloading 0 native plugins for Editor in 0.00 ms.
Unloading 37 Unused Serialized files (Serialized files now loaded: 0)
Unloading 7508 unused Assets / (9.6 MB). Loaded Objects now: 8445.
Memory consumption went from 252.0 MB to 242.4 MB.
Total: 12.642700 ms (FindLiveObjects: 0.849800 ms CreateObjectMapping: 1.223200 ms MarkObjects: 5.292200 ms  DeleteObjects: 5.276600 ms)

Prepare: number of updated asset objects reloaded= 0
========================================================================
Received Prepare
Begin MonoManager ReloadAssembly
- Loaded All Assemblies, in  0.712 seconds
Refreshing native plugins compatible for Editor in 9.20 ms, found 12 plugins.
Native extension for iOS target not found
Native extension for Android target not found
Native extension for UWP target not found
Native extension for WindowsStandalone target not found
[Package Manager] Failed to launch server process. Reason: Unity was launched with the -noUpm command-line argument
[Package Manager] Unable to send message (not connected to server process).
[Package Manager] Cannot connect to Unity Package Manager local server
[Package Manager] Failed to launch server process. Reason: Unity was launched with the -noUpm command-line argument
[Package Manager] Unable to send message (not connected to server process).
[Package Manager] Cannot connect to Unity Package Manager local server
Mono: successfully reloaded assembly
[Package Manager] Failed to launch server process. Reason: Unity was launched with the -noUpm command-line argument
[Package Manager] Unable to send message (not connected to server process).
[Package Manager] Cannot connect to Unity Package Manager local server
- Finished resetting the current domain, in  0.797 seconds
Domain Reload Profiling: 1513ms
	BeginReloadAssembly (203ms)
		ExecutionOrderSort (0ms)
		DisableScriptedObjects (5ms)
		BackupInstance (0ms)
		ReleaseScriptingObjects (0ms)
		CreateAndSetChildDomain (48ms)
	RebuildCommonClasses (30ms)
	RebuildNativeTypeToScriptingClass (11ms)
	initialDomainReloadingComplete (22ms)
	LoadAllAssembliesAndSetupDomain (449ms)
		LoadAssemblies (364ms)
		RebuildTransferFunctionScriptingTraits (0ms)
		AnalyzeDomain (186ms)
			TypeCache.Refresh (7ms)
				TypeCache.ScanAssembly (0ms)
			BuildScriptInfoCaches (163ms)
			ResolveRequiredComponents (12ms)
	FinalizeReload (798ms)
		ReleaseScriptCaches (0ms)
		RebuildScriptCaches (0ms)
		SetupLoadedEditorAssemblies (646ms)
			LogAssemblyErrors (0ms)
			InitializePlatformSupportModulesInManaged (15ms)
			SetLoadedEditorAssemblies (4ms)
			BeforeProcessingInitializeOnLoad (102ms)
			ProcessInitializeOnLoadAttributes (404ms)
			ProcessInitializeOnLoadMethodAttributes (120ms)
			AfterProcessingInitializeOnLoad (2ms)
			EditorAssembliesLoaded (0ms)
		ExecutionOrderSort2 (0ms)
		AwakeInstancesAfterBackupRestoration (11ms)
Refreshing native plugins compatible for Editor in 9.67 ms, found 12 plugins.
Preloading 0 native plugins for Editor in 0.00 ms.
Unloading 37 Unused Serialized files (Serialized files now loaded: 0)
Unloading 7508 unused Assets / (9.5 MB). Loaded Objects now: 8448.
Memory consumption went from 252.1 MB to 242.5 MB.
Total: 11.847100 ms (FindLiveObjects: 1.410100 ms CreateObjectMapping: 0.713000 ms MarkObjects: 5.045400 ms  DeleteObjects: 4.677500 ms)

Prepare: number of updated asset objects reloaded= 0
========================================================================
Received Prepare
Begin MonoManager ReloadAssembly
- Loaded All Assemblies, in  0.714 seconds
Refreshing native plugins compatible for Editor in 9.67 ms, found 12 plugins.
Native extension for iOS target not found
Native extension for Android target not found
Native extension for UWP target not found
Native extension for WindowsStandalone target not found
[Package Manager] Failed to launch server process. Reason: Unity was launched with the -noUpm command-line argument
[Package Manager] Unable to send message (not connected to server process).
[Package Manager] Cannot connect to Unity Package Manager local server
[Package Manager] Failed to launch server process. Reason: Unity was launched with the -noUpm command-line argument
[Package Manager] Unable to send message (not connected to server process).
[Package Manager] Cannot connect to Unity Package Manager local server
Mono: successfully reloaded assembly
[Package Manager] Failed to launch server process. Reason: Unity was launched with the -noUpm command-line argument
[Package Manager] Unable to send message (not connected to server process).
[Package Manager] Cannot connect to Unity Package Manager local server
- Finished resetting the current domain, in  0.790 seconds
Domain Reload Profiling: 1509ms
	BeginReloadAssembly (211ms)
		ExecutionOrderSort (0ms)
		DisableScriptedObjects (6ms)
		BackupInstance (0ms)
		ReleaseScriptingObjects (0ms)
		CreateAndSetChildDomain (50ms)
	RebuildCommonClasses (28ms)
	RebuildNativeTypeToScriptingClass (10ms)
	initialDomainReloadingComplete (22ms)
	LoadAllAssembliesAndSetupDomain (446ms)
		LoadAssemblies (346ms)
		RebuildTransferFunctionScriptingTraits (0ms)
		AnalyzeDomain (200ms)
			TypeCache.Refresh (9ms)
				TypeCache.ScanAssembly (0ms)
			BuildScriptInfoCaches (175ms)
			ResolveRequiredComponents (12ms)
	FinalizeReload (792ms)
		ReleaseScriptCaches (0ms)
		RebuildScriptCaches (0ms)
		SetupLoadedEditorAssemblies (629ms)
			LogAssemblyErrors (0ms)
			InitializePlatformSupportModulesInManaged (13ms)
			SetLoadedEditorAssemblies (4ms)
			BeforeProcessingInitializeOnLoad (97ms)
			ProcessInitializeOnLoadAttributes (396ms)
			ProcessInitializeOnLoadMethodAttributes (117ms)
			AfterProcessingInitializeOnLoad (2ms)
			EditorAssembliesLoaded (1ms)
		ExecutionOrderSort2 (0ms)
		AwakeInstancesAfterBackupRestoration (15ms)
Refreshing native plugins compatible for Editor in 10.16 ms, found 12 plugins.
Preloading 0 native plugins for Editor in 0.00 ms.
Unloading 37 Unused Serialized files (Serialized files now loaded: 0)
Unloading 7508 unused Assets / (10.5 MB). Loaded Objects now: 8451.
Memory consumption went from 252.1 MB to 241.5 MB.
Total: 15.174700 ms (FindLiveObjects: 0.846900 ms CreateObjectMapping: 0.978800 ms MarkObjects: 6.784100 ms  DeleteObjects: 6.563800 ms)

Prepare: number of updated asset objects reloaded= 0
========================================================================
Received Prepare
Begin MonoManager ReloadAssembly
- Loaded All Assemblies, in  0.716 seconds
Refreshing native plugins compatible for Editor in 9.16 ms, found 12 plugins.
Native extension for iOS target not found
Native extension for Android target not found
Native extension for UWP target not found
Native extension for WindowsStandalone target not found
[Package Manager] Failed to launch server process. Reason: Unity was launched with the -noUpm command-line argument
[Package Manager] Unable to send message (not connected to server process).
[Package Manager] Cannot connect to Unity Package Manager local server
[Package Manager] Failed to launch server process. Reason: Unity was launched with the -noUpm command-line argument
[Package Manager] Unable to send message (not connected to server process).
[Package Manager] Cannot connect to Unity Package Manager local server
Mono: successfully reloaded assembly
[Package Manager] Failed to launch server process. Reason: Unity was launched with the -noUpm command-line argument
[Package Manager] Unable to send message (not connected to server process).
[Package Manager] Cannot connect to Unity Package Manager local server
- Finished resetting the current domain, in  0.770 seconds
Domain Reload Profiling: 1489ms
	BeginReloadAssembly (213ms)
		ExecutionOrderSort (0ms)
		DisableScriptedObjects (5ms)
		BackupInstance (0ms)
		ReleaseScriptingObjects (0ms)
		CreateAndSetChildDomain (49ms)
	RebuildCommonClasses (29ms)
	RebuildNativeTypeToScriptingClass (10ms)
	initialDomainReloadingComplete (23ms)
	LoadAllAssembliesAndSetupDomain (444ms)
		LoadAssemblies (364ms)
		RebuildTransferFunctionScriptingTraits (0ms)
		AnalyzeDomain (186ms)
			TypeCache.Refresh (7ms)
				TypeCache.ScanAssembly (0ms)
			BuildScriptInfoCaches (162ms)
			ResolveRequiredComponents (13ms)
	FinalizeReload (771ms)
		ReleaseScriptCaches (0ms)
		RebuildScriptCaches (0ms)
		SetupLoadedEditorAssemblies (624ms)
			LogAssemblyErrors (0ms)
			InitializePlatformSupportModulesInManaged (13ms)
			SetLoadedEditorAssemblies (4ms)
			BeforeProcessingInitializeOnLoad (101ms)
			ProcessInitializeOnLoadAttributes (385ms)
			ProcessInitializeOnLoadMethodAttributes (119ms)
			AfterProcessingInitializeOnLoad (2ms)
			EditorAssembliesLoaded (0ms)
		ExecutionOrderSort2 (0ms)
		AwakeInstancesAfterBackupRestoration (11ms)
Refreshing native plugins compatible for Editor in 9.49 ms, found 12 plugins.
Preloading 0 native plugins for Editor in 0.00 ms.
Unloading 37 Unused Serialized files (Serialized files now loaded: 0)
Unloading 7508 unused Assets / (10.1 MB). Loaded Objects now: 8454.
Memory consumption went from 252.1 MB to 242.0 MB.
Total: 12.712700 ms (FindLiveObjects: 1.150100 ms CreateObjectMapping: 1.095900 ms MarkObjects: 5.080400 ms  DeleteObjects: 5.385500 ms)

Prepare: number of updated asset objects reloaded= 0
========================================================================
Received Prepare
Refreshing native plugins compatible for Editor in 8.96 ms, found 12 plugins.
Preloading 0 native plugins for Editor in 0.00 ms.
Unloading 37 Unused Serialized files (Serialized files now loaded: 0)
Unloading 7444 unused Assets / (9.1 MB). Loaded Objects now: 8442.
Memory consumption went from 206.4 MB to 197.2 MB.
Total: 12.066900 ms (FindLiveObjects: 0.829500 ms CreateObjectMapping: 0.977200 ms MarkObjects: 5.225400 ms  DeleteObjects: 5.034000 ms)

Prepare: number of updated asset objects reloaded= 0
========================================================================
Received Import Request.
  Time since last request: 3436.576354 seconds.
  path: Assets/Plugins/LogitechG29/Sample/Input/InputController.inputactions
  artifactKey: Guid(9d6d511a87663dc4e873f2b8f1c619db) Importer(815301076,1909f56bfc062723c751e8b465ee728b)
Start importing Assets/Plugins/LogitechG29/Sample/Input/InputController.inputactions using Guid(9d6d511a87663dc4e873f2b8f1c619db) Importer(815301076,1909f56bfc062723c751e8b465ee728b) (PreviewImporter) -> (artifact id: 'a804f2cbe55770beafff39c536b708cc') in 0.4303922 seconds
Number of updated asset objects reloaded before import = 0Number of asset objects unloaded after import = 36

========================================================================
Received Prepare
Begin MonoManager ReloadAssembly
- Loaded All Assemblies, in  0.751 seconds
Refreshing native plugins compatible for Editor in 9.96 ms, found 12 plugins.
Native extension for iOS target not found
Native extension for Android target not found
Native extension for UWP target not found
Native extension for WindowsStandalone target not found
[Package Manager] Failed to launch server process. Reason: Unity was launched with the -noUpm command-line argument
[Package Manager] Unable to send message (not connected to server process).
[Package Manager] Cannot connect to Unity Package Manager local server
[Package Manager] Failed to launch server process. Reason: Unity was launched with the -noUpm command-line argument
[Package Manager] Unable to send message (not connected to server process).
[Package Manager] Cannot connect to Unity Package Manager local server
Mono: successfully reloaded assembly
[Package Manager] Failed to launch server process. Reason: Unity was launched with the -noUpm command-line argument
[Package Manager] Unable to send message (not connected to server process).
[Package Manager] Cannot connect to Unity Package Manager local server
- Finished resetting the current domain, in  0.795 seconds
Domain Reload Profiling: 1550ms
	BeginReloadAssembly (223ms)
		ExecutionOrderSort (0ms)
		DisableScriptedObjects (5ms)
		BackupInstance (0ms)
		ReleaseScriptingObjects (0ms)
		CreateAndSetChildDomain (58ms)
	RebuildCommonClasses (28ms)
	RebuildNativeTypeToScriptingClass (10ms)
	initialDomainReloadingComplete (22ms)
	LoadAllAssembliesAndSetupDomain (472ms)
		LoadAssemblies (389ms)
		RebuildTransferFunctionScriptingTraits (0ms)
		AnalyzeDomain (190ms)
			TypeCache.Refresh (9ms)
				TypeCache.ScanAssembly (1ms)
			BuildScriptInfoCaches (163ms)
			ResolveRequiredComponents (13ms)
	FinalizeReload (796ms)
		ReleaseScriptCaches (0ms)
		RebuildScriptCaches (0ms)
		SetupLoadedEditorAssemblies (638ms)
			LogAssemblyErrors (0ms)
			InitializePlatformSupportModulesInManaged (13ms)
			SetLoadedEditorAssemblies (4ms)
			BeforeProcessingInitializeOnLoad (109ms)
			ProcessInitializeOnLoadAttributes (385ms)
			ProcessInitializeOnLoadMethodAttributes (124ms)
			AfterProcessingInitializeOnLoad (2ms)
			EditorAssembliesLoaded (0ms)
		ExecutionOrderSort2 (0ms)
		AwakeInstancesAfterBackupRestoration (14ms)
Refreshing native plugins compatible for Editor in 12.68 ms, found 12 plugins.
Preloading 0 native plugins for Editor in 0.00 ms.
Unloading 37 Unused Serialized files (Serialized files now loaded: 0)
Unloading 7508 unused Assets / (9.6 MB). Loaded Objects now: 8458.
Memory consumption went from 252.4 MB to 242.8 MB.
Total: 11.416000 ms (FindLiveObjects: 0.868600 ms CreateObjectMapping: 0.978000 ms MarkObjects: 5.002200 ms  DeleteObjects: 4.566500 ms)

Prepare: number of updated asset objects reloaded= 0
========================================================================
Received Prepare
Begin MonoManager ReloadAssembly
- Loaded All Assemblies, in  0.707 seconds
Refreshing native plugins compatible for Editor in 10.12 ms, found 12 plugins.
Native extension for iOS target not found
Native extension for Android target not found
Native extension for UWP target not found
Native extension for WindowsStandalone target not found
[Package Manager] Failed to launch server process. Reason: Unity was launched with the -noUpm command-line argument
[Package Manager] Unable to send message (not connected to server process).
[Package Manager] Cannot connect to Unity Package Manager local server
[Package Manager] Failed to launch server process. Reason: Unity was launched with the -noUpm command-line argument
[Package Manager] Unable to send message (not connected to server process).
[Package Manager] Cannot connect to Unity Package Manager local server
Mono: successfully reloaded assembly
[Package Manager] Failed to launch server process. Reason: Unity was launched with the -noUpm command-line argument
[Package Manager] Unable to send message (not connected to server process).
[Package Manager] Cannot connect to Unity Package Manager local server
- Finished resetting the current domain, in  0.794 seconds
Domain Reload Profiling: 1504ms
	BeginReloadAssembly (205ms)
		ExecutionOrderSort (0ms)
		DisableScriptedObjects (6ms)
		BackupInstance (0ms)
		ReleaseScriptingObjects (0ms)
		CreateAndSetChildDomain (53ms)
	RebuildCommonClasses (30ms)
	RebuildNativeTypeToScriptingClass (11ms)
	initialDomainReloadingComplete (22ms)
	LoadAllAssembliesAndSetupDomain (443ms)
		LoadAssemblies (355ms)
		RebuildTransferFunctionScriptingTraits (0ms)
		AnalyzeDomain (186ms)
			TypeCache.Refresh (8ms)
				TypeCache.ScanAssembly (0ms)
			BuildScriptInfoCaches (162ms)
			ResolveRequiredComponents (12ms)
	FinalizeReload (794ms)
		ReleaseScriptCaches (0ms)
		RebuildScriptCaches (0ms)
		SetupLoadedEditorAssemblies (638ms)
			LogAssemblyErrors (0ms)
			InitializePlatformSupportModulesInManaged (13ms)
			SetLoadedEditorAssemblies (4ms)
			BeforeProcessingInitializeOnLoad (98ms)
			ProcessInitializeOnLoadAttributes (394ms)
			ProcessInitializeOnLoadMethodAttributes (126ms)
			AfterProcessingInitializeOnLoad (3ms)
			EditorAssembliesLoaded (1ms)
		ExecutionOrderSort2 (0ms)
		AwakeInstancesAfterBackupRestoration (15ms)
Refreshing native plugins compatible for Editor in 9.46 ms, found 12 plugins.
Preloading 0 native plugins for Editor in 0.00 ms.
Unloading 37 Unused Serialized files (Serialized files now loaded: 0)
Unloading 7508 unused Assets / (9.6 MB). Loaded Objects now: 8461.
Memory consumption went from 252.5 MB to 242.9 MB.
Total: 14.219200 ms (FindLiveObjects: 1.048500 ms CreateObjectMapping: 1.197600 ms MarkObjects: 6.089900 ms  DeleteObjects: 5.881900 ms)

Prepare: number of updated asset objects reloaded= 0
========================================================================
Received Prepare
Begin MonoManager ReloadAssembly
- Loaded All Assemblies, in  0.692 seconds
Refreshing native plugins compatible for Editor in 10.99 ms, found 12 plugins.
Native extension for iOS target not found
Native extension for Android target not found
Native extension for UWP target not found
Native extension for WindowsStandalone target not found
[Package Manager] Failed to launch server process. Reason: Unity was launched with the -noUpm command-line argument
[Package Manager] Unable to send message (not connected to server process).
[Package Manager] Cannot connect to Unity Package Manager local server
[Package Manager] Failed to launch server process. Reason: Unity was launched with the -noUpm command-line argument
[Package Manager] Unable to send message (not connected to server process).
[Package Manager] Cannot connect to Unity Package Manager local server
Mono: successfully reloaded assembly
[Package Manager] Failed to launch server process. Reason: Unity was launched with the -noUpm command-line argument
[Package Manager] Unable to send message (not connected to server process).
[Package Manager] Cannot connect to Unity Package Manager local server
- Finished resetting the current domain, in  0.824 seconds
Domain Reload Profiling: 1519ms
	BeginReloadAssembly (207ms)
		ExecutionOrderSort (0ms)
		DisableScriptedObjects (6ms)
		BackupInstance (0ms)
		ReleaseScriptingObjects (0ms)
		CreateAndSetChildDomain (54ms)
	RebuildCommonClasses (28ms)
	RebuildNativeTypeToScriptingClass (10ms)
	initialDomainReloadingComplete (21ms)
	LoadAllAssembliesAndSetupDomain (427ms)
		LoadAssemblies (348ms)
		RebuildTransferFunctionScriptingTraits (0ms)
		AnalyzeDomain (176ms)
			TypeCache.Refresh (6ms)
				TypeCache.ScanAssembly (0ms)
			BuildScriptInfoCaches (154ms)
			ResolveRequiredComponents (12ms)
	FinalizeReload (824ms)
		ReleaseScriptCaches (0ms)
		RebuildScriptCaches (0ms)
		SetupLoadedEditorAssemblies (645ms)
			LogAssemblyErrors (0ms)
			InitializePlatformSupportModulesInManaged (13ms)
			SetLoadedEditorAssemblies (4ms)
			BeforeProcessingInitializeOnLoad (102ms)
			ProcessInitializeOnLoadAttributes (411ms)
			ProcessInitializeOnLoadMethodAttributes (113ms)
			AfterProcessingInitializeOnLoad (2ms)
			EditorAssembliesLoaded (0ms)
		ExecutionOrderSort2 (0ms)
		AwakeInstancesAfterBackupRestoration (12ms)
Refreshing native plugins compatible for Editor in 14.53 ms, found 12 plugins.
Preloading 0 native plugins for Editor in 0.00 ms.
Unloading 37 Unused Serialized files (Serialized files now loaded: 0)
Unloading 7508 unused Assets / (10.1 MB). Loaded Objects now: 8464.
Memory consumption went from 252.5 MB to 242.4 MB.
Total: 12.574900 ms (FindLiveObjects: 1.119800 ms CreateObjectMapping: 1.103000 ms MarkObjects: 5.145500 ms  DeleteObjects: 5.205500 ms)

Prepare: number of updated asset objects reloaded= 0
========================================================================
Received Prepare
Refreshing native plugins compatible for Editor in 11.61 ms, found 12 plugins.
Preloading 0 native plugins for Editor in 0.00 ms.
Unloading 37 Unused Serialized files (Serialized files now loaded: 0)
Unloading 7444 unused Assets / (8.4 MB). Loaded Objects now: 8452.
Memory consumption went from 206.5 MB to 198.1 MB.
Total: 16.009200 ms (FindLiveObjects: 0.934100 ms CreateObjectMapping: 1.166400 ms MarkObjects: 7.135200 ms  DeleteObjects: 6.772500 ms)

Prepare: number of updated asset objects reloaded= 0
========================================================================
Received Prepare
Begin MonoManager ReloadAssembly
- Loaded All Assemblies, in  0.745 seconds
Refreshing native plugins compatible for Editor in 8.92 ms, found 12 plugins.
Native extension for iOS target not found
Native extension for Android target not found
Native extension for UWP target not found
Native extension for WindowsStandalone target not found
[Package Manager] Failed to launch server process. Reason: Unity was launched with the -noUpm command-line argument
[Package Manager] Unable to send message (not connected to server process).
[Package Manager] Cannot connect to Unity Package Manager local server
[Package Manager] Failed to launch server process. Reason: Unity was launched with the -noUpm command-line argument
[Package Manager] Unable to send message (not connected to server process).
[Package Manager] Cannot connect to Unity Package Manager local server
Mono: successfully reloaded assembly
[Package Manager] Failed to launch server process. Reason: Unity was launched with the -noUpm command-line argument
[Package Manager] Unable to send message (not connected to server process).
[Package Manager] Cannot connect to Unity Package Manager local server
- Finished resetting the current domain, in  0.805 seconds
Domain Reload Profiling: 1553ms
	BeginReloadAssembly (230ms)
		ExecutionOrderSort (0ms)
		DisableScriptedObjects (5ms)
		BackupInstance (0ms)
		ReleaseScriptingObjects (0ms)
		CreateAndSetChildDomain (59ms)
	RebuildCommonClasses (34ms)
	RebuildNativeTypeToScriptingClass (14ms)
	initialDomainReloadingComplete (22ms)
	LoadAllAssembliesAndSetupDomain (448ms)
		LoadAssemblies (371ms)
		RebuildTransferFunctionScriptingTraits (0ms)
		AnalyzeDomain (181ms)
			TypeCache.Refresh (10ms)
				TypeCache.ScanAssembly (1ms)
			BuildScriptInfoCaches (156ms)
			ResolveRequiredComponents (12ms)
	FinalizeReload (805ms)
		ReleaseScriptCaches (0ms)
		RebuildScriptCaches (0ms)
		SetupLoadedEditorAssemblies (643ms)
			LogAssemblyErrors (0ms)
			InitializePlatformSupportModulesInManaged (13ms)
			SetLoadedEditorAssemblies (4ms)
			BeforeProcessingInitializeOnLoad (102ms)
			ProcessInitializeOnLoadAttributes (392ms)
			ProcessInitializeOnLoadMethodAttributes (130ms)
			AfterProcessingInitializeOnLoad (2ms)
			EditorAssembliesLoaded (0ms)
		ExecutionOrderSort2 (0ms)
		AwakeInstancesAfterBackupRestoration (15ms)
Refreshing native plugins compatible for Editor in 9.68 ms, found 12 plugins.
Preloading 0 native plugins for Editor in 0.00 ms.
Unloading 37 Unused Serialized files (Serialized files now loaded: 0)
Unloading 7508 unused Assets / (9.8 MB). Loaded Objects now: 8467.
Memory consumption went from 252.5 MB to 242.8 MB.
Total: 12.581800 ms (FindLiveObjects: 0.812500 ms CreateObjectMapping: 0.920600 ms MarkObjects: 5.724900 ms  DeleteObjects: 5.122800 ms)

Prepare: number of updated asset objects reloaded= 0
========================================================================
Received Prepare
Begin MonoManager ReloadAssembly
- Loaded All Assemblies, in  0.709 seconds
Refreshing native plugins compatible for Editor in 9.30 ms, found 12 plugins.
Native extension for iOS target not found
Native extension for Android target not found
Native extension for UWP target not found
Native extension for WindowsStandalone target not found
[Package Manager] Failed to launch server process. Reason: Unity was launched with the -noUpm command-line argument
[Package Manager] Unable to send message (not connected to server process).
[Package Manager] Cannot connect to Unity Package Manager local server
[Package Manager] Failed to launch server process. Reason: Unity was launched with the -noUpm command-line argument
[Package Manager] Unable to send message (not connected to server process).
[Package Manager] Cannot connect to Unity Package Manager local server
Mono: successfully reloaded assembly
[Package Manager] Failed to launch server process. Reason: Unity was launched with the -noUpm command-line argument
[Package Manager] Unable to send message (not connected to server process).
[Package Manager] Cannot connect to Unity Package Manager local server
- Finished resetting the current domain, in  0.771 seconds
Domain Reload Profiling: 1484ms
	BeginReloadAssembly (200ms)
		ExecutionOrderSort (0ms)
		DisableScriptedObjects (5ms)
		BackupInstance (0ms)
		ReleaseScriptingObjects (0ms)
		CreateAndSetChildDomain (48ms)
	RebuildCommonClasses (28ms)
	RebuildNativeTypeToScriptingClass (11ms)
	initialDomainReloadingComplete (23ms)
	LoadAllAssembliesAndSetupDomain (451ms)
		LoadAssemblies (363ms)
		RebuildTransferFunctionScriptingTraits (0ms)
		AnalyzeDomain (186ms)
			TypeCache.Refresh (10ms)
				TypeCache.ScanAssembly (1ms)
			BuildScriptInfoCaches (159ms)
			ResolveRequiredComponents (12ms)
	FinalizeReload (771ms)
		ReleaseScriptCaches (0ms)
		RebuildScriptCaches (0ms)
		SetupLoadedEditorAssemblies (626ms)
			LogAssemblyErrors (0ms)
			InitializePlatformSupportModulesInManaged (13ms)
			SetLoadedEditorAssemblies (4ms)
			BeforeProcessingInitializeOnLoad (99ms)
			ProcessInitializeOnLoadAttributes (380ms)
			ProcessInitializeOnLoadMethodAttributes (127ms)
			AfterProcessingInitializeOnLoad (2ms)
			EditorAssembliesLoaded (0ms)
		ExecutionOrderSort2 (0ms)
		AwakeInstancesAfterBackupRestoration (11ms)
Refreshing native plugins compatible for Editor in 9.70 ms, found 12 plugins.
Preloading 0 native plugins for Editor in 0.00 ms.
Unloading 37 Unused Serialized files (Serialized files now loaded: 0)
Unloading 7508 unused Assets / (9.8 MB). Loaded Objects now: 8470.
Memory consumption went from 252.6 MB to 242.8 MB.
Total: 12.730400 ms (FindLiveObjects: 0.879200 ms CreateObjectMapping: 1.096000 ms MarkObjects: 5.230000 ms  DeleteObjects: 5.524100 ms)

Prepare: number of updated asset objects reloaded= 0
========================================================================
Received Prepare
Begin MonoManager ReloadAssembly
- Loaded All Assemblies, in  0.737 seconds
Refreshing native plugins compatible for Editor in 9.04 ms, found 12 plugins.
Native extension for iOS target not found
Native extension for Android target not found
Native extension for UWP target not found
Native extension for WindowsStandalone target not found
[Package Manager] Failed to launch server process. Reason: Unity was launched with the -noUpm command-line argument
[Package Manager] Unable to send message (not connected to server process).
[Package Manager] Cannot connect to Unity Package Manager local server
[Package Manager] Failed to launch server process. Reason: Unity was launched with the -noUpm command-line argument
[Package Manager] Unable to send message (not connected to server process).
[Package Manager] Cannot connect to Unity Package Manager local server
Mono: successfully reloaded assembly
[Package Manager] Failed to launch server process. Reason: Unity was launched with the -noUpm command-line argument
[Package Manager] Unable to send message (not connected to server process).
[Package Manager] Cannot connect to Unity Package Manager local server
- Finished resetting the current domain, in  0.837 seconds
Domain Reload Profiling: 1577ms
	BeginReloadAssembly (212ms)
		ExecutionOrderSort (0ms)
		DisableScriptedObjects (6ms)
		BackupInstance (0ms)
		ReleaseScriptingObjects (0ms)
		CreateAndSetChildDomain (52ms)
	RebuildCommonClasses (30ms)
	RebuildNativeTypeToScriptingClass (12ms)
	initialDomainReloadingComplete (24ms)
	LoadAllAssembliesAndSetupDomain (462ms)
		LoadAssemblies (373ms)
		RebuildTransferFunctionScriptingTraits (0ms)
		AnalyzeDomain (193ms)
			TypeCache.Refresh (7ms)
				TypeCache.ScanAssembly (0ms)
			BuildScriptInfoCaches (171ms)
			ResolveRequiredComponents (12ms)
	FinalizeReload (837ms)
		ReleaseScriptCaches (0ms)
		RebuildScriptCaches (0ms)
		SetupLoadedEditorAssemblies (696ms)
			LogAssemblyErrors (0ms)
			InitializePlatformSupportModulesInManaged (14ms)
			SetLoadedEditorAssemblies (4ms)
			BeforeProcessingInitializeOnLoad (102ms)
			ProcessInitializeOnLoadAttributes (441ms)
			ProcessInitializeOnLoadMethodAttributes (132ms)
			AfterProcessingInitializeOnLoad (2ms)
			EditorAssembliesLoaded (0ms)
		ExecutionOrderSort2 (0ms)
		AwakeInstancesAfterBackupRestoration (10ms)
Refreshing native plugins compatible for Editor in 12.57 ms, found 12 plugins.
Preloading 0 native plugins for Editor in 0.00 ms.
Unloading 37 Unused Serialized files (Serialized files now loaded: 0)
Unloading 7508 unused Assets / (10.1 MB). Loaded Objects now: 8473.
Memory consumption went from 252.6 MB to 242.5 MB.
Total: 17.859300 ms (FindLiveObjects: 1.271100 ms CreateObjectMapping: 1.548900 ms MarkObjects: 7.595000 ms  DeleteObjects: 7.443600 ms)

Prepare: number of updated asset objects reloaded= 0
========================================================================
Received Prepare
Refreshing native plugins compatible for Editor in 30.49 ms, found 12 plugins.
Preloading 0 native plugins for Editor in 0.00 ms.
Unloading 37 Unused Serialized files (Serialized files now loaded: 0)
Unloading 7444 unused Assets / (8.7 MB). Loaded Objects now: 8461.
Memory consumption went from 206.6 MB to 197.9 MB.
Total: 15.655800 ms (FindLiveObjects: 1.141100 ms CreateObjectMapping: 1.438000 ms MarkObjects: 7.041300 ms  DeleteObjects: 6.034400 ms)

Prepare: number of updated asset objects reloaded= 0
========================================================================
Received Prepare
Begin MonoManager ReloadAssembly
- Loaded All Assemblies, in  0.727 seconds
Refreshing native plugins compatible for Editor in 8.98 ms, found 12 plugins.
Native extension for iOS target not found
Native extension for Android target not found
Native extension for UWP target not found
Native extension for WindowsStandalone target not found
[Package Manager] Failed to launch server process. Reason: Unity was launched with the -noUpm command-line argument
[Package Manager] Unable to send message (not connected to server process).
[Package Manager] Cannot connect to Unity Package Manager local server
[Package Manager] Failed to launch server process. Reason: Unity was launched with the -noUpm command-line argument
[Package Manager] Unable to send message (not connected to server process).
[Package Manager] Cannot connect to Unity Package Manager local server
Mono: successfully reloaded assembly
[Package Manager] Failed to launch server process. Reason: Unity was launched with the -noUpm command-line argument
[Package Manager] Unable to send message (not connected to server process).
[Package Manager] Cannot connect to Unity Package Manager local server
- Finished resetting the current domain, in  0.815 seconds
Domain Reload Profiling: 1547ms
	BeginReloadAssembly (205ms)
		ExecutionOrderSort (0ms)
		DisableScriptedObjects (6ms)
		BackupInstance (0ms)
		ReleaseScriptingObjects (0ms)
		CreateAndSetChildDomain (48ms)
	RebuildCommonClasses (31ms)
	RebuildNativeTypeToScriptingClass (11ms)
	initialDomainReloadingComplete (24ms)
	LoadAllAssembliesAndSetupDomain (461ms)
		LoadAssemblies (371ms)
		RebuildTransferFunctionScriptingTraits (0ms)
		AnalyzeDomain (191ms)
			TypeCache.Refresh (10ms)
				TypeCache.ScanAssembly (1ms)
			BuildScriptInfoCaches (161ms)
			ResolveRequiredComponents (15ms)
	FinalizeReload (815ms)
		ReleaseScriptCaches (0ms)
		RebuildScriptCaches (0ms)
		SetupLoadedEditorAssemblies (671ms)
			LogAssemblyErrors (0ms)
			InitializePlatformSupportModulesInManaged (15ms)
			SetLoadedEditorAssemblies (3ms)
			BeforeProcessingInitializeOnLoad (105ms)
			ProcessInitializeOnLoadAttributes (428ms)
			ProcessInitializeOnLoadMethodAttributes (117ms)
			AfterProcessingInitializeOnLoad (2ms)
			EditorAssembliesLoaded (0ms)
		ExecutionOrderSort2 (0ms)
		AwakeInstancesAfterBackupRestoration (11ms)
Refreshing native plugins compatible for Editor in 9.28 ms, found 12 plugins.
Preloading 0 native plugins for Editor in 0.00 ms.
Unloading 37 Unused Serialized files (Serialized files now loaded: 0)
Unloading 7508 unused Assets / (9.7 MB). Loaded Objects now: 8476.
Memory consumption went from 252.7 MB to 243.0 MB.
Total: 11.865000 ms (FindLiveObjects: 0.871500 ms CreateObjectMapping: 1.100900 ms MarkObjects: 5.247300 ms  DeleteObjects: 4.644600 ms)

Prepare: number of updated asset objects reloaded= 0
========================================================================
Received Prepare
Refreshing native plugins compatible for Editor in 10.95 ms, found 12 plugins.
Preloading 0 native plugins for Editor in 0.00 ms.
Unloading 37 Unused Serialized files (Serialized files now loaded: 0)
Unloading 7444 unused Assets / (8.6 MB). Loaded Objects now: 8464.
Memory consumption went from 206.6 MB to 198.1 MB.
Total: 34.851800 ms (FindLiveObjects: 1.431300 ms CreateObjectMapping: 1.956400 ms MarkObjects: 24.733100 ms  DeleteObjects: 6.729500 ms)

Prepare: number of updated asset objects reloaded= 0
========================================================================
Received Prepare
Begin MonoManager ReloadAssembly
- Loaded All Assemblies, in  0.708 seconds
Refreshing native plugins compatible for Editor in 8.68 ms, found 12 plugins.
Native extension for iOS target not found
Native extension for Android target not found
Native extension for UWP target not found
Native extension for WindowsStandalone target not found
[Package Manager] Failed to launch server process. Reason: Unity was launched with the -noUpm command-line argument
[Package Manager] Unable to send message (not connected to server process).
[Package Manager] Cannot connect to Unity Package Manager local server
[Package Manager] Failed to launch server process. Reason: Unity was launched with the -noUpm command-line argument
[Package Manager] Unable to send message (not connected to server process).
[Package Manager] Cannot connect to Unity Package Manager local server
Mono: successfully reloaded assembly
[Package Manager] Failed to launch server process. Reason: Unity was launched with the -noUpm command-line argument
[Package Manager] Unable to send message (not connected to server process).
[Package Manager] Cannot connect to Unity Package Manager local server
- Finished resetting the current domain, in  0.792 seconds
Domain Reload Profiling: 1504ms
	BeginReloadAssembly (205ms)
		ExecutionOrderSort (0ms)
		DisableScriptedObjects (6ms)
		BackupInstance (0ms)
		ReleaseScriptingObjects (0ms)
		CreateAndSetChildDomain (49ms)
	RebuildCommonClasses (30ms)
	RebuildNativeTypeToScriptingClass (11ms)
	initialDomainReloadingComplete (22ms)
	LoadAllAssembliesAndSetupDomain (443ms)
		LoadAssemblies (362ms)
		RebuildTransferFunctionScriptingTraits (0ms)
		AnalyzeDomain (184ms)
			TypeCache.Refresh (11ms)
				TypeCache.ScanAssembly (1ms)
			BuildScriptInfoCaches (157ms)
			ResolveRequiredComponents (12ms)
	FinalizeReload (793ms)
		ReleaseScriptCaches (0ms)
		RebuildScriptCaches (0ms)
		SetupLoadedEditorAssemblies (641ms)
			LogAssemblyErrors (0ms)
			InitializePlatformSupportModulesInManaged (13ms)
			SetLoadedEditorAssemblies (4ms)
			BeforeProcessingInitializeOnLoad (104ms)
			ProcessInitializeOnLoadAttributes (393ms)
			ProcessInitializeOnLoadMethodAttributes (124ms)
			AfterProcessingInitializeOnLoad (2ms)
			EditorAssembliesLoaded (0ms)
		ExecutionOrderSort2 (0ms)
		AwakeInstancesAfterBackupRestoration (11ms)
Refreshing native plugins compatible for Editor in 9.25 ms, found 12 plugins.
Preloading 0 native plugins for Editor in 0.00 ms.
Unloading 37 Unused Serialized files (Serialized files now loaded: 0)
Unloading 7508 unused Assets / (10.4 MB). Loaded Objects now: 8479.
Memory consumption went from 252.7 MB to 242.3 MB.
Total: 12.721700 ms (FindLiveObjects: 0.842800 ms CreateObjectMapping: 1.016500 ms MarkObjects: 5.060400 ms  DeleteObjects: 5.800700 ms)

Prepare: number of updated asset objects reloaded= 0
========================================================================
Received Prepare
Begin MonoManager ReloadAssembly
- Loaded All Assemblies, in  0.709 seconds
Refreshing native plugins compatible for Editor in 9.33 ms, found 12 plugins.
Native extension for iOS target not found
Native extension for Android target not found
Native extension for UWP target not found
Native extension for WindowsStandalone target not found
[Package Manager] Failed to launch server process. Reason: Unity was launched with the -noUpm command-line argument
[Package Manager] Unable to send message (not connected to server process).
[Package Manager] Cannot connect to Unity Package Manager local server
[Package Manager] Failed to launch server process. Reason: Unity was launched with the -noUpm command-line argument
[Package Manager] Unable to send message (not connected to server process).
[Package Manager] Cannot connect to Unity Package Manager local server
Mono: successfully reloaded assembly
[Package Manager] Failed to launch server process. Reason: Unity was launched with the -noUpm command-line argument
[Package Manager] Unable to send message (not connected to server process).
[Package Manager] Cannot connect to Unity Package Manager local server
- Finished resetting the current domain, in  0.774 seconds
Domain Reload Profiling: 1486ms
	BeginReloadAssembly (201ms)
		ExecutionOrderSort (0ms)
		DisableScriptedObjects (6ms)
		BackupInstance (0ms)
		ReleaseScriptingObjects (0ms)
		CreateAndSetChildDomain (45ms)
	RebuildCommonClasses (28ms)
	RebuildNativeTypeToScriptingClass (10ms)
	initialDomainReloadingComplete (22ms)
	LoadAllAssembliesAndSetupDomain (451ms)
		LoadAssemblies (362ms)
		RebuildTransferFunctionScriptingTraits (0ms)
		AnalyzeDomain (190ms)
			TypeCache.Refresh (7ms)
				TypeCache.ScanAssembly (0ms)
			BuildScriptInfoCaches (163ms)
			ResolveRequiredComponents (16ms)
	FinalizeReload (774ms)
		ReleaseScriptCaches (0ms)
		RebuildScriptCaches (0ms)
		SetupLoadedEditorAssemblies (631ms)
			LogAssemblyErrors (0ms)
			InitializePlatformSupportModulesInManaged (13ms)
			SetLoadedEditorAssemblies (4ms)
			BeforeProcessingInitializeOnLoad (99ms)
			ProcessInitializeOnLoadAttributes (391ms)
			ProcessInitializeOnLoadMethodAttributes (122ms)
			AfterProcessingInitializeOnLoad (2ms)
			EditorAssembliesLoaded (0ms)
		ExecutionOrderSort2 (0ms)
		AwakeInstancesAfterBackupRestoration (11ms)
Refreshing native plugins compatible for Editor in 9.31 ms, found 12 plugins.
Preloading 0 native plugins for Editor in 0.00 ms.
Unloading 37 Unused Serialized files (Serialized files now loaded: 0)
Unloading 7508 unused Assets / (9.9 MB). Loaded Objects now: 8482.
Memory consumption went from 252.7 MB to 242.8 MB.
Total: 13.345600 ms (FindLiveObjects: 0.890800 ms CreateObjectMapping: 1.044200 ms MarkObjects: 5.588700 ms  DeleteObjects: 5.820900 ms)

Prepare: number of updated asset objects reloaded= 0
========================================================================
Received Prepare
Refreshing native plugins compatible for Editor in 9.39 ms, found 12 plugins.
Preloading 0 native plugins for Editor in 0.00 ms.
Unloading 37 Unused Serialized files (Serialized files now loaded: 0)
Unloading 7444 unused Assets / (9.1 MB). Loaded Objects now: 8470.
Memory consumption went from 206.7 MB to 197.7 MB.
Total: 13.052500 ms (FindLiveObjects: 1.000400 ms CreateObjectMapping: 1.077800 ms MarkObjects: 5.212000 ms  DeleteObjects: 5.761500 ms)

Prepare: number of updated asset objects reloaded= 0
========================================================================
Received Prepare
Begin MonoManager ReloadAssembly
- Loaded All Assemblies, in  0.726 seconds
Refreshing native plugins compatible for Editor in 10.27 ms, found 12 plugins.
Native extension for iOS target not found
Native extension for Android target not found
Native extension for UWP target not found
Native extension for WindowsStandalone target not found
[Package Manager] Failed to launch server process. Reason: Unity was launched with the -noUpm command-line argument
[Package Manager] Unable to send message (not connected to server process).
[Package Manager] Cannot connect to Unity Package Manager local server
[Package Manager] Failed to launch server process. Reason: Unity was launched with the -noUpm command-line argument
[Package Manager] Unable to send message (not connected to server process).
[Package Manager] Cannot connect to Unity Package Manager local server
Mono: successfully reloaded assembly
[Package Manager] Failed to launch server process. Reason: Unity was launched with the -noUpm command-line argument
[Package Manager] Unable to send message (not connected to server process).
[Package Manager] Cannot connect to Unity Package Manager local server
- Finished resetting the current domain, in  0.788 seconds
Domain Reload Profiling: 1519ms
	BeginReloadAssembly (202ms)
		ExecutionOrderSort (0ms)
		DisableScriptedObjects (5ms)
		BackupInstance (0ms)
		ReleaseScriptingObjects (0ms)
		CreateAndSetChildDomain (46ms)
	RebuildCommonClasses (32ms)
	RebuildNativeTypeToScriptingClass (11ms)
	initialDomainReloadingComplete (23ms)
	LoadAllAssembliesAndSetupDomain (462ms)
		LoadAssemblies (366ms)
		RebuildTransferFunctionScriptingTraits (0ms)
		AnalyzeDomain (196ms)
			TypeCache.Refresh (11ms)
				TypeCache.ScanAssembly (1ms)
			BuildScriptInfoCaches (167ms)
			ResolveRequiredComponents (12ms)
	FinalizeReload (789ms)
		ReleaseScriptCaches (0ms)
		RebuildScriptCaches (0ms)
		SetupLoadedEditorAssemblies (637ms)
			LogAssemblyErrors (0ms)
			InitializePlatformSupportModulesInManaged (15ms)
			SetLoadedEditorAssemblies (6ms)
			BeforeProcessingInitializeOnLoad (108ms)
			ProcessInitializeOnLoadAttributes (385ms)
			ProcessInitializeOnLoadMethodAttributes (120ms)
			AfterProcessingInitializeOnLoad (2ms)
			EditorAssembliesLoaded (0ms)
		ExecutionOrderSort2 (0ms)
		AwakeInstancesAfterBackupRestoration (12ms)
Refreshing native plugins compatible for Editor in 12.77 ms, found 12 plugins.
Preloading 0 native plugins for Editor in 0.00 ms.
Unloading 37 Unused Serialized files (Serialized files now loaded: 0)
Unloading 7508 unused Assets / (9.9 MB). Loaded Objects now: 8485.
Memory consumption went from 252.8 MB to 242.9 MB.
Total: 13.660400 ms (FindLiveObjects: 1.423400 ms CreateObjectMapping: 1.625800 ms MarkObjects: 5.365400 ms  DeleteObjects: 5.244700 ms)

Prepare: number of updated asset objects reloaded= 0
========================================================================
Received Prepare
Begin MonoManager ReloadAssembly
- Loaded All Assemblies, in  0.729 seconds
Refreshing native plugins compatible for Editor in 10.01 ms, found 12 plugins.
Native extension for iOS target not found
Native extension for Android target not found
Native extension for UWP target not found
Native extension for WindowsStandalone target not found
[Package Manager] Failed to launch server process. Reason: Unity was launched with the -noUpm command-line argument
[Package Manager] Unable to send message (not connected to server process).
[Package Manager] Cannot connect to Unity Package Manager local server
[Package Manager] Failed to launch server process. Reason: Unity was launched with the -noUpm command-line argument
[Package Manager] Unable to send message (not connected to server process).
[Package Manager] Cannot connect to Unity Package Manager local server
Mono: successfully reloaded assembly
[Package Manager] Failed to launch server process. Reason: Unity was launched with the -noUpm command-line argument
[Package Manager] Unable to send message (not connected to server process).
[Package Manager] Cannot connect to Unity Package Manager local server
- Finished resetting the current domain, in  0.767 seconds
Domain Reload Profiling: 1499ms
	BeginReloadAssembly (213ms)
		ExecutionOrderSort (0ms)
		DisableScriptedObjects (6ms)
		BackupInstance (0ms)
		ReleaseScriptingObjects (0ms)
		CreateAndSetChildDomain (48ms)
	RebuildCommonClasses (29ms)
	RebuildNativeTypeToScriptingClass (17ms)
	initialDomainReloadingComplete (22ms)
	LoadAllAssembliesAndSetupDomain (450ms)
		LoadAssemblies (359ms)
		RebuildTransferFunctionScriptingTraits (0ms)
		AnalyzeDomain (200ms)
			TypeCache.Refresh (7ms)
				TypeCache.ScanAssembly (0ms)
			BuildScriptInfoCaches (176ms)
			ResolveRequiredComponents (13ms)
	FinalizeReload (768ms)
		ReleaseScriptCaches (0ms)
		RebuildScriptCaches (0ms)
		SetupLoadedEditorAssemblies (628ms)
			LogAssemblyErrors (0ms)
			InitializePlatformSupportModulesInManaged (15ms)
			SetLoadedEditorAssemblies (4ms)
			BeforeProcessingInitializeOnLoad (100ms)
			ProcessInitializeOnLoadAttributes (380ms)
			ProcessInitializeOnLoadMethodAttributes (127ms)
			AfterProcessingInitializeOnLoad (2ms)
			EditorAssembliesLoaded (0ms)
		ExecutionOrderSort2 (0ms)
		AwakeInstancesAfterBackupRestoration (11ms)
Refreshing native plugins compatible for Editor in 9.98 ms, found 12 plugins.
Preloading 0 native plugins for Editor in 0.00 ms.
Unloading 37 Unused Serialized files (Serialized files now loaded: 0)
Unloading 7508 unused Assets / (9.8 MB). Loaded Objects now: 8488.
Memory consumption went from 252.8 MB to 243.0 MB.
Total: 13.652700 ms (FindLiveObjects: 0.915500 ms CreateObjectMapping: 1.062100 ms MarkObjects: 5.978300 ms  DeleteObjects: 5.695900 ms)

Prepare: number of updated asset objects reloaded= 0
========================================================================
Received Prepare
Refreshing native plugins compatible for Editor in 10.73 ms, found 12 plugins.
Preloading 0 native plugins for Editor in 0.00 ms.
Unloading 37 Unused Serialized files (Serialized files now loaded: 0)
Unloading 7444 unused Assets / (8.1 MB). Loaded Objects now: 8476.
Memory consumption went from 206.8 MB to 198.7 MB.
Total: 12.554900 ms (FindLiveObjects: 0.882500 ms CreateObjectMapping: 0.982000 ms MarkObjects: 5.836600 ms  DeleteObjects: 4.853100 ms)

Prepare: number of updated asset objects reloaded= 0
========================================================================
Received Prepare
Begin MonoManager ReloadAssembly
- Loaded All Assemblies, in  0.743 seconds
Refreshing native plugins compatible for Editor in 10.39 ms, found 12 plugins.
Native extension for iOS target not found
Native extension for Android target not found
Native extension for UWP target not found
Native extension for WindowsStandalone target not found
[Package Manager] Failed to launch server process. Reason: Unity was launched with the -noUpm command-line argument
[Package Manager] Unable to send message (not connected to server process).
[Package Manager] Cannot connect to Unity Package Manager local server
[Package Manager] Failed to launch server process. Reason: Unity was launched with the -noUpm command-line argument
[Package Manager] Unable to send message (not connected to server process).
[Package Manager] Cannot connect to Unity Package Manager local server
Mono: successfully reloaded assembly
[Package Manager] Failed to launch server process. Reason: Unity was launched with the -noUpm command-line argument
[Package Manager] Unable to send message (not connected to server process).
[Package Manager] Cannot connect to Unity Package Manager local server
- Finished resetting the current domain, in  0.817 seconds
Domain Reload Profiling: 1563ms
	BeginReloadAssembly (213ms)
		ExecutionOrderSort (0ms)
		DisableScriptedObjects (5ms)
		BackupInstance (0ms)
		ReleaseScriptingObjects (0ms)
		CreateAndSetChildDomain (47ms)
	RebuildCommonClasses (33ms)
	RebuildNativeTypeToScriptingClass (11ms)
	initialDomainReloadingComplete (23ms)
	LoadAllAssembliesAndSetupDomain (467ms)
		LoadAssemblies (378ms)
		RebuildTransferFunctionScriptingTraits (0ms)
		AnalyzeDomain (200ms)
			TypeCache.Refresh (11ms)
				TypeCache.ScanAssembly (1ms)
			BuildScriptInfoCaches (169ms)
			ResolveRequiredComponents (16ms)
	FinalizeReload (817ms)
		ReleaseScriptCaches (0ms)
		RebuildScriptCaches (0ms)
		SetupLoadedEditorAssemblies (665ms)
			LogAssemblyErrors (0ms)
			InitializePlatformSupportModulesInManaged (17ms)
			SetLoadedEditorAssemblies (4ms)
			BeforeProcessingInitializeOnLoad (104ms)
			ProcessInitializeOnLoadAttributes (405ms)
			ProcessInitializeOnLoadMethodAttributes (132ms)
			AfterProcessingInitializeOnLoad (2ms)
			EditorAssembliesLoaded (0ms)
		ExecutionOrderSort2 (0ms)
		AwakeInstancesAfterBackupRestoration (12ms)
Refreshing native plugins compatible for Editor in 9.09 ms, found 12 plugins.
Preloading 0 native plugins for Editor in 0.00 ms.
Unloading 37 Unused Serialized files (Serialized files now loaded: 0)
Unloading 7508 unused Assets / (9.6 MB). Loaded Objects now: 8491.
Memory consumption went from 252.8 MB to 243.2 MB.
Total: 10.987500 ms (FindLiveObjects: 0.844700 ms CreateObjectMapping: 0.930800 ms MarkObjects: 4.611300 ms  DeleteObjects: 4.599700 ms)

Prepare: number of updated asset objects reloaded= 0
========================================================================
Received Prepare
Refreshing native plugins compatible for Editor in 10.95 ms, found 12 plugins.
Preloading 0 native plugins for Editor in 0.00 ms.
Unloading 37 Unused Serialized files (Serialized files now loaded: 0)
Unloading 7444 unused Assets / (8.7 MB). Loaded Objects now: 8479.
Memory consumption went from 206.8 MB to 198.1 MB.
Total: 13.090800 ms (FindLiveObjects: 1.245500 ms CreateObjectMapping: 1.076400 ms MarkObjects: 5.986900 ms  DeleteObjects: 4.780900 ms)

Prepare: number of updated asset objects reloaded= 0
========================================================================
Received Prepare
Begin MonoManager ReloadAssembly
- Loaded All Assemblies, in  0.723 seconds
Refreshing native plugins compatible for Editor in 8.82 ms, found 12 plugins.
Native extension for iOS target not found
Native extension for Android target not found
Native extension for UWP target not found
Native extension for WindowsStandalone target not found
[Package Manager] Failed to launch server process. Reason: Unity was launched with the -noUpm command-line argument
[Package Manager] Unable to send message (not connected to server process).
[Package Manager] Cannot connect to Unity Package Manager local server
[Package Manager] Failed to launch server process. Reason: Unity was launched with the -noUpm command-line argument
[Package Manager] Unable to send message (not connected to server process).
[Package Manager] Cannot connect to Unity Package Manager local server
Mono: successfully reloaded assembly
[Package Manager] Failed to launch server process. Reason: Unity was launched with the -noUpm command-line argument
[Package Manager] Unable to send message (not connected to server process).
[Package Manager] Cannot connect to Unity Package Manager local server
- Finished resetting the current domain, in  0.806 seconds
Domain Reload Profiling: 1532ms
	BeginReloadAssembly (203ms)
		ExecutionOrderSort (0ms)
		DisableScriptedObjects (6ms)
		BackupInstance (0ms)
		ReleaseScriptingObjects (0ms)
		CreateAndSetChildDomain (48ms)
	RebuildCommonClasses (35ms)
	RebuildNativeTypeToScriptingClass (11ms)
	initialDomainReloadingComplete (23ms)
	LoadAllAssembliesAndSetupDomain (454ms)
		LoadAssemblies (358ms)
		RebuildTransferFunctionScriptingTraits (0ms)
		AnalyzeDomain (192ms)
			TypeCache.Refresh (10ms)
				TypeCache.ScanAssembly (1ms)
			BuildScriptInfoCaches (163ms)
			ResolveRequiredComponents (15ms)
	FinalizeReload (806ms)
		ReleaseScriptCaches (0ms)
		RebuildScriptCaches (0ms)
		SetupLoadedEditorAssemblies (657ms)
			LogAssemblyErrors (0ms)
			InitializePlatformSupportModulesInManaged (13ms)
			SetLoadedEditorAssemblies (5ms)
			BeforeProcessingInitializeOnLoad (103ms)
			ProcessInitializeOnLoadAttributes (403ms)
			ProcessInitializeOnLoadMethodAttributes (131ms)
			AfterProcessingInitializeOnLoad (2ms)
			EditorAssembliesLoaded (0ms)
		ExecutionOrderSort2 (0ms)
		AwakeInstancesAfterBackupRestoration (15ms)
Refreshing native plugins compatible for Editor in 8.83 ms, found 12 plugins.
Preloading 0 native plugins for Editor in 0.00 ms.
Unloading 37 Unused Serialized files (Serialized files now loaded: 0)
Unloading 7508 unused Assets / (9.5 MB). Loaded Objects now: 8494.
Memory consumption went from 252.9 MB to 243.4 MB.
Total: 10.999000 ms (FindLiveObjects: 0.821300 ms CreateObjectMapping: 0.924600 ms MarkObjects: 4.737600 ms  DeleteObjects: 4.514600 ms)

Prepare: number of updated asset objects reloaded= 0
========================================================================
Received Prepare
Begin MonoManager ReloadAssembly
- Loaded All Assemblies, in  0.707 seconds
Refreshing native plugins compatible for Editor in 12.09 ms, found 12 plugins.
Native extension for iOS target not found
Native extension for Android target not found
Native extension for UWP target not found
Native extension for WindowsStandalone target not found
[Package Manager] Failed to launch server process. Reason: Unity was launched with the -noUpm command-line argument
[Package Manager] Unable to send message (not connected to server process).
[Package Manager] Cannot connect to Unity Package Manager local server
[Package Manager] Failed to launch server process. Reason: Unity was launched with the -noUpm command-line argument
[Package Manager] Unable to send message (not connected to server process).
[Package Manager] Cannot connect to Unity Package Manager local server
Mono: successfully reloaded assembly
[Package Manager] Failed to launch server process. Reason: Unity was launched with the -noUpm command-line argument
[Package Manager] Unable to send message (not connected to server process).
[Package Manager] Cannot connect to Unity Package Manager local server
- Finished resetting the current domain, in  0.793 seconds
Domain Reload Profiling: 1504ms
	BeginReloadAssembly (205ms)
		ExecutionOrderSort (0ms)
		DisableScriptedObjects (6ms)
		BackupInstance (0ms)
		ReleaseScriptingObjects (0ms)
		CreateAndSetChildDomain (46ms)
	RebuildCommonClasses (31ms)
	RebuildNativeTypeToScriptingClass (11ms)
	initialDomainReloadingComplete (23ms)
	LoadAllAssembliesAndSetupDomain (441ms)
		LoadAssemblies (364ms)
		RebuildTransferFunctionScriptingTraits (0ms)
		AnalyzeDomain (181ms)
			TypeCache.Refresh (7ms)
				TypeCache.ScanAssembly (0ms)
			BuildScriptInfoCaches (157ms)
			ResolveRequiredComponents (12ms)
	FinalizeReload (794ms)
		ReleaseScriptCaches (0ms)
		RebuildScriptCaches (0ms)
		SetupLoadedEditorAssemblies (652ms)
			LogAssemblyErrors (0ms)
			InitializePlatformSupportModulesInManaged (13ms)
			SetLoadedEditorAssemblies (4ms)
			BeforeProcessingInitializeOnLoad (104ms)
			ProcessInitializeOnLoadAttributes (394ms)
			ProcessInitializeOnLoadMethodAttributes (134ms)
			AfterProcessingInitializeOnLoad (3ms)
			EditorAssembliesLoaded (0ms)
		ExecutionOrderSort2 (0ms)
		AwakeInstancesAfterBackupRestoration (10ms)
Refreshing native plugins compatible for Editor in 11.85 ms, found 12 plugins.
Preloading 0 native plugins for Editor in 0.00 ms.
Unloading 37 Unused Serialized files (Serialized files now loaded: 0)
Unloading 7508 unused Assets / (9.4 MB). Loaded Objects now: 8497.
Memory consumption went from 252.9 MB to 243.5 MB.
Total: 11.919500 ms (FindLiveObjects: 1.052800 ms CreateObjectMapping: 1.119700 ms MarkObjects: 4.971800 ms  DeleteObjects: 4.774500 ms)

Prepare: number of updated asset objects reloaded= 0
========================================================================
Received Prepare
Begin MonoManager ReloadAssembly
- Loaded All Assemblies, in  0.700 seconds
Refreshing native plugins compatible for Editor in 8.54 ms, found 12 plugins.
Native extension for iOS target not found
Native extension for Android target not found
Native extension for UWP target not found
Native extension for WindowsStandalone target not found
[Package Manager] Failed to launch server process. Reason: Unity was launched with the -noUpm command-line argument
[Package Manager] Unable to send message (not connected to server process).
[Package Manager] Cannot connect to Unity Package Manager local server
[Package Manager] Failed to launch server process. Reason: Unity was launched with the -noUpm command-line argument
[Package Manager] Unable to send message (not connected to server process).
[Package Manager] Cannot connect to Unity Package Manager local server
Mono: successfully reloaded assembly
[Package Manager] Failed to launch server process. Reason: Unity was launched with the -noUpm command-line argument
[Package Manager] Unable to send message (not connected to server process).
[Package Manager] Cannot connect to Unity Package Manager local server
- Finished resetting the current domain, in  0.793 seconds
Domain Reload Profiling: 1496ms
	BeginReloadAssembly (211ms)
		ExecutionOrderSort (0ms)
		DisableScriptedObjects (6ms)
		BackupInstance (0ms)
		ReleaseScriptingObjects (0ms)
		CreateAndSetChildDomain (49ms)
	RebuildCommonClasses (28ms)
	RebuildNativeTypeToScriptingClass (10ms)
	initialDomainReloadingComplete (22ms)
	LoadAllAssembliesAndSetupDomain (432ms)
		LoadAssemblies (354ms)
		RebuildTransferFunctionScriptingTraits (0ms)
		AnalyzeDomain (179ms)
			TypeCache.Refresh (7ms)
				TypeCache.ScanAssembly (0ms)
			BuildScriptInfoCaches (156ms)
			ResolveRequiredComponents (13ms)
	FinalizeReload (793ms)
		ReleaseScriptCaches (0ms)
		RebuildScriptCaches (0ms)
		SetupLoadedEditorAssemblies (647ms)
			LogAssemblyErrors (0ms)
			InitializePlatformSupportModulesInManaged (13ms)
			SetLoadedEditorAssemblies (4ms)
			BeforeProcessingInitializeOnLoad (99ms)
			ProcessInitializeOnLoadAttributes (403ms)
			ProcessInitializeOnLoadMethodAttributes (126ms)
			AfterProcessingInitializeOnLoad (2ms)
			EditorAssembliesLoaded (0ms)
		ExecutionOrderSort2 (0ms)
		AwakeInstancesAfterBackupRestoration (10ms)
Refreshing native plugins compatible for Editor in 9.53 ms, found 12 plugins.
Preloading 0 native plugins for Editor in 0.00 ms.
Unloading 37 Unused Serialized files (Serialized files now loaded: 0)
Unloading 7508 unused Assets / (9.7 MB). Loaded Objects now: 8500.
Memory consumption went from 252.9 MB to 243.3 MB.
Total: 12.491300 ms (FindLiveObjects: 0.835100 ms CreateObjectMapping: 1.227700 ms MarkObjects: 5.600400 ms  DeleteObjects: 4.827300 ms)

Prepare: number of updated asset objects reloaded= 0
========================================================================
Received Prepare
Refreshing native plugins compatible for Editor in 23.40 ms, found 12 plugins.
Preloading 0 native plugins for Editor in 0.00 ms.
Unloading 37 Unused Serialized files (Serialized files now loaded: 0)
Unloading 7444 unused Assets / (8.5 MB). Loaded Objects now: 8488.
Memory consumption went from 206.9 MB to 198.4 MB.
Total: 13.543700 ms (FindLiveObjects: 0.925600 ms CreateObjectMapping: 1.000600 ms MarkObjects: 6.191400 ms  DeleteObjects: 5.424800 ms)

Prepare: number of updated asset objects reloaded= 0
========================================================================
Received Prepare
Begin MonoManager ReloadAssembly
- Loaded All Assemblies, in  0.722 seconds
Refreshing native plugins compatible for Editor in 8.63 ms, found 12 plugins.
Native extension for iOS target not found
Native extension for Android target not found
Native extension for UWP target not found
Native extension for WindowsStandalone target not found
[Package Manager] Failed to launch server process. Reason: Unity was launched with the -noUpm command-line argument
[Package Manager] Unable to send message (not connected to server process).
[Package Manager] Cannot connect to Unity Package Manager local server
[Package Manager] Failed to launch server process. Reason: Unity was launched with the -noUpm command-line argument
[Package Manager] Unable to send message (not connected to server process).
[Package Manager] Cannot connect to Unity Package Manager local server
Mono: successfully reloaded assembly
[Package Manager] Failed to launch server process. Reason: Unity was launched with the -noUpm command-line argument
[Package Manager] Unable to send message (not connected to server process).
[Package Manager] Cannot connect to Unity Package Manager local server
- Finished resetting the current domain, in  0.797 seconds
Domain Reload Profiling: 1522ms
	BeginReloadAssembly (205ms)
		ExecutionOrderSort (0ms)
		DisableScriptedObjects (5ms)
		BackupInstance (0ms)
		ReleaseScriptingObjects (0ms)
		CreateAndSetChildDomain (49ms)
	RebuildCommonClasses (30ms)
	RebuildNativeTypeToScriptingClass (12ms)
	initialDomainReloadingComplete (24ms)
	LoadAllAssembliesAndSetupDomain (455ms)
		LoadAssemblies (372ms)
		RebuildTransferFunctionScriptingTraits (0ms)
		AnalyzeDomain (184ms)
			TypeCache.Refresh (11ms)
				TypeCache.ScanAssembly (1ms)
			BuildScriptInfoCaches (157ms)
			ResolveRequiredComponents (12ms)
	FinalizeReload (797ms)
		ReleaseScriptCaches (0ms)
		RebuildScriptCaches (0ms)
		SetupLoadedEditorAssemblies (650ms)
			LogAssemblyErrors (0ms)
			InitializePlatformSupportModulesInManaged (13ms)
			SetLoadedEditorAssemblies (4ms)
			BeforeProcessingInitializeOnLoad (101ms)
			ProcessInitializeOnLoadAttributes (409ms)
			ProcessInitializeOnLoadMethodAttributes (120ms)
			AfterProcessingInitializeOnLoad (3ms)
			EditorAssembliesLoaded (0ms)
		ExecutionOrderSort2 (0ms)
		AwakeInstancesAfterBackupRestoration (11ms)
Refreshing native plugins compatible for Editor in 8.52 ms, found 12 plugins.
Preloading 0 native plugins for Editor in 0.00 ms.
Unloading 37 Unused Serialized files (Serialized files now loaded: 0)
Unloading 7508 unused Assets / (9.7 MB). Loaded Objects now: 8503.
Memory consumption went from 253.0 MB to 243.3 MB.
Total: 10.933500 ms (FindLiveObjects: 0.832000 ms CreateObjectMapping: 0.905200 ms MarkObjects: 4.732300 ms  DeleteObjects: 4.463100 ms)

Prepare: number of updated asset objects reloaded= 0
========================================================================
Received Prepare
Begin MonoManager ReloadAssembly
- Loaded All Assemblies, in  0.686 seconds
Refreshing native plugins compatible for Editor in 9.33 ms, found 12 plugins.
Native extension for iOS target not found
Native extension for Android target not found
Native extension for UWP target not found
Native extension for WindowsStandalone target not found
[Package Manager] Failed to launch server process. Reason: Unity was launched with the -noUpm command-line argument
[Package Manager] Unable to send message (not connected to server process).
[Package Manager] Cannot connect to Unity Package Manager local server
[Package Manager] Failed to launch server process. Reason: Unity was launched with the -noUpm command-line argument
[Package Manager] Unable to send message (not connected to server process).
[Package Manager] Cannot connect to Unity Package Manager local server
Mono: successfully reloaded assembly
[Package Manager] Failed to launch server process. Reason: Unity was launched with the -noUpm command-line argument
[Package Manager] Unable to send message (not connected to server process).
[Package Manager] Cannot connect to Unity Package Manager local server
- Finished resetting the current domain, in  0.798 seconds
Domain Reload Profiling: 1487ms
	BeginReloadAssembly (200ms)
		ExecutionOrderSort (0ms)
		DisableScriptedObjects (6ms)
		BackupInstance (0ms)
		ReleaseScriptingObjects (0ms)
		CreateAndSetChildDomain (46ms)
	RebuildCommonClasses (28ms)
	RebuildNativeTypeToScriptingClass (11ms)
	initialDomainReloadingComplete (25ms)
	LoadAllAssembliesAndSetupDomain (425ms)
		LoadAssemblies (348ms)
		RebuildTransferFunctionScriptingTraits (0ms)
		AnalyzeDomain (176ms)
			TypeCache.Refresh (8ms)
				TypeCache.ScanAssembly (0ms)
			BuildScriptInfoCaches (152ms)
			ResolveRequiredComponents (12ms)
	FinalizeReload (799ms)
		ReleaseScriptCaches (0ms)
		RebuildScriptCaches (0ms)
		SetupLoadedEditorAssemblies (647ms)
			LogAssemblyErrors (0ms)
			InitializePlatformSupportModulesInManaged (14ms)
			SetLoadedEditorAssemblies (4ms)
			BeforeProcessingInitializeOnLoad (102ms)
			ProcessInitializeOnLoadAttributes (387ms)
			ProcessInitializeOnLoadMethodAttributes (137ms)
			AfterProcessingInitializeOnLoad (3ms)
			EditorAssembliesLoaded (0ms)
		ExecutionOrderSort2 (0ms)
		AwakeInstancesAfterBackupRestoration (12ms)
Refreshing native plugins compatible for Editor in 10.73 ms, found 12 plugins.
Preloading 0 native plugins for Editor in 0.00 ms.
Unloading 37 Unused Serialized files (Serialized files now loaded: 0)
Unloading 7508 unused Assets / (9.7 MB). Loaded Objects now: 8506.
Memory consumption went from 253.0 MB to 243.3 MB.
Total: 11.223800 ms (FindLiveObjects: 0.839800 ms CreateObjectMapping: 0.968000 ms MarkObjects: 4.877500 ms  DeleteObjects: 4.537900 ms)

Prepare: number of updated asset objects reloaded= 0
========================================================================
Received Prepare
Refreshing native plugins compatible for Editor in 31.90 ms, found 12 plugins.
Preloading 0 native plugins for Editor in 0.00 ms.
Unloading 37 Unused Serialized files (Serialized files now loaded: 0)
Unloading 7444 unused Assets / (9.0 MB). Loaded Objects now: 8494.
Memory consumption went from 207.0 MB to 198.0 MB.
Total: 16.632000 ms (FindLiveObjects: 1.219200 ms CreateObjectMapping: 1.625600 ms MarkObjects: 6.886100 ms  DeleteObjects: 6.899900 ms)

Prepare: number of updated asset objects reloaded= 0
========================================================================
Received Prepare
Begin MonoManager ReloadAssembly
- Loaded All Assemblies, in  0.751 seconds
Refreshing native plugins compatible for Editor in 9.77 ms, found 12 plugins.
Native extension for iOS target not found
Native extension for Android target not found
Native extension for UWP target not found
Native extension for WindowsStandalone target not found
[Package Manager] Failed to launch server process. Reason: Unity was launched with the -noUpm command-line argument
[Package Manager] Unable to send message (not connected to server process).
[Package Manager] Cannot connect to Unity Package Manager local server
[Package Manager] Failed to launch server process. Reason: Unity was launched with the -noUpm command-line argument
[Package Manager] Unable to send message (not connected to server process).
[Package Manager] Cannot connect to Unity Package Manager local server
Mono: successfully reloaded assembly
[Package Manager] Failed to launch server process. Reason: Unity was launched with the -noUpm command-line argument
[Package Manager] Unable to send message (not connected to server process).
[Package Manager] Cannot connect to Unity Package Manager local server
- Finished resetting the current domain, in  0.801 seconds
Domain Reload Profiling: 1556ms
	BeginReloadAssembly (223ms)
		ExecutionOrderSort (0ms)
		DisableScriptedObjects (6ms)
		BackupInstance (0ms)
		ReleaseScriptingObjects (0ms)
		CreateAndSetChildDomain (49ms)
	RebuildCommonClasses (43ms)
	RebuildNativeTypeToScriptingClass (11ms)
	initialDomainReloadingComplete (23ms)
	LoadAllAssembliesAndSetupDomain (454ms)
		LoadAssemblies (383ms)
		RebuildTransferFunctionScriptingTraits (0ms)
		AnalyzeDomain (190ms)
			TypeCache.Refresh (10ms)
				TypeCache.ScanAssembly (1ms)
			BuildScriptInfoCaches (163ms)
			ResolveRequiredComponents (13ms)
	FinalizeReload (802ms)
		ReleaseScriptCaches (0ms)
		RebuildScriptCaches (0ms)
		SetupLoadedEditorAssemblies (657ms)
			LogAssemblyErrors (0ms)
			InitializePlatformSupportModulesInManaged (14ms)
			SetLoadedEditorAssemblies (4ms)
			BeforeProcessingInitializeOnLoad (105ms)
			ProcessInitializeOnLoadAttributes (416ms)
			ProcessInitializeOnLoadMethodAttributes (116ms)
			AfterProcessingInitializeOnLoad (2ms)
			EditorAssembliesLoaded (0ms)
		ExecutionOrderSort2 (0ms)
		AwakeInstancesAfterBackupRestoration (10ms)
Refreshing native plugins compatible for Editor in 8.71 ms, found 12 plugins.
Preloading 0 native plugins for Editor in 0.00 ms.
Unloading 37 Unused Serialized files (Serialized files now loaded: 0)
Unloading 7508 unused Assets / (9.8 MB). Loaded Objects now: 8509.
Memory consumption went from 253.0 MB to 243.3 MB.
Total: 11.153200 ms (FindLiveObjects: 0.861200 ms CreateObjectMapping: 0.907700 ms MarkObjects: 4.740400 ms  DeleteObjects: 4.643200 ms)

Prepare: number of updated asset objects reloaded= 0
========================================================================
Received Prepare
Begin MonoManager ReloadAssembly
- Loaded All Assemblies, in  0.716 seconds
Refreshing native plugins compatible for Editor in 9.43 ms, found 12 plugins.
Native extension for iOS target not found
Native extension for Android target not found
Native extension for UWP target not found
Native extension for WindowsStandalone target not found
[Package Manager] Failed to launch server process. Reason: Unity was launched with the -noUpm command-line argument
[Package Manager] Unable to send message (not connected to server process).
[Package Manager] Cannot connect to Unity Package Manager local server
[Package Manager] Failed to launch server process. Reason: Unity was launched with the -noUpm command-line argument
[Package Manager] Unable to send message (not connected to server process).
[Package Manager] Cannot connect to Unity Package Manager local server
Mono: successfully reloaded assembly
[Package Manager] Failed to launch server process. Reason: Unity was launched with the -noUpm command-line argument
[Package Manager] Unable to send message (not connected to server process).
[Package Manager] Cannot connect to Unity Package Manager local server
- Finished resetting the current domain, in  0.807 seconds
Domain Reload Profiling: 1526ms
	BeginReloadAssembly (202ms)
		ExecutionOrderSort (0ms)
		DisableScriptedObjects (5ms)
		BackupInstance (0ms)
		ReleaseScriptingObjects (0ms)
		CreateAndSetChildDomain (47ms)
	RebuildCommonClasses (28ms)
	RebuildNativeTypeToScriptingClass (10ms)
	initialDomainReloadingComplete (22ms)
	LoadAllAssembliesAndSetupDomain (455ms)
		LoadAssemblies (369ms)
		RebuildTransferFunctionScriptingTraits (0ms)
		AnalyzeDomain (186ms)
			TypeCache.Refresh (7ms)
				TypeCache.ScanAssembly (0ms)
			BuildScriptInfoCaches (160ms)
			ResolveRequiredComponents (14ms)
	FinalizeReload (807ms)
		ReleaseScriptCaches (0ms)
		RebuildScriptCaches (0ms)
		SetupLoadedEditorAssemblies (648ms)
			LogAssemblyErrors (0ms)
			InitializePlatformSupportModulesInManaged (13ms)
			SetLoadedEditorAssemblies (4ms)
			BeforeProcessingInitializeOnLoad (98ms)
			ProcessInitializeOnLoadAttributes (385ms)
			ProcessInitializeOnLoadMethodAttributes (143ms)
			AfterProcessingInitializeOnLoad (3ms)
			EditorAssembliesLoaded (1ms)
		ExecutionOrderSort2 (0ms)
		AwakeInstancesAfterBackupRestoration (16ms)
Refreshing native plugins compatible for Editor in 9.19 ms, found 12 plugins.
Preloading 0 native plugins for Editor in 0.00 ms.
Unloading 37 Unused Serialized files (Serialized files now loaded: 0)
Unloading 7508 unused Assets / (9.7 MB). Loaded Objects now: 8512.
Memory consumption went from 253.1 MB to 243.4 MB.
Total: 11.452500 ms (FindLiveObjects: 0.828200 ms CreateObjectMapping: 0.930600 ms MarkObjects: 5.012100 ms  DeleteObjects: 4.680800 ms)

Prepare: number of updated asset objects reloaded= 0
========================================================================
Received Prepare
Refreshing native plugins compatible for Editor in 31.79 ms, found 12 plugins.
Preloading 0 native plugins for Editor in 0.00 ms.
Unloading 37 Unused Serialized files (Serialized files now loaded: 0)
Unloading 7444 unused Assets / (9.0 MB). Loaded Objects now: 8500.
Memory consumption went from 207.1 MB to 198.0 MB.
Total: 28.087900 ms (FindLiveObjects: 2.075500 ms CreateObjectMapping: 1.814000 ms MarkObjects: 16.994000 ms  DeleteObjects: 7.202700 ms)

Prepare: number of updated asset objects reloaded= 0
========================================================================
Received Prepare
Begin MonoManager ReloadAssembly
- Loaded All Assemblies, in  0.747 seconds
Refreshing native plugins compatible for Editor in 10.66 ms, found 12 plugins.
Native extension for iOS target not found
Native extension for Android target not found
Native extension for UWP target not found
Native extension for WindowsStandalone target not found
[Package Manager] Failed to launch server process. Reason: Unity was launched with the -noUpm command-line argument
[Package Manager] Unable to send message (not connected to server process).
[Package Manager] Cannot connect to Unity Package Manager local server
[Package Manager] Failed to launch server process. Reason: Unity was launched with the -noUpm command-line argument
[Package Manager] Unable to send message (not connected to server process).
[Package Manager] Cannot connect to Unity Package Manager local server
Mono: successfully reloaded assembly
[Package Manager] Failed to launch server process. Reason: Unity was launched with the -noUpm command-line argument
[Package Manager] Unable to send message (not connected to server process).
[Package Manager] Cannot connect to Unity Package Manager local server
- Finished resetting the current domain, in  0.820 seconds
Domain Reload Profiling: 1571ms
	BeginReloadAssembly (208ms)
		ExecutionOrderSort (0ms)
		DisableScriptedObjects (6ms)
		BackupInstance (0ms)
		ReleaseScriptingObjects (0ms)
		CreateAndSetChildDomain (54ms)
	RebuildCommonClasses (34ms)
	RebuildNativeTypeToScriptingClass (11ms)
	initialDomainReloadingComplete (27ms)
	LoadAllAssembliesAndSetupDomain (469ms)
		LoadAssemblies (352ms)
		RebuildTransferFunctionScriptingTraits (0ms)
		AnalyzeDomain (210ms)
			TypeCache.Refresh (13ms)
				TypeCache.ScanAssembly (1ms)
			BuildScriptInfoCaches (179ms)
			ResolveRequiredComponents (13ms)
	FinalizeReload (821ms)
		ReleaseScriptCaches (0ms)
		RebuildScriptCaches (0ms)
		SetupLoadedEditorAssemblies (653ms)
			LogAssemblyErrors (0ms)
			InitializePlatformSupportModulesInManaged (17ms)
			SetLoadedEditorAssemblies (5ms)
			BeforeProcessingInitializeOnLoad (110ms)
			ProcessInitializeOnLoadAttributes (388ms)
			ProcessInitializeOnLoadMethodAttributes (132ms)
			AfterProcessingInitializeOnLoad (2ms)
			EditorAssembliesLoaded (0ms)
		ExecutionOrderSort2 (0ms)
		AwakeInstancesAfterBackupRestoration (11ms)
Refreshing native plugins compatible for Editor in 13.84 ms, found 12 plugins.
Preloading 0 native plugins for Editor in 0.00 ms.
Unloading 37 Unused Serialized files (Serialized files now loaded: 0)
Unloading 7508 unused Assets / (10.2 MB). Loaded Objects now: 8515.
Memory consumption went from 253.1 MB to 242.9 MB.
Total: 18.074500 ms (FindLiveObjects: 0.866000 ms CreateObjectMapping: 1.173500 ms MarkObjects: 7.691200 ms  DeleteObjects: 8.342300 ms)

Prepare: number of updated asset objects reloaded= 0
========================================================================
Received Prepare
Begin MonoManager ReloadAssembly
- Loaded All Assemblies, in  0.712 seconds
Refreshing native plugins compatible for Editor in 9.41 ms, found 12 plugins.
Native extension for iOS target not found
Native extension for Android target not found
Native extension for UWP target not found
Native extension for WindowsStandalone target not found
[Package Manager] Failed to launch server process. Reason: Unity was launched with the -noUpm command-line argument
[Package Manager] Unable to send message (not connected to server process).
[Package Manager] Cannot connect to Unity Package Manager local server
[Package Manager] Failed to launch server process. Reason: Unity was launched with the -noUpm command-line argument
[Package Manager] Unable to send message (not connected to server process).
[Package Manager] Cannot connect to Unity Package Manager local server
Mono: successfully reloaded assembly
[Package Manager] Failed to launch server process. Reason: Unity was launched with the -noUpm command-line argument
[Package Manager] Unable to send message (not connected to server process).
[Package Manager] Cannot connect to Unity Package Manager local server
- Finished resetting the current domain, in  0.801 seconds
Domain Reload Profiling: 1516ms
	BeginReloadAssembly (209ms)
		ExecutionOrderSort (0ms)
		DisableScriptedObjects (6ms)
		BackupInstance (0ms)
		ReleaseScriptingObjects (0ms)
		CreateAndSetChildDomain (47ms)
	RebuildCommonClasses (28ms)
	RebuildNativeTypeToScriptingClass (11ms)
	initialDomainReloadingComplete (23ms)
	LoadAllAssembliesAndSetupDomain (445ms)
		LoadAssemblies (369ms)
		RebuildTransferFunctionScriptingTraits (0ms)
		AnalyzeDomain (181ms)
			TypeCache.Refresh (7ms)
				TypeCache.ScanAssembly (0ms)
			BuildScriptInfoCaches (157ms)
			ResolveRequiredComponents (12ms)
	FinalizeReload (801ms)
		ReleaseScriptCaches (0ms)
		RebuildScriptCaches (0ms)
		SetupLoadedEditorAssemblies (646ms)
			LogAssemblyErrors (0ms)
			InitializePlatformSupportModulesInManaged (17ms)
			SetLoadedEditorAssemblies (5ms)
			BeforeProcessingInitializeOnLoad (110ms)
			ProcessInitializeOnLoadAttributes (378ms)
			ProcessInitializeOnLoadMethodAttributes (135ms)
			AfterProcessingInitializeOnLoad (2ms)
			EditorAssembliesLoaded (0ms)
		ExecutionOrderSort2 (0ms)
		AwakeInstancesAfterBackupRestoration (11ms)
Refreshing native plugins compatible for Editor in 9.80 ms, found 12 plugins.
Preloading 0 native plugins for Editor in 0.00 ms.
Unloading 37 Unused Serialized files (Serialized files now loaded: 0)
Unloading 7508 unused Assets / (9.9 MB). Loaded Objects now: 8518.
Memory consumption went from 253.1 MB to 243.3 MB.
Total: 11.787700 ms (FindLiveObjects: 0.857400 ms CreateObjectMapping: 0.972700 ms MarkObjects: 4.806500 ms  DeleteObjects: 5.150100 ms)

Prepare: number of updated asset objects reloaded= 0
========================================================================
Received Prepare
Refreshing native plugins compatible for Editor in 12.45 ms, found 12 plugins.
Preloading 0 native plugins for Editor in 0.00 ms.
Unloading 37 Unused Serialized files (Serialized files now loaded: 0)
Unloading 7444 unused Assets / (8.7 MB). Loaded Objects now: 8506.
Memory consumption went from 207.1 MB to 198.4 MB.
Total: 33.005200 ms (FindLiveObjects: 0.929900 ms CreateObjectMapping: 1.067000 ms MarkObjects: 24.143900 ms  DeleteObjects: 6.863000 ms)

Prepare: number of updated asset objects reloaded= 0
========================================================================
Received Prepare
Begin MonoManager ReloadAssembly
- Loaded All Assemblies, in  0.778 seconds
Refreshing native plugins compatible for Editor in 9.15 ms, found 12 plugins.
Native extension for iOS target not found
Native extension for Android target not found
Native extension for UWP target not found
Native extension for WindowsStandalone target not found
[Package Manager] Failed to launch server process. Reason: Unity was launched with the -noUpm command-line argument
[Package Manager] Unable to send message (not connected to server process).
[Package Manager] Cannot connect to Unity Package Manager local server
[Package Manager] Failed to launch server process. Reason: Unity was launched with the -noUpm command-line argument
[Package Manager] Unable to send message (not connected to server process).
[Package Manager] Cannot connect to Unity Package Manager local server
Mono: successfully reloaded assembly
[Package Manager] Failed to launch server process. Reason: Unity was launched with the -noUpm command-line argument
[Package Manager] Unable to send message (not connected to server process).
[Package Manager] Cannot connect to Unity Package Manager local server
- Finished resetting the current domain, in  0.783 seconds
Domain Reload Profiling: 1565ms
	BeginReloadAssembly (211ms)
		ExecutionOrderSort (0ms)
		DisableScriptedObjects (6ms)
		BackupInstance (0ms)
		ReleaseScriptingObjects (0ms)
		CreateAndSetChildDomain (51ms)
	RebuildCommonClasses (39ms)
	RebuildNativeTypeToScriptingClass (11ms)
	initialDomainReloadingComplete (23ms)
	LoadAllAssembliesAndSetupDomain (497ms)
		LoadAssemblies (390ms)
		RebuildTransferFunctionScriptingTraits (0ms)
		AnalyzeDomain (211ms)
			TypeCache.Refresh (11ms)
				TypeCache.ScanAssembly (1ms)
			BuildScriptInfoCaches (184ms)
			ResolveRequiredComponents (12ms)
	FinalizeReload (784ms)
		ReleaseScriptCaches (0ms)
		RebuildScriptCaches (0ms)
		SetupLoadedEditorAssemblies (637ms)
			LogAssemblyErrors (0ms)
			InitializePlatformSupportModulesInManaged (15ms)
			SetLoadedEditorAssemblies (3ms)
			BeforeProcessingInitializeOnLoad (99ms)
			ProcessInitializeOnLoadAttributes (384ms)
			ProcessInitializeOnLoadMethodAttributes (134ms)
			AfterProcessingInitializeOnLoad (2ms)
			EditorAssembliesLoaded (0ms)
		ExecutionOrderSort2 (0ms)
		AwakeInstancesAfterBackupRestoration (14ms)
Refreshing native plugins compatible for Editor in 12.74 ms, found 12 plugins.
Preloading 0 native plugins for Editor in 0.00 ms.
Unloading 37 Unused Serialized files (Serialized files now loaded: 0)
Unloading 7508 unused Assets / (9.6 MB). Loaded Objects now: 8521.
Memory consumption went from 253.2 MB to 243.6 MB.
Total: 16.562400 ms (FindLiveObjects: 1.106700 ms CreateObjectMapping: 1.468000 ms MarkObjects: 6.801900 ms  DeleteObjects: 7.184400 ms)

Prepare: number of updated asset objects reloaded= 0
========================================================================
Received Prepare
Begin MonoManager ReloadAssembly
- Loaded All Assemblies, in  0.711 seconds
Refreshing native plugins compatible for Editor in 9.18 ms, found 12 plugins.
Native extension for iOS target not found
Native extension for Android target not found
Native extension for UWP target not found
Native extension for WindowsStandalone target not found
[Package Manager] Failed to launch server process. Reason: Unity was launched with the -noUpm command-line argument
[Package Manager] Unable to send message (not connected to server process).
[Package Manager] Cannot connect to Unity Package Manager local server
[Package Manager] Failed to launch server process. Reason: Unity was launched with the -noUpm command-line argument
[Package Manager] Unable to send message (not connected to server process).
[Package Manager] Cannot connect to Unity Package Manager local server
Mono: successfully reloaded assembly
[Package Manager] Failed to launch server process. Reason: Unity was launched with the -noUpm command-line argument
[Package Manager] Unable to send message (not connected to server process).
[Package Manager] Cannot connect to Unity Package Manager local server
- Finished resetting the current domain, in  0.798 seconds
Domain Reload Profiling: 1513ms
	BeginReloadAssembly (209ms)
		ExecutionOrderSort (0ms)
		DisableScriptedObjects (6ms)
		BackupInstance (0ms)
		ReleaseScriptingObjects (0ms)
		CreateAndSetChildDomain (55ms)
	RebuildCommonClasses (28ms)
	RebuildNativeTypeToScriptingClass (10ms)
	initialDomainReloadingComplete (22ms)
	LoadAllAssembliesAndSetupDomain (445ms)
		LoadAssemblies (354ms)
		RebuildTransferFunctionScriptingTraits (0ms)
		AnalyzeDomain (190ms)
			TypeCache.Refresh (7ms)
				TypeCache.ScanAssembly (0ms)
			BuildScriptInfoCaches (167ms)
			ResolveRequiredComponents (12ms)
	FinalizeReload (799ms)
		ReleaseScriptCaches (0ms)
		RebuildScriptCaches (0ms)
		SetupLoadedEditorAssemblies (650ms)
			LogAssemblyErrors (0ms)
			InitializePlatformSupportModulesInManaged (13ms)
			SetLoadedEditorAssemblies (5ms)
			BeforeProcessingInitializeOnLoad (102ms)
			ProcessInitializeOnLoadAttributes (396ms)
			ProcessInitializeOnLoadMethodAttributes (132ms)
			AfterProcessingInitializeOnLoad (2ms)
			EditorAssembliesLoaded (0ms)
		ExecutionOrderSort2 (0ms)
		AwakeInstancesAfterBackupRestoration (12ms)
Refreshing native plugins compatible for Editor in 9.07 ms, found 12 plugins.
Preloading 0 native plugins for Editor in 0.00 ms.
Unloading 37 Unused Serialized files (Serialized files now loaded: 0)
Unloading 7508 unused Assets / (9.8 MB). Loaded Objects now: 8524.
Memory consumption went from 253.2 MB to 243.4 MB.
Total: 11.484600 ms (FindLiveObjects: 0.951600 ms CreateObjectMapping: 0.949300 ms MarkObjects: 4.867900 ms  DeleteObjects: 4.715000 ms)

Prepare: number of updated asset objects reloaded= 0
========================================================================
Received Prepare
Refreshing native plugins compatible for Editor in 10.52 ms, found 12 plugins.
Preloading 0 native plugins for Editor in 0.00 ms.
Unloading 37 Unused Serialized files (Serialized files now loaded: 0)
Unloading 7444 unused Assets / (8.6 MB). Loaded Objects now: 8512.
Memory consumption went from 207.2 MB to 198.6 MB.
Total: 16.354800 ms (FindLiveObjects: 0.883600 ms CreateObjectMapping: 1.121600 ms MarkObjects: 5.383300 ms  DeleteObjects: 8.965400 ms)

Prepare: number of updated asset objects reloaded= 0
========================================================================
Received Prepare
Begin MonoManager ReloadAssembly
- Loaded All Assemblies, in  0.747 seconds
Refreshing native plugins compatible for Editor in 11.10 ms, found 12 plugins.
Native extension for iOS target not found
Native extension for Android target not found
Native extension for UWP target not found
Native extension for WindowsStandalone target not found
[Package Manager] Failed to launch server process. Reason: Unity was launched with the -noUpm command-line argument
[Package Manager] Unable to send message (not connected to server process).
[Package Manager] Cannot connect to Unity Package Manager local server
[Package Manager] Failed to launch server process. Reason: Unity was launched with the -noUpm command-line argument
[Package Manager] Unable to send message (not connected to server process).
[Package Manager] Cannot connect to Unity Package Manager local server
Mono: successfully reloaded assembly
[Package Manager] Failed to launch server process. Reason: Unity was launched with the -noUpm command-line argument
[Package Manager] Unable to send message (not connected to server process).
[Package Manager] Cannot connect to Unity Package Manager local server
- Finished resetting the current domain, in  0.823 seconds
Domain Reload Profiling: 1574ms
	BeginReloadAssembly (209ms)
		ExecutionOrderSort (0ms)
		DisableScriptedObjects (6ms)
		BackupInstance (0ms)
		ReleaseScriptingObjects (0ms)
		CreateAndSetChildDomain (50ms)
	RebuildCommonClasses (32ms)
	RebuildNativeTypeToScriptingClass (11ms)
	initialDomainReloadingComplete (23ms)
	LoadAllAssembliesAndSetupDomain (475ms)
		LoadAssemblies (365ms)
		RebuildTransferFunctionScriptingTraits (0ms)
		AnalyzeDomain (213ms)
			TypeCache.Refresh (12ms)
				TypeCache.ScanAssembly (1ms)
			BuildScriptInfoCaches (185ms)
			ResolveRequiredComponents (12ms)
	FinalizeReload (824ms)
		ReleaseScriptCaches (0ms)
		RebuildScriptCaches (0ms)
		SetupLoadedEditorAssemblies (669ms)
			LogAssemblyErrors (0ms)
			InitializePlatformSupportModulesInManaged (14ms)
			SetLoadedEditorAssemblies (4ms)
			BeforeProcessingInitializeOnLoad (104ms)
			ProcessInitializeOnLoadAttributes (406ms)
			ProcessInitializeOnLoadMethodAttributes (138ms)
			AfterProcessingInitializeOnLoad (2ms)
			EditorAssembliesLoaded (0ms)
		ExecutionOrderSort2 (0ms)
		AwakeInstancesAfterBackupRestoration (11ms)
Refreshing native plugins compatible for Editor in 16.59 ms, found 12 plugins.
Preloading 0 native plugins for Editor in 0.00 ms.
Unloading 37 Unused Serialized files (Serialized files now loaded: 0)
Unloading 7508 unused Assets / (9.7 MB). Loaded Objects now: 8527.
Memory consumption went from 253.3 MB to 243.6 MB.
Total: 20.300300 ms (FindLiveObjects: 1.020300 ms CreateObjectMapping: 2.304900 ms MarkObjects: 8.853900 ms  DeleteObjects: 8.119500 ms)

Prepare: number of updated asset objects reloaded= 0
========================================================================
Received Prepare
Begin MonoManager ReloadAssembly
- Loaded All Assemblies, in  0.757 seconds
Refreshing native plugins compatible for Editor in 11.63 ms, found 12 plugins.
Native extension for iOS target not found
Native extension for Android target not found
Native extension for UWP target not found
Native extension for WindowsStandalone target not found
[Package Manager] Failed to launch server process. Reason: Unity was launched with the -noUpm command-line argument
[Package Manager] Unable to send message (not connected to server process).
[Package Manager] Cannot connect to Unity Package Manager local server
[Package Manager] Failed to launch server process. Reason: Unity was launched with the -noUpm command-line argument
[Package Manager] Unable to send message (not connected to server process).
[Package Manager] Cannot connect to Unity Package Manager local server
Mono: successfully reloaded assembly
[Package Manager] Failed to launch server process. Reason: Unity was launched with the -noUpm command-line argument
[Package Manager] Unable to send message (not connected to server process).
[Package Manager] Cannot connect to Unity Package Manager local server
- Finished resetting the current domain, in  0.789 seconds
Domain Reload Profiling: 1549ms
	BeginReloadAssembly (223ms)
		ExecutionOrderSort (0ms)
		DisableScriptedObjects (5ms)
		BackupInstance (0ms)
		ReleaseScriptingObjects (0ms)
		CreateAndSetChildDomain (50ms)
	RebuildCommonClasses (28ms)
	RebuildNativeTypeToScriptingClass (10ms)
	initialDomainReloadingComplete (22ms)
	LoadAllAssembliesAndSetupDomain (477ms)
		LoadAssemblies (374ms)
		RebuildTransferFunctionScriptingTraits (0ms)
		AnalyzeDomain (217ms)
			TypeCache.Refresh (7ms)
				TypeCache.ScanAssembly (0ms)
			BuildScriptInfoCaches (193ms)
			ResolveRequiredComponents (13ms)
	FinalizeReload (789ms)
		ReleaseScriptCaches (0ms)
		RebuildScriptCaches (0ms)
		SetupLoadedEditorAssemblies (637ms)
			LogAssemblyErrors (0ms)
			InitializePlatformSupportModulesInManaged (14ms)
			SetLoadedEditorAssemblies (4ms)
			BeforeProcessingInitializeOnLoad (102ms)
			ProcessInitializeOnLoadAttributes (388ms)
			ProcessInitializeOnLoadMethodAttributes (125ms)
			AfterProcessingInitializeOnLoad (3ms)
			EditorAssembliesLoaded (1ms)
		ExecutionOrderSort2 (0ms)
		AwakeInstancesAfterBackupRestoration (14ms)
Refreshing native plugins compatible for Editor in 10.04 ms, found 12 plugins.
Preloading 0 native plugins for Editor in 0.00 ms.
Unloading 37 Unused Serialized files (Serialized files now loaded: 0)
Unloading 7508 unused Assets / (10.8 MB). Loaded Objects now: 8530.
Memory consumption went from 253.3 MB to 242.5 MB.
Total: 12.885000 ms (FindLiveObjects: 0.919300 ms CreateObjectMapping: 1.225800 ms MarkObjects: 4.971200 ms  DeleteObjects: 5.767800 ms)

Prepare: number of updated asset objects reloaded= 0
========================================================================
Received Prepare
Refreshing native plugins compatible for Editor in 10.14 ms, found 12 plugins.
Preloading 0 native plugins for Editor in 0.00 ms.
Unloading 37 Unused Serialized files (Serialized files now loaded: 0)
Unloading 7444 unused Assets / (8.9 MB). Loaded Objects now: 8518.
Memory consumption went from 207.3 MB to 198.3 MB.
Total: 13.687600 ms (FindLiveObjects: 1.127700 ms CreateObjectMapping: 1.555400 ms MarkObjects: 6.018500 ms  DeleteObjects: 4.985300 ms)

Prepare: number of updated asset objects reloaded= 0
========================================================================
Received Prepare
Begin MonoManager ReloadAssembly
- Loaded All Assemblies, in  0.764 seconds
Refreshing native plugins compatible for Editor in 13.79 ms, found 12 plugins.
Native extension for iOS target not found
Native extension for Android target not found
Native extension for UWP target not found
Native extension for WindowsStandalone target not found
[Package Manager] Failed to launch server process. Reason: Unity was launched with the -noUpm command-line argument
[Package Manager] Unable to send message (not connected to server process).
[Package Manager] Cannot connect to Unity Package Manager local server
[Package Manager] Failed to launch server process. Reason: Unity was launched with the -noUpm command-line argument
[Package Manager] Unable to send message (not connected to server process).
[Package Manager] Cannot connect to Unity Package Manager local server
Mono: successfully reloaded assembly
[Package Manager] Failed to launch server process. Reason: Unity was launched with the -noUpm command-line argument
[Package Manager] Unable to send message (not connected to server process).
[Package Manager] Cannot connect to Unity Package Manager local server
- Finished resetting the current domain, in  0.841 seconds
Domain Reload Profiling: 1614ms
	BeginReloadAssembly (204ms)
		ExecutionOrderSort (0ms)
		DisableScriptedObjects (6ms)
		BackupInstance (0ms)
		ReleaseScriptingObjects (0ms)
		CreateAndSetChildDomain (51ms)
	RebuildCommonClasses (35ms)
	RebuildNativeTypeToScriptingClass (13ms)
	initialDomainReloadingComplete (24ms)
	LoadAllAssembliesAndSetupDomain (497ms)
		LoadAssemblies (362ms)
		RebuildTransferFunctionScriptingTraits (0ms)
		AnalyzeDomain (226ms)
			TypeCache.Refresh (14ms)
				TypeCache.ScanAssembly (1ms)
			BuildScriptInfoCaches (188ms)
			ResolveRequiredComponents (20ms)
	FinalizeReload (842ms)
		ReleaseScriptCaches (0ms)
		RebuildScriptCaches (0ms)
		SetupLoadedEditorAssemblies (685ms)
			LogAssemblyErrors (0ms)
			InitializePlatformSupportModulesInManaged (13ms)
			SetLoadedEditorAssemblies (4ms)
			BeforeProcessingInitializeOnLoad (107ms)
			ProcessInitializeOnLoadAttributes (412ms)
			ProcessInitializeOnLoadMethodAttributes (146ms)
			AfterProcessingInitializeOnLoad (2ms)
			EditorAssembliesLoaded (0ms)
		ExecutionOrderSort2 (0ms)
		AwakeInstancesAfterBackupRestoration (11ms)
Refreshing native plugins compatible for Editor in 10.80 ms, found 12 plugins.
Preloading 0 native plugins for Editor in 0.00 ms.
Unloading 37 Unused Serialized files (Serialized files now loaded: 0)
Unloading 7508 unused Assets / (9.9 MB). Loaded Objects now: 8533.
Memory consumption went from 253.3 MB to 243.4 MB.
Total: 11.665800 ms (FindLiveObjects: 0.845100 ms CreateObjectMapping: 1.034500 ms MarkObjects: 4.962100 ms  DeleteObjects: 4.823300 ms)

Prepare: number of updated asset objects reloaded= 0
========================================================================
Received Prepare
Refreshing native plugins compatible for Editor in 12.62 ms, found 12 plugins.
Preloading 0 native plugins for Editor in 0.00 ms.
Unloading 37 Unused Serialized files (Serialized files now loaded: 0)
Unloading 7444 unused Assets / (9.8 MB). Loaded Objects now: 8521.
Memory consumption went from 207.3 MB to 197.5 MB.
Total: 16.394300 ms (FindLiveObjects: 1.501100 ms CreateObjectMapping: 2.002100 ms MarkObjects: 6.813900 ms  DeleteObjects: 6.076100 ms)

Prepare: number of updated asset objects reloaded= 0
========================================================================
Received Prepare
Refreshing native plugins compatible for Editor in 9.52 ms, found 12 plugins.
Preloading 0 native plugins for Editor in 0.00 ms.
Unloading 37 Unused Serialized files (Serialized files now loaded: 0)
Unloading 7444 unused Assets / (8.3 MB). Loaded Objects now: 8521.
Memory consumption went from 206.7 MB to 198.3 MB.
Total: 12.166400 ms (FindLiveObjects: 0.843400 ms CreateObjectMapping: 0.902000 ms MarkObjects: 6.664600 ms  DeleteObjects: 3.755400 ms)

Prepare: number of updated asset objects reloaded= 0
========================================================================
Received Prepare
Begin MonoManager ReloadAssembly
- Loaded All Assemblies, in  0.775 seconds
Refreshing native plugins compatible for Editor in 10.06 ms, found 12 plugins.
Native extension for iOS target not found
Native extension for Android target not found
Native extension for UWP target not found
Native extension for WindowsStandalone target not found
[Package Manager] Failed to launch server process. Reason: Unity was launched with the -noUpm command-line argument
[Package Manager] Unable to send message (not connected to server process).
[Package Manager] Cannot connect to Unity Package Manager local server
[Package Manager] Failed to launch server process. Reason: Unity was launched with the -noUpm command-line argument
[Package Manager] Unable to send message (not connected to server process).
[Package Manager] Cannot connect to Unity Package Manager local server
Mono: successfully reloaded assembly
[Package Manager] Failed to launch server process. Reason: Unity was launched with the -noUpm command-line argument
[Package Manager] Unable to send message (not connected to server process).
[Package Manager] Cannot connect to Unity Package Manager local server
- Finished resetting the current domain, in  0.772 seconds
Domain Reload Profiling: 1551ms
	BeginReloadAssembly (207ms)
		ExecutionOrderSort (0ms)
		DisableScriptedObjects (5ms)
		BackupInstance (0ms)
		ReleaseScriptingObjects (0ms)
		CreateAndSetChildDomain (48ms)
	RebuildCommonClasses (28ms)
	RebuildNativeTypeToScriptingClass (11ms)
	initialDomainReloadingComplete (26ms)
	LoadAllAssembliesAndSetupDomain (507ms)
		LoadAssemblies (384ms)
		RebuildTransferFunctionScriptingTraits (0ms)
		AnalyzeDomain (226ms)
			TypeCache.Refresh (9ms)
				TypeCache.ScanAssembly (1ms)
			BuildScriptInfoCaches (197ms)
			ResolveRequiredComponents (15ms)
	FinalizeReload (772ms)
		ReleaseScriptCaches (0ms)
		RebuildScriptCaches (0ms)
		SetupLoadedEditorAssemblies (626ms)
			LogAssemblyErrors (0ms)
			InitializePlatformSupportModulesInManaged (14ms)
			SetLoadedEditorAssemblies (4ms)
			BeforeProcessingInitializeOnLoad (100ms)
			ProcessInitializeOnLoadAttributes (390ms)
			ProcessInitializeOnLoadMethodAttributes (116ms)
			AfterProcessingInitializeOnLoad (2ms)
			EditorAssembliesLoaded (0ms)
		ExecutionOrderSort2 (0ms)
		AwakeInstancesAfterBackupRestoration (12ms)
Refreshing native plugins compatible for Editor in 9.50 ms, found 12 plugins.
Preloading 0 native plugins for Editor in 0.00 ms.
Unloading 37 Unused Serialized files (Serialized files now loaded: 0)
Unloading 7508 unused Assets / (9.5 MB). Loaded Objects now: 8536.
Memory consumption went from 253.4 MB to 243.9 MB.
Total: 11.771200 ms (FindLiveObjects: 0.868600 ms CreateObjectMapping: 0.954000 ms MarkObjects: 4.978000 ms  DeleteObjects: 4.969800 ms)

Prepare: number of updated asset objects reloaded= 0
========================================================================
Received Prepare
Begin MonoManager ReloadAssembly
- Loaded All Assemblies, in  0.738 seconds
Refreshing native plugins compatible for Editor in 10.45 ms, found 12 plugins.
Native extension for iOS target not found
Native extension for Android target not found
Native extension for UWP target not found
Native extension for WindowsStandalone target not found
[Package Manager] Failed to launch server process. Reason: Unity was launched with the -noUpm command-line argument
[Package Manager] Unable to send message (not connected to server process).
[Package Manager] Cannot connect to Unity Package Manager local server
[Package Manager] Failed to launch server process. Reason: Unity was launched with the -noUpm command-line argument
[Package Manager] Unable to send message (not connected to server process).
[Package Manager] Cannot connect to Unity Package Manager local server
Mono: successfully reloaded assembly
[Package Manager] Failed to launch server process. Reason: Unity was launched with the -noUpm command-line argument
[Package Manager] Unable to send message (not connected to server process).
[Package Manager] Cannot connect to Unity Package Manager local server
- Finished resetting the current domain, in  0.820 seconds
Domain Reload Profiling: 1561ms
	BeginReloadAssembly (208ms)
		ExecutionOrderSort (0ms)
		DisableScriptedObjects (6ms)
		BackupInstance (0ms)
		ReleaseScriptingObjects (0ms)
		CreateAndSetChildDomain (54ms)
	RebuildCommonClasses (28ms)
	RebuildNativeTypeToScriptingClass (10ms)
	initialDomainReloadingComplete (23ms)
	LoadAllAssembliesAndSetupDomain (472ms)
		LoadAssemblies (368ms)
		RebuildTransferFunctionScriptingTraits (0ms)
		AnalyzeDomain (203ms)
			TypeCache.Refresh (8ms)
				TypeCache.ScanAssembly (0ms)
			BuildScriptInfoCaches (179ms)
			ResolveRequiredComponents (12ms)
	FinalizeReload (821ms)
		ReleaseScriptCaches (0ms)
		RebuildScriptCaches (0ms)
		SetupLoadedEditorAssemblies (675ms)
			LogAssemblyErrors (0ms)
			InitializePlatformSupportModulesInManaged (18ms)
			SetLoadedEditorAssemblies (4ms)
			BeforeProcessingInitializeOnLoad (107ms)
			ProcessInitializeOnLoadAttributes (422ms)
			ProcessInitializeOnLoadMethodAttributes (120ms)
			AfterProcessingInitializeOnLoad (2ms)
			EditorAssembliesLoaded (0ms)
		ExecutionOrderSort2 (0ms)
		AwakeInstancesAfterBackupRestoration (10ms)
Refreshing native plugins compatible for Editor in 11.28 ms, found 12 plugins.
Preloading 0 native plugins for Editor in 0.00 ms.
Unloading 37 Unused Serialized files (Serialized files now loaded: 0)
Unloading 7508 unused Assets / (9.5 MB). Loaded Objects now: 8539.
Memory consumption went from 253.4 MB to 243.9 MB.
Total: 11.253600 ms (FindLiveObjects: 0.837800 ms CreateObjectMapping: 0.959400 ms MarkObjects: 4.734900 ms  DeleteObjects: 4.720900 ms)

Prepare: number of updated asset objects reloaded= 0
========================================================================
Received Prepare
Begin MonoManager ReloadAssembly
- Loaded All Assemblies, in  0.829 seconds
Refreshing native plugins compatible for Editor in 8.33 ms, found 12 plugins.
Native extension for iOS target not found
Native extension for Android target not found
Native extension for UWP target not found
Native extension for WindowsStandalone target not found
[Package Manager] Failed to launch server process. Reason: Unity was launched with the -noUpm command-line argument
[Package Manager] Unable to send message (not connected to server process).
[Package Manager] Cannot connect to Unity Package Manager local server
[Package Manager] Failed to launch server process. Reason: Unity was launched with the -noUpm command-line argument
[Package Manager] Unable to send message (not connected to server process).
[Package Manager] Cannot connect to Unity Package Manager local server
Mono: successfully reloaded assembly
[Package Manager] Failed to launch server process. Reason: Unity was launched with the -noUpm command-line argument
[Package Manager] Unable to send message (not connected to server process).
[Package Manager] Cannot connect to Unity Package Manager local server
- Finished resetting the current domain, in  0.794 seconds
Domain Reload Profiling: 1626ms
	BeginReloadAssembly (209ms)
		ExecutionOrderSort (0ms)
		DisableScriptedObjects (6ms)
		BackupInstance (0ms)
		ReleaseScriptingObjects (0ms)
		CreateAndSetChildDomain (48ms)
	RebuildCommonClasses (30ms)
	RebuildNativeTypeToScriptingClass (11ms)
	initialDomainReloadingComplete (22ms)
	LoadAllAssembliesAndSetupDomain (560ms)
		LoadAssemblies (455ms)
		RebuildTransferFunctionScriptingTraits (0ms)
		AnalyzeDomain (205ms)
			TypeCache.Refresh (8ms)
				TypeCache.ScanAssembly (0ms)
			BuildScriptInfoCaches (180ms)
			ResolveRequiredComponents (12ms)
	FinalizeReload (794ms)
		ReleaseScriptCaches (0ms)
		RebuildScriptCaches (0ms)
		SetupLoadedEditorAssemblies (650ms)
			LogAssemblyErrors (0ms)
			InitializePlatformSupportModulesInManaged (13ms)
			SetLoadedEditorAssemblies (4ms)
			BeforeProcessingInitializeOnLoad (111ms)
			ProcessInitializeOnLoadAttributes (384ms)
			ProcessInitializeOnLoadMethodAttributes (135ms)
			AfterProcessingInitializeOnLoad (2ms)
			EditorAssembliesLoaded (0ms)
		ExecutionOrderSort2 (0ms)
		AwakeInstancesAfterBackupRestoration (12ms)
Refreshing native plugins compatible for Editor in 8.83 ms, found 12 plugins.
Preloading 0 native plugins for Editor in 0.00 ms.
Unloading 37 Unused Serialized files (Serialized files now loaded: 0)
Unloading 7508 unused Assets / (9.9 MB). Loaded Objects now: 8542.
Memory consumption went from 253.4 MB to 243.5 MB.
Total: 11.986400 ms (FindLiveObjects: 0.850100 ms CreateObjectMapping: 1.023500 ms MarkObjects: 4.777100 ms  DeleteObjects: 5.334600 ms)

Prepare: number of updated asset objects reloaded= 0
========================================================================
Received Prepare
Begin MonoManager ReloadAssembly
- Loaded All Assemblies, in  0.706 seconds
Refreshing native plugins compatible for Editor in 10.09 ms, found 12 plugins.
Native extension for iOS target not found
Native extension for Android target not found
Native extension for UWP target not found
Native extension for WindowsStandalone target not found
[Package Manager] Failed to launch server process. Reason: Unity was launched with the -noUpm command-line argument
[Package Manager] Unable to send message (not connected to server process).
[Package Manager] Cannot connect to Unity Package Manager local server
[Package Manager] Failed to launch server process. Reason: Unity was launched with the -noUpm command-line argument
[Package Manager] Unable to send message (not connected to server process).
[Package Manager] Cannot connect to Unity Package Manager local server
Mono: successfully reloaded assembly
[Package Manager] Failed to launch server process. Reason: Unity was launched with the -noUpm command-line argument
[Package Manager] Unable to send message (not connected to server process).
[Package Manager] Cannot connect to Unity Package Manager local server
- Finished resetting the current domain, in  0.764 seconds
Domain Reload Profiling: 1473ms
	BeginReloadAssembly (212ms)
		ExecutionOrderSort (0ms)
		DisableScriptedObjects (6ms)
		BackupInstance (0ms)
		ReleaseScriptingObjects (0ms)
		CreateAndSetChildDomain (50ms)
	RebuildCommonClasses (29ms)
	RebuildNativeTypeToScriptingClass (11ms)
	initialDomainReloadingComplete (22ms)
	LoadAllAssembliesAndSetupDomain (434ms)
		LoadAssemblies (349ms)
		RebuildTransferFunctionScriptingTraits (0ms)
		AnalyzeDomain (185ms)
			TypeCache.Refresh (7ms)
				TypeCache.ScanAssembly (0ms)
			BuildScriptInfoCaches (162ms)
			ResolveRequiredComponents (12ms)
	FinalizeReload (764ms)
		ReleaseScriptCaches (0ms)
		RebuildScriptCaches (0ms)
		SetupLoadedEditorAssemblies (617ms)
			LogAssemblyErrors (0ms)
			InitializePlatformSupportModulesInManaged (13ms)
			SetLoadedEditorAssemblies (4ms)
			BeforeProcessingInitializeOnLoad (99ms)
			ProcessInitializeOnLoadAttributes (381ms)
			ProcessInitializeOnLoadMethodAttributes (118ms)
			AfterProcessingInitializeOnLoad (2ms)
			EditorAssembliesLoaded (0ms)
		ExecutionOrderSort2 (0ms)
		AwakeInstancesAfterBackupRestoration (12ms)
Refreshing native plugins compatible for Editor in 10.77 ms, found 12 plugins.
Preloading 0 native plugins for Editor in 0.00 ms.
Unloading 37 Unused Serialized files (Serialized files now loaded: 0)
Unloading 7508 unused Assets / (9.1 MB). Loaded Objects now: 8545.
Memory consumption went from 253.5 MB to 244.4 MB.
Total: 12.091900 ms (FindLiveObjects: 0.907200 ms CreateObjectMapping: 0.956900 ms MarkObjects: 4.976000 ms  DeleteObjects: 5.250800 ms)

Prepare: number of updated asset objects reloaded= 0
========================================================================
Received Prepare
Begin MonoManager ReloadAssembly
- Loaded All Assemblies, in  0.698 seconds
Refreshing native plugins compatible for Editor in 8.90 ms, found 12 plugins.
Native extension for iOS target not found
Native extension for Android target not found
Native extension for UWP target not found
Native extension for WindowsStandalone target not found
[Package Manager] Failed to launch server process. Reason: Unity was launched with the -noUpm command-line argument
[Package Manager] Unable to send message (not connected to server process).
[Package Manager] Cannot connect to Unity Package Manager local server
[Package Manager] Failed to launch server process. Reason: Unity was launched with the -noUpm command-line argument
[Package Manager] Unable to send message (not connected to server process).
[Package Manager] Cannot connect to Unity Package Manager local server
Mono: successfully reloaded assembly
[Package Manager] Failed to launch server process. Reason: Unity was launched with the -noUpm command-line argument
[Package Manager] Unable to send message (not connected to server process).
[Package Manager] Cannot connect to Unity Package Manager local server
- Finished resetting the current domain, in  0.767 seconds
Domain Reload Profiling: 1468ms
	BeginReloadAssembly (207ms)
		ExecutionOrderSort (0ms)
		DisableScriptedObjects (5ms)
		BackupInstance (0ms)
		ReleaseScriptingObjects (0ms)
		CreateAndSetChildDomain (47ms)
	RebuildCommonClasses (29ms)
	RebuildNativeTypeToScriptingClass (11ms)
	initialDomainReloadingComplete (22ms)
	LoadAllAssembliesAndSetupDomain (430ms)
		LoadAssemblies (354ms)
		RebuildTransferFunctionScriptingTraits (0ms)
		AnalyzeDomain (181ms)
			TypeCache.Refresh (7ms)
				TypeCache.ScanAssembly (0ms)
			BuildScriptInfoCaches (158ms)
			ResolveRequiredComponents (12ms)
	FinalizeReload (768ms)
		ReleaseScriptCaches (0ms)
		RebuildScriptCaches (0ms)
		SetupLoadedEditorAssemblies (617ms)
			LogAssemblyErrors (0ms)
			InitializePlatformSupportModulesInManaged (14ms)
			SetLoadedEditorAssemblies (4ms)
			BeforeProcessingInitializeOnLoad (100ms)
			ProcessInitializeOnLoadAttributes (379ms)
			ProcessInitializeOnLoadMethodAttributes (118ms)
			AfterProcessingInitializeOnLoad (2ms)
			EditorAssembliesLoaded (0ms)
		ExecutionOrderSort2 (0ms)
		AwakeInstancesAfterBackupRestoration (12ms)
Refreshing native plugins compatible for Editor in 9.58 ms, found 12 plugins.
Preloading 0 native plugins for Editor in 0.00 ms.
Unloading 37 Unused Serialized files (Serialized files now loaded: 0)
Unloading 7508 unused Assets / (10.1 MB). Loaded Objects now: 8548.
Memory consumption went from 253.5 MB to 243.4 MB.
Total: 13.019700 ms (FindLiveObjects: 0.899100 ms CreateObjectMapping: 1.012400 ms MarkObjects: 5.748400 ms  DeleteObjects: 5.358800 ms)

Prepare: number of updated asset objects reloaded= 0
